           x            y        Depth Vol.P.Density
          mm           mm           mm        W/mm^3
-5.10000e-01 -2.10000e-01  0.00000e+00     0.000e+00
-4.08000e-01 -2.10000e-01  0.00000e+00     0.000e+00
-3.06000e-01 -2.10000e-01  0.00000e+00     0.000e+00
-2.04000e-01 -2.10000e-01  0.00000e+00     0.000e+00
-1.02000e-01 -2.10000e-01  0.00000e+00     0.000e+00
 0.00000e+00 -2.10000e-01  0.00000e+00     0.000e+00
 1.02000e-01 -2.10000e-01  0.00000e+00     0.000e+00
 2.04000e-01 -2.10000e-01  0.00000e+00     0.000e+00
 3.06000e-01 -2.10000e-01  0.00000e+00     0.000e+00
 4.08000e-01 -2.10000e-01  0.00000e+00     0.000e+00
 5.10000e-01 -2.10000e-01  0.00000e+00     0.000e+00
-5.10000e-01 -1.68000e-01  0.00000e+00     0.000e+00
-4.08000e-01 -1.68000e-01  0.00000e+00     2.353e-02
-3.06000e-01 -1.68000e-01  0.00000e+00     2.353e-02
-2.04000e-01 -1.68000e-01  0.00000e+00     2.353e-02
-1.02000e-01 -1.68000e-01  0.00000e+00     2.353e-02
 0.00000e+00 -1.68000e-01  0.00000e+00     2.353e-02
 1.02000e-01 -1.68000e-01  0.00000e+00     2.353e-02
 2.04000e-01 -1.68000e-01  0.00000e+00     2.353e-02
 3.06000e-01 -1.68000e-01  0.00000e+00     2.353e-02
 4.08000e-01 -1.68000e-01  0.00000e+00     2.353e-02
 5.10000e-01 -1.68000e-01  0.00000e+00     0.000e+00
-5.10000e-01 -1.26000e-01  0.00000e+00     0.000e+00
-4.08000e-01 -1.26000e-01  0.00000e+00     2.358e-02
-3.06000e-01 -1.26000e-01  0.00000e+00     2.358e-02
-2.04000e-01 -1.26000e-01  0.00000e+00     2.358e-02
-1.02000e-01 -1.26000e-01  0.00000e+00     2.358e-02
 0.00000e+00 -1.26000e-01  0.00000e+00     2.358e-02
 1.02000e-01 -1.26000e-01  0.00000e+00     2.358e-02
 2.04000e-01 -1.26000e-01  0.00000e+00     2.358e-02
 3.06000e-01 -1.26000e-01  0.00000e+00     2.358e-02
 4.08000e-01 -1.26000e-01  0.00000e+00     2.358e-02
 5.10000e-01 -1.26000e-01  0.00000e+00     0.000e+00
-5.10000e-01 -8.40000e-02  0.00000e+00     0.000e+00
-4.08000e-01 -8.40000e-02  0.00000e+00     2.361e-02
-3.06000e-01 -8.40000e-02  0.00000e+00     2.361e-02
-2.04000e-01 -8.40000e-02  0.00000e+00     2.361e-02
-1.02000e-01 -8.40000e-02  0.00000e+00     2.361e-02
 0.00000e+00 -8.40000e-02  0.00000e+00     2.361e-02
 1.02000e-01 -8.40000e-02  0.00000e+00     2.361e-02
 2.04000e-01 -8.40000e-02  0.00000e+00     2.361e-02
 3.06000e-01 -8.40000e-02  0.00000e+00     2.361e-02
 4.08000e-01 -8.40000e-02  0.00000e+00     2.361e-02
 5.10000e-01 -8.40000e-02  0.00000e+00     0.000e+00
-5.10000e-01 -4.20000e-02  0.00000e+00     0.000e+00
-4.08000e-01 -4.20000e-02  0.00000e+00     2.363e-02
-3.06000e-01 -4.20000e-02  0.00000e+00     2.363e-02
-2.04000e-01 -4.20000e-02  0.00000e+00     2.363e-02
-1.02000e-01 -4.20000e-02  0.00000e+00     2.363e-02
 0.00000e+00 -4.20000e-02  0.00000e+00     2.363e-02
 1.02000e-01 -4.20000e-02  0.00000e+00     2.363e-02
 2.04000e-01 -4.20000e-02  0.00000e+00     2.363e-02
 3.06000e-01 -4.20000e-02  0.00000e+00     2.363e-02
 4.08000e-01 -4.20000e-02  0.00000e+00     2.363e-02
 5.10000e-01 -4.20000e-02  0.00000e+00     0.000e+00
-5.10000e-01  0.00000e+00  0.00000e+00     0.000e+00
-4.08000e-01  0.00000e+00  0.00000e+00     2.364e-02
-3.06000e-01  0.00000e+00  0.00000e+00     2.364e-02
-2.04000e-01  0.00000e+00  0.00000e+00     2.364e-02
-1.02000e-01  0.00000e+00  0.00000e+00     2.364e-02
 0.00000e+00  0.00000e+00  0.00000e+00     2.364e-02
 1.02000e-01  0.00000e+00  0.00000e+00     2.364e-02
 2.04000e-01  0.00000e+00  0.00000e+00     2.364e-02
 3.06000e-01  0.00000e+00  0.00000e+00     2.364e-02
 4.08000e-01  0.00000e+00  0.00000e+00     2.364e-02
 5.10000e-01  0.00000e+00  0.00000e+00     0.000e+00
-5.10000e-01  4.20000e-02  0.00000e+00     0.000e+00
-4.08000e-01  4.20000e-02  0.00000e+00     2.363e-02
-3.06000e-01  4.20000e-02  0.00000e+00     2.363e-02
-2.04000e-01  4.20000e-02  0.00000e+00     2.363e-02
-1.02000e-01  4.20000e-02  0.00000e+00     2.363e-02
 0.00000e+00  4.20000e-02  0.00000e+00     2.363e-02
 1.02000e-01  4.20000e-02  0.00000e+00     2.363e-02
 2.04000e-01  4.20000e-02  0.00000e+00     2.363e-02
 3.06000e-01  4.20000e-02  0.00000e+00     2.363e-02
 4.08000e-01  4.20000e-02  0.00000e+00     2.363e-02
 5.10000e-01  4.20000e-02  0.00000e+00     0.000e+00
-5.10000e-01  8.40000e-02  0.00000e+00     0.000e+00
-4.08000e-01  8.40000e-02  0.00000e+00     2.361e-02
-3.06000e-01  8.40000e-02  0.00000e+00     2.361e-02
-2.04000e-01  8.40000e-02  0.00000e+00     2.361e-02
-1.02000e-01  8.40000e-02  0.00000e+00     2.361e-02
 0.00000e+00  8.40000e-02  0.00000e+00     2.361e-02
 1.02000e-01  8.40000e-02  0.00000e+00     2.361e-02
 2.04000e-01  8.40000e-02  0.00000e+00     2.361e-02
 3.06000e-01  8.40000e-02  0.00000e+00     2.361e-02
 4.08000e-01  8.40000e-02  0.00000e+00     2.361e-02
 5.10000e-01  8.40000e-02  0.00000e+00     0.000e+00
-5.10000e-01  1.26000e-01  0.00000e+00     0.000e+00
-4.08000e-01  1.26000e-01  0.00000e+00     2.358e-02
-3.06000e-01  1.26000e-01  0.00000e+00     2.358e-02
-2.04000e-01  1.26000e-01  0.00000e+00     2.358e-02
-1.02000e-01  1.26000e-01  0.00000e+00     2.358e-02
 0.00000e+00  1.26000e-01  0.00000e+00     2.358e-02
 1.02000e-01  1.26000e-01  0.00000e+00     2.358e-02
 2.04000e-01  1.26000e-01  0.00000e+00     2.358e-02
 3.06000e-01  1.26000e-01  0.00000e+00     2.358e-02
 4.08000e-01  1.26000e-01  0.00000e+00     2.358e-02
 5.10000e-01  1.26000e-01  0.00000e+00     0.000e+00
-5.10000e-01  1.68000e-01  0.00000e+00     0.000e+00
-4.08000e-01  1.68000e-01  0.00000e+00     2.353e-02
-3.06000e-01  1.68000e-01  0.00000e+00     2.353e-02
-2.04000e-01  1.68000e-01  0.00000e+00     2.353e-02
-1.02000e-01  1.68000e-01  0.00000e+00     2.353e-02
 0.00000e+00  1.68000e-01  0.00000e+00     2.353e-02
 1.02000e-01  1.68000e-01  0.00000e+00     2.353e-02
 2.04000e-01  1.68000e-01  0.00000e+00     2.353e-02
 3.06000e-01  1.68000e-01  0.00000e+00     2.353e-02
 4.08000e-01  1.68000e-01  0.00000e+00     2.353e-02
 5.10000e-01  1.68000e-01  0.00000e+00     0.000e+00
-5.10000e-01  2.10000e-01  0.00000e+00     0.000e+00
-4.08000e-01  2.10000e-01  0.00000e+00     0.000e+00
-3.06000e-01  2.10000e-01  0.00000e+00     0.000e+00
-2.04000e-01  2.10000e-01  0.00000e+00     0.000e+00
-1.02000e-01  2.10000e-01  0.00000e+00     0.000e+00
 0.00000e+00  2.10000e-01  0.00000e+00     0.000e+00
 1.02000e-01  2.10000e-01  0.00000e+00     0.000e+00
 2.04000e-01  2.10000e-01  0.00000e+00     0.000e+00
 3.06000e-01  2.10000e-01  0.00000e+00     0.000e+00
 4.08000e-01  2.10000e-01  0.00000e+00     0.000e+00
 5.10000e-01  2.10000e-01  0.00000e+00     0.000e+00
-5.10000e-01 -2.10000e-01  3.62727e-03     0.000e+00
-4.08000e-01 -2.10000e-01  3.62727e-03     0.000e+00
-3.06000e-01 -2.10000e-01  3.62727e-03     0.000e+00
-2.04000e-01 -2.10000e-01  3.62727e-03     0.000e+00
-1.02000e-01 -2.10000e-01  3.62727e-03     0.000e+00
 0.00000e+00 -2.10000e-01  3.62727e-03     0.000e+00
 1.02000e-01 -2.10000e-01  3.62727e-03     0.000e+00
 2.04000e-01 -2.10000e-01  3.62727e-03     0.000e+00
 3.06000e-01 -2.10000e-01  3.62727e-03     0.000e+00
 4.08000e-01 -2.10000e-01  3.62727e-03     0.000e+00
 5.10000e-01 -2.10000e-01  3.62727e-03     0.000e+00
-5.10000e-01 -1.68000e-01  3.62727e-03     0.000e+00
-4.08000e-01 -1.68000e-01  3.62727e-03     1.923e-02
-3.06000e-01 -1.68000e-01  3.62727e-03     1.923e-02
-2.04000e-01 -1.68000e-01  3.62727e-03     1.923e-02
-1.02000e-01 -1.68000e-01  3.62727e-03     1.923e-02
 0.00000e+00 -1.68000e-01  3.62727e-03     1.923e-02
 1.02000e-01 -1.68000e-01  3.62727e-03     1.923e-02
 2.04000e-01 -1.68000e-01  3.62727e-03     1.923e-02
 3.06000e-01 -1.68000e-01  3.62727e-03     1.923e-02
 4.08000e-01 -1.68000e-01  3.62727e-03     1.923e-02
 5.10000e-01 -1.68000e-01  3.62727e-03     0.000e+00
-5.10000e-01 -1.26000e-01  3.62727e-03     0.000e+00
-4.08000e-01 -1.26000e-01  3.62727e-03     1.927e-02
-3.06000e-01 -1.26000e-01  3.62727e-03     1.927e-02
-2.04000e-01 -1.26000e-01  3.62727e-03     1.927e-02
-1.02000e-01 -1.26000e-01  3.62727e-03     1.927e-02
 0.00000e+00 -1.26000e-01  3.62727e-03     1.927e-02
 1.02000e-01 -1.26000e-01  3.62727e-03     1.927e-02
 2.04000e-01 -1.26000e-01  3.62727e-03     1.927e-02
 3.06000e-01 -1.26000e-01  3.62727e-03     1.927e-02
 4.08000e-01 -1.26000e-01  3.62727e-03     1.927e-02
 5.10000e-01 -1.26000e-01  3.62727e-03     0.000e+00
-5.10000e-01 -8.40000e-02  3.62727e-03     0.000e+00
-4.08000e-01 -8.40000e-02  3.62727e-03     1.930e-02
-3.06000e-01 -8.40000e-02  3.62727e-03     1.930e-02
-2.04000e-01 -8.40000e-02  3.62727e-03     1.930e-02
-1.02000e-01 -8.40000e-02  3.62727e-03     1.930e-02
 0.00000e+00 -8.40000e-02  3.62727e-03     1.930e-02
 1.02000e-01 -8.40000e-02  3.62727e-03     1.930e-02
 2.04000e-01 -8.40000e-02  3.62727e-03     1.930e-02
 3.06000e-01 -8.40000e-02  3.62727e-03     1.930e-02
 4.08000e-01 -8.40000e-02  3.62727e-03     1.930e-02
 5.10000e-01 -8.40000e-02  3.62727e-03     0.000e+00
-5.10000e-01 -4.20000e-02  3.62727e-03     0.000e+00
-4.08000e-01 -4.20000e-02  3.62727e-03     1.932e-02
-3.06000e-01 -4.20000e-02  3.62727e-03     1.932e-02
-2.04000e-01 -4.20000e-02  3.62727e-03     1.932e-02
-1.02000e-01 -4.20000e-02  3.62727e-03     1.932e-02
 0.00000e+00 -4.20000e-02  3.62727e-03     1.932e-02
 1.02000e-01 -4.20000e-02  3.62727e-03     1.932e-02
 2.04000e-01 -4.20000e-02  3.62727e-03     1.932e-02
 3.06000e-01 -4.20000e-02  3.62727e-03     1.932e-02
 4.08000e-01 -4.20000e-02  3.62727e-03     1.932e-02
 5.10000e-01 -4.20000e-02  3.62727e-03     0.000e+00
-5.10000e-01  0.00000e+00  3.62727e-03     0.000e+00
-4.08000e-01  0.00000e+00  3.62727e-03     1.932e-02
-3.06000e-01  0.00000e+00  3.62727e-03     1.932e-02
-2.04000e-01  0.00000e+00  3.62727e-03     1.932e-02
-1.02000e-01  0.00000e+00  3.62727e-03     1.932e-02
 0.00000e+00  0.00000e+00  3.62727e-03     1.932e-02
 1.02000e-01  0.00000e+00  3.62727e-03     1.932e-02
 2.04000e-01  0.00000e+00  3.62727e-03     1.932e-02
 3.06000e-01  0.00000e+00  3.62727e-03     1.932e-02
 4.08000e-01  0.00000e+00  3.62727e-03     1.932e-02
 5.10000e-01  0.00000e+00  3.62727e-03     0.000e+00
-5.10000e-01  4.20000e-02  3.62727e-03     0.000e+00
-4.08000e-01  4.20000e-02  3.62727e-03     1.932e-02
-3.06000e-01  4.20000e-02  3.62727e-03     1.932e-02
-2.04000e-01  4.20000e-02  3.62727e-03     1.932e-02
-1.02000e-01  4.20000e-02  3.62727e-03     1.932e-02
 0.00000e+00  4.20000e-02  3.62727e-03     1.932e-02
 1.02000e-01  4.20000e-02  3.62727e-03     1.932e-02
 2.04000e-01  4.20000e-02  3.62727e-03     1.932e-02
 3.06000e-01  4.20000e-02  3.62727e-03     1.932e-02
 4.08000e-01  4.20000e-02  3.62727e-03     1.932e-02
 5.10000e-01  4.20000e-02  3.62727e-03     0.000e+00
-5.10000e-01  8.40000e-02  3.62727e-03     0.000e+00
-4.08000e-01  8.40000e-02  3.62727e-03     1.930e-02
-3.06000e-01  8.40000e-02  3.62727e-03     1.930e-02
-2.04000e-01  8.40000e-02  3.62727e-03     1.930e-02
-1.02000e-01  8.40000e-02  3.62727e-03     1.930e-02
 0.00000e+00  8.40000e-02  3.62727e-03     1.930e-02
 1.02000e-01  8.40000e-02  3.62727e-03     1.930e-02
 2.04000e-01  8.40000e-02  3.62727e-03     1.930e-02
 3.06000e-01  8.40000e-02  3.62727e-03     1.930e-02
 4.08000e-01  8.40000e-02  3.62727e-03     1.930e-02
 5.10000e-01  8.40000e-02  3.62727e-03     0.000e+00
-5.10000e-01  1.26000e-01  3.62727e-03     0.000e+00
-4.08000e-01  1.26000e-01  3.62727e-03     1.927e-02
-3.06000e-01  1.26000e-01  3.62727e-03     1.927e-02
-2.04000e-01  1.26000e-01  3.62727e-03     1.927e-02
-1.02000e-01  1.26000e-01  3.62727e-03     1.927e-02
 0.00000e+00  1.26000e-01  3.62727e-03     1.927e-02
 1.02000e-01  1.26000e-01  3.62727e-03     1.927e-02
 2.04000e-01  1.26000e-01  3.62727e-03     1.927e-02
 3.06000e-01  1.26000e-01  3.62727e-03     1.927e-02
 4.08000e-01  1.26000e-01  3.62727e-03     1.927e-02
 5.10000e-01  1.26000e-01  3.62727e-03     0.000e+00
-5.10000e-01  1.68000e-01  3.62727e-03     0.000e+00
-4.08000e-01  1.68000e-01  3.62727e-03     1.923e-02
-3.06000e-01  1.68000e-01  3.62727e-03     1.923e-02
-2.04000e-01  1.68000e-01  3.62727e-03     1.923e-02
-1.02000e-01  1.68000e-01  3.62727e-03     1.923e-02
 0.00000e+00  1.68000e-01  3.62727e-03     1.923e-02
 1.02000e-01  1.68000e-01  3.62727e-03     1.923e-02
 2.04000e-01  1.68000e-01  3.62727e-03     1.923e-02
 3.06000e-01  1.68000e-01  3.62727e-03     1.923e-02
 4.08000e-01  1.68000e-01  3.62727e-03     1.923e-02
 5.10000e-01  1.68000e-01  3.62727e-03     0.000e+00
-5.10000e-01  2.10000e-01  3.62727e-03     0.000e+00
-4.08000e-01  2.10000e-01  3.62727e-03     0.000e+00
-3.06000e-01  2.10000e-01  3.62727e-03     0.000e+00
-2.04000e-01  2.10000e-01  3.62727e-03     0.000e+00
-1.02000e-01  2.10000e-01  3.62727e-03     0.000e+00
 0.00000e+00  2.10000e-01  3.62727e-03     0.000e+00
 1.02000e-01  2.10000e-01  3.62727e-03     0.000e+00
 2.04000e-01  2.10000e-01  3.62727e-03     0.000e+00
 3.06000e-01  2.10000e-01  3.62727e-03     0.000e+00
 4.08000e-01  2.10000e-01  3.62727e-03     0.000e+00
 5.10000e-01  2.10000e-01  3.62727e-03     0.000e+00
-5.10000e-01 -2.10000e-01  7.25455e-03     0.000e+00
-4.08000e-01 -2.10000e-01  7.25455e-03     0.000e+00
-3.06000e-01 -2.10000e-01  7.25455e-03     0.000e+00
-2.04000e-01 -2.10000e-01  7.25455e-03     0.000e+00
-1.02000e-01 -2.10000e-01  7.25455e-03     0.000e+00
 0.00000e+00 -2.10000e-01  7.25455e-03     0.000e+00
 1.02000e-01 -2.10000e-01  7.25455e-03     0.000e+00
 2.04000e-01 -2.10000e-01  7.25455e-03     0.000e+00
 3.06000e-01 -2.10000e-01  7.25455e-03     0.000e+00
 4.08000e-01 -2.10000e-01  7.25455e-03     0.000e+00
 5.10000e-01 -2.10000e-01  7.25455e-03     0.000e+00
-5.10000e-01 -1.68000e-01  7.25455e-03     0.000e+00
-4.08000e-01 -1.68000e-01  7.25455e-03     1.621e-02
-3.06000e-01 -1.68000e-01  7.25455e-03     1.621e-02
-2.04000e-01 -1.68000e-01  7.25455e-03     1.621e-02
-1.02000e-01 -1.68000e-01  7.25455e-03     1.621e-02
 0.00000e+00 -1.68000e-01  7.25455e-03     1.621e-02
 1.02000e-01 -1.68000e-01  7.25455e-03     1.621e-02
 2.04000e-01 -1.68000e-01  7.25455e-03     1.621e-02
 3.06000e-01 -1.68000e-01  7.25455e-03     1.621e-02
 4.08000e-01 -1.68000e-01  7.25455e-03     1.621e-02
 5.10000e-01 -1.68000e-01  7.25455e-03     0.000e+00
-5.10000e-01 -1.26000e-01  7.25455e-03     0.000e+00
-4.08000e-01 -1.26000e-01  7.25455e-03     1.625e-02
-3.06000e-01 -1.26000e-01  7.25455e-03     1.625e-02
-2.04000e-01 -1.26000e-01  7.25455e-03     1.625e-02
-1.02000e-01 -1.26000e-01  7.25455e-03     1.625e-02
 0.00000e+00 -1.26000e-01  7.25455e-03     1.625e-02
 1.02000e-01 -1.26000e-01  7.25455e-03     1.625e-02
 2.04000e-01 -1.26000e-01  7.25455e-03     1.625e-02
 3.06000e-01 -1.26000e-01  7.25455e-03     1.625e-02
 4.08000e-01 -1.26000e-01  7.25455e-03     1.625e-02
 5.10000e-01 -1.26000e-01  7.25455e-03     0.000e+00
-5.10000e-01 -8.40000e-02  7.25455e-03     0.000e+00
-4.08000e-01 -8.40000e-02  7.25455e-03     1.628e-02
-3.06000e-01 -8.40000e-02  7.25455e-03     1.628e-02
-2.04000e-01 -8.40000e-02  7.25455e-03     1.628e-02
-1.02000e-01 -8.40000e-02  7.25455e-03     1.628e-02
 0.00000e+00 -8.40000e-02  7.25455e-03     1.628e-02
 1.02000e-01 -8.40000e-02  7.25455e-03     1.628e-02
 2.04000e-01 -8.40000e-02  7.25455e-03     1.628e-02
 3.06000e-01 -8.40000e-02  7.25455e-03     1.628e-02
 4.08000e-01 -8.40000e-02  7.25455e-03     1.628e-02
 5.10000e-01 -8.40000e-02  7.25455e-03     0.000e+00
-5.10000e-01 -4.20000e-02  7.25455e-03     0.000e+00
-4.08000e-01 -4.20000e-02  7.25455e-03     1.629e-02
-3.06000e-01 -4.20000e-02  7.25455e-03     1.629e-02
-2.04000e-01 -4.20000e-02  7.25455e-03     1.629e-02
-1.02000e-01 -4.20000e-02  7.25455e-03     1.629e-02
 0.00000e+00 -4.20000e-02  7.25455e-03     1.629e-02
 1.02000e-01 -4.20000e-02  7.25455e-03     1.629e-02
 2.04000e-01 -4.20000e-02  7.25455e-03     1.629e-02
 3.06000e-01 -4.20000e-02  7.25455e-03     1.629e-02
 4.08000e-01 -4.20000e-02  7.25455e-03     1.629e-02
 5.10000e-01 -4.20000e-02  7.25455e-03     0.000e+00
-5.10000e-01  0.00000e+00  7.25455e-03     0.000e+00
-4.08000e-01  0.00000e+00  7.25455e-03     1.630e-02
-3.06000e-01  0.00000e+00  7.25455e-03     1.630e-02
-2.04000e-01  0.00000e+00  7.25455e-03     1.630e-02
-1.02000e-01  0.00000e+00  7.25455e-03     1.630e-02
 0.00000e+00  0.00000e+00  7.25455e-03     1.630e-02
 1.02000e-01  0.00000e+00  7.25455e-03     1.630e-02
 2.04000e-01  0.00000e+00  7.25455e-03     1.630e-02
 3.06000e-01  0.00000e+00  7.25455e-03     1.630e-02
 4.08000e-01  0.00000e+00  7.25455e-03     1.630e-02
 5.10000e-01  0.00000e+00  7.25455e-03     0.000e+00
-5.10000e-01  4.20000e-02  7.25455e-03     0.000e+00
-4.08000e-01  4.20000e-02  7.25455e-03     1.629e-02
-3.06000e-01  4.20000e-02  7.25455e-03     1.629e-02
-2.04000e-01  4.20000e-02  7.25455e-03     1.629e-02
-1.02000e-01  4.20000e-02  7.25455e-03     1.629e-02
 0.00000e+00  4.20000e-02  7.25455e-03     1.629e-02
 1.02000e-01  4.20000e-02  7.25455e-03     1.629e-02
 2.04000e-01  4.20000e-02  7.25455e-03     1.629e-02
 3.06000e-01  4.20000e-02  7.25455e-03     1.629e-02
 4.08000e-01  4.20000e-02  7.25455e-03     1.629e-02
 5.10000e-01  4.20000e-02  7.25455e-03     0.000e+00
-5.10000e-01  8.40000e-02  7.25455e-03     0.000e+00
-4.08000e-01  8.40000e-02  7.25455e-03     1.628e-02
-3.06000e-01  8.40000e-02  7.25455e-03     1.628e-02
-2.04000e-01  8.40000e-02  7.25455e-03     1.628e-02
-1.02000e-01  8.40000e-02  7.25455e-03     1.628e-02
 0.00000e+00  8.40000e-02  7.25455e-03     1.628e-02
 1.02000e-01  8.40000e-02  7.25455e-03     1.628e-02
 2.04000e-01  8.40000e-02  7.25455e-03     1.628e-02
 3.06000e-01  8.40000e-02  7.25455e-03     1.628e-02
 4.08000e-01  8.40000e-02  7.25455e-03     1.628e-02
 5.10000e-01  8.40000e-02  7.25455e-03     0.000e+00
-5.10000e-01  1.26000e-01  7.25455e-03     0.000e+00
-4.08000e-01  1.26000e-01  7.25455e-03     1.625e-02
-3.06000e-01  1.26000e-01  7.25455e-03     1.625e-02
-2.04000e-01  1.26000e-01  7.25455e-03     1.625e-02
-1.02000e-01  1.26000e-01  7.25455e-03     1.625e-02
 0.00000e+00  1.26000e-01  7.25455e-03     1.625e-02
 1.02000e-01  1.26000e-01  7.25455e-03     1.625e-02
 2.04000e-01  1.26000e-01  7.25455e-03     1.625e-02
 3.06000e-01  1.26000e-01  7.25455e-03     1.625e-02
 4.08000e-01  1.26000e-01  7.25455e-03     1.625e-02
 5.10000e-01  1.26000e-01  7.25455e-03     0.000e+00
-5.10000e-01  1.68000e-01  7.25455e-03     0.000e+00
-4.08000e-01  1.68000e-01  7.25455e-03     1.621e-02
-3.06000e-01  1.68000e-01  7.25455e-03     1.621e-02
-2.04000e-01  1.68000e-01  7.25455e-03     1.621e-02
-1.02000e-01  1.68000e-01  7.25455e-03     1.621e-02
 0.00000e+00  1.68000e-01  7.25455e-03     1.621e-02
 1.02000e-01  1.68000e-01  7.25455e-03     1.621e-02
 2.04000e-01  1.68000e-01  7.25455e-03     1.621e-02
 3.06000e-01  1.68000e-01  7.25455e-03     1.621e-02
 4.08000e-01  1.68000e-01  7.25455e-03     1.621e-02
 5.10000e-01  1.68000e-01  7.25455e-03     0.000e+00
-5.10000e-01  2.10000e-01  7.25455e-03     0.000e+00
-4.08000e-01  2.10000e-01  7.25455e-03     0.000e+00
-3.06000e-01  2.10000e-01  7.25455e-03     0.000e+00
-2.04000e-01  2.10000e-01  7.25455e-03     0.000e+00
-1.02000e-01  2.10000e-01  7.25455e-03     0.000e+00
 0.00000e+00  2.10000e-01  7.25455e-03     0.000e+00
 1.02000e-01  2.10000e-01  7.25455e-03     0.000e+00
 2.04000e-01  2.10000e-01  7.25455e-03     0.000e+00
 3.06000e-01  2.10000e-01  7.25455e-03     0.000e+00
 4.08000e-01  2.10000e-01  7.25455e-03     0.000e+00
 5.10000e-01  2.10000e-01  7.25455e-03     0.000e+00
-5.10000e-01 -2.10000e-01  1.08818e-02     0.000e+00
-4.08000e-01 -2.10000e-01  1.08818e-02     0.000e+00
-3.06000e-01 -2.10000e-01  1.08818e-02     0.000e+00
-2.04000e-01 -2.10000e-01  1.08818e-02     0.000e+00
-1.02000e-01 -2.10000e-01  1.08818e-02     0.000e+00
 0.00000e+00 -2.10000e-01  1.08818e-02     0.000e+00
 1.02000e-01 -2.10000e-01  1.08818e-02     0.000e+00
 2.04000e-01 -2.10000e-01  1.08818e-02     0.000e+00
 3.06000e-01 -2.10000e-01  1.08818e-02     0.000e+00
 4.08000e-01 -2.10000e-01  1.08818e-02     0.000e+00
 5.10000e-01 -2.10000e-01  1.08818e-02     0.000e+00
-5.10000e-01 -1.68000e-01  1.08818e-02     0.000e+00
-4.08000e-01 -1.68000e-01  1.08818e-02     1.399e-02
-3.06000e-01 -1.68000e-01  1.08818e-02     1.399e-02
-2.04000e-01 -1.68000e-01  1.08818e-02     1.399e-02
-1.02000e-01 -1.68000e-01  1.08818e-02     1.399e-02
 0.00000e+00 -1.68000e-01  1.08818e-02     1.399e-02
 1.02000e-01 -1.68000e-01  1.08818e-02     1.399e-02
 2.04000e-01 -1.68000e-01  1.08818e-02     1.399e-02
 3.06000e-01 -1.68000e-01  1.08818e-02     1.399e-02
 4.08000e-01 -1.68000e-01  1.08818e-02     1.399e-02
 5.10000e-01 -1.68000e-01  1.08818e-02     0.000e+00
-5.10000e-01 -1.26000e-01  1.08818e-02     0.000e+00
-4.08000e-01 -1.26000e-01  1.08818e-02     1.403e-02
-3.06000e-01 -1.26000e-01  1.08818e-02     1.403e-02
-2.04000e-01 -1.26000e-01  1.08818e-02     1.403e-02
-1.02000e-01 -1.26000e-01  1.08818e-02     1.403e-02
 0.00000e+00 -1.26000e-01  1.08818e-02     1.403e-02
 1.02000e-01 -1.26000e-01  1.08818e-02     1.403e-02
 2.04000e-01 -1.26000e-01  1.08818e-02     1.403e-02
 3.06000e-01 -1.26000e-01  1.08818e-02     1.403e-02
 4.08000e-01 -1.26000e-01  1.08818e-02     1.403e-02
 5.10000e-01 -1.26000e-01  1.08818e-02     0.000e+00
-5.10000e-01 -8.40000e-02  1.08818e-02     0.000e+00
-4.08000e-01 -8.40000e-02  1.08818e-02     1.405e-02
-3.06000e-01 -8.40000e-02  1.08818e-02     1.405e-02
-2.04000e-01 -8.40000e-02  1.08818e-02     1.405e-02
-1.02000e-01 -8.40000e-02  1.08818e-02     1.405e-02
 0.00000e+00 -8.40000e-02  1.08818e-02     1.405e-02
 1.02000e-01 -8.40000e-02  1.08818e-02     1.405e-02
 2.04000e-01 -8.40000e-02  1.08818e-02     1.405e-02
 3.06000e-01 -8.40000e-02  1.08818e-02     1.405e-02
 4.08000e-01 -8.40000e-02  1.08818e-02     1.405e-02
 5.10000e-01 -8.40000e-02  1.08818e-02     0.000e+00
-5.10000e-01 -4.20000e-02  1.08818e-02     0.000e+00
-4.08000e-01 -4.20000e-02  1.08818e-02     1.407e-02
-3.06000e-01 -4.20000e-02  1.08818e-02     1.407e-02
-2.04000e-01 -4.20000e-02  1.08818e-02     1.407e-02
-1.02000e-01 -4.20000e-02  1.08818e-02     1.407e-02
 0.00000e+00 -4.20000e-02  1.08818e-02     1.407e-02
 1.02000e-01 -4.20000e-02  1.08818e-02     1.407e-02
 2.04000e-01 -4.20000e-02  1.08818e-02     1.407e-02
 3.06000e-01 -4.20000e-02  1.08818e-02     1.407e-02
 4.08000e-01 -4.20000e-02  1.08818e-02     1.407e-02
 5.10000e-01 -4.20000e-02  1.08818e-02     0.000e+00
-5.10000e-01  0.00000e+00  1.08818e-02     0.000e+00
-4.08000e-01  0.00000e+00  1.08818e-02     1.407e-02
-3.06000e-01  0.00000e+00  1.08818e-02     1.407e-02
-2.04000e-01  0.00000e+00  1.08818e-02     1.407e-02
-1.02000e-01  0.00000e+00  1.08818e-02     1.407e-02
 0.00000e+00  0.00000e+00  1.08818e-02     1.407e-02
 1.02000e-01  0.00000e+00  1.08818e-02     1.407e-02
 2.04000e-01  0.00000e+00  1.08818e-02     1.407e-02
 3.06000e-01  0.00000e+00  1.08818e-02     1.407e-02
 4.08000e-01  0.00000e+00  1.08818e-02     1.407e-02
 5.10000e-01  0.00000e+00  1.08818e-02     0.000e+00
-5.10000e-01  4.20000e-02  1.08818e-02     0.000e+00
-4.08000e-01  4.20000e-02  1.08818e-02     1.407e-02
-3.06000e-01  4.20000e-02  1.08818e-02     1.407e-02
-2.04000e-01  4.20000e-02  1.08818e-02     1.407e-02
-1.02000e-01  4.20000e-02  1.08818e-02     1.407e-02
 0.00000e+00  4.20000e-02  1.08818e-02     1.407e-02
 1.02000e-01  4.20000e-02  1.08818e-02     1.407e-02
 2.04000e-01  4.20000e-02  1.08818e-02     1.407e-02
 3.06000e-01  4.20000e-02  1.08818e-02     1.407e-02
 4.08000e-01  4.20000e-02  1.08818e-02     1.407e-02
 5.10000e-01  4.20000e-02  1.08818e-02     0.000e+00
-5.10000e-01  8.40000e-02  1.08818e-02     0.000e+00
-4.08000e-01  8.40000e-02  1.08818e-02     1.405e-02
-3.06000e-01  8.40000e-02  1.08818e-02     1.405e-02
-2.04000e-01  8.40000e-02  1.08818e-02     1.405e-02
-1.02000e-01  8.40000e-02  1.08818e-02     1.405e-02
 0.00000e+00  8.40000e-02  1.08818e-02     1.405e-02
 1.02000e-01  8.40000e-02  1.08818e-02     1.405e-02
 2.04000e-01  8.40000e-02  1.08818e-02     1.405e-02
 3.06000e-01  8.40000e-02  1.08818e-02     1.405e-02
 4.08000e-01  8.40000e-02  1.08818e-02     1.405e-02
 5.10000e-01  8.40000e-02  1.08818e-02     0.000e+00
-5.10000e-01  1.26000e-01  1.08818e-02     0.000e+00
-4.08000e-01  1.26000e-01  1.08818e-02     1.403e-02
-3.06000e-01  1.26000e-01  1.08818e-02     1.403e-02
-2.04000e-01  1.26000e-01  1.08818e-02     1.403e-02
-1.02000e-01  1.26000e-01  1.08818e-02     1.403e-02
 0.00000e+00  1.26000e-01  1.08818e-02     1.403e-02
 1.02000e-01  1.26000e-01  1.08818e-02     1.403e-02
 2.04000e-01  1.26000e-01  1.08818e-02     1.403e-02
 3.06000e-01  1.26000e-01  1.08818e-02     1.403e-02
 4.08000e-01  1.26000e-01  1.08818e-02     1.403e-02
 5.10000e-01  1.26000e-01  1.08818e-02     0.000e+00
-5.10000e-01  1.68000e-01  1.08818e-02     0.000e+00
-4.08000e-01  1.68000e-01  1.08818e-02     1.399e-02
-3.06000e-01  1.68000e-01  1.08818e-02     1.399e-02
-2.04000e-01  1.68000e-01  1.08818e-02     1.399e-02
-1.02000e-01  1.68000e-01  1.08818e-02     1.399e-02
 0.00000e+00  1.68000e-01  1.08818e-02     1.399e-02
 1.02000e-01  1.68000e-01  1.08818e-02     1.399e-02
 2.04000e-01  1.68000e-01  1.08818e-02     1.399e-02
 3.06000e-01  1.68000e-01  1.08818e-02     1.399e-02
 4.08000e-01  1.68000e-01  1.08818e-02     1.399e-02
 5.10000e-01  1.68000e-01  1.08818e-02     0.000e+00
-5.10000e-01  2.10000e-01  1.08818e-02     0.000e+00
-4.08000e-01  2.10000e-01  1.08818e-02     0.000e+00
-3.06000e-01  2.10000e-01  1.08818e-02     0.000e+00
-2.04000e-01  2.10000e-01  1.08818e-02     0.000e+00
-1.02000e-01  2.10000e-01  1.08818e-02     0.000e+00
 0.00000e+00  2.10000e-01  1.08818e-02     0.000e+00
 1.02000e-01  2.10000e-01  1.08818e-02     0.000e+00
 2.04000e-01  2.10000e-01  1.08818e-02     0.000e+00
 3.06000e-01  2.10000e-01  1.08818e-02     0.000e+00
 4.08000e-01  2.10000e-01  1.08818e-02     0.000e+00
 5.10000e-01  2.10000e-01  1.08818e-02     0.000e+00
-5.10000e-01 -2.10000e-01  1.45091e-02     0.000e+00
-4.08000e-01 -2.10000e-01  1.45091e-02     0.000e+00
-3.06000e-01 -2.10000e-01  1.45091e-02     0.000e+00
-2.04000e-01 -2.10000e-01  1.45091e-02     0.000e+00
-1.02000e-01 -2.10000e-01  1.45091e-02     0.000e+00
 0.00000e+00 -2.10000e-01  1.45091e-02     0.000e+00
 1.02000e-01 -2.10000e-01  1.45091e-02     0.000e+00
 2.04000e-01 -2.10000e-01  1.45091e-02     0.000e+00
 3.06000e-01 -2.10000e-01  1.45091e-02     0.000e+00
 4.08000e-01 -2.10000e-01  1.45091e-02     0.000e+00
 5.10000e-01 -2.10000e-01  1.45091e-02     0.000e+00
-5.10000e-01 -1.68000e-01  1.45091e-02     0.000e+00
-4.08000e-01 -1.68000e-01  1.45091e-02     1.229e-02
-3.06000e-01 -1.68000e-01  1.45091e-02     1.229e-02
-2.04000e-01 -1.68000e-01  1.45091e-02     1.229e-02
-1.02000e-01 -1.68000e-01  1.45091e-02     1.229e-02
 0.00000e+00 -1.68000e-01  1.45091e-02     1.229e-02
 1.02000e-01 -1.68000e-01  1.45091e-02     1.229e-02
 2.04000e-01 -1.68000e-01  1.45091e-02     1.229e-02
 3.06000e-01 -1.68000e-01  1.45091e-02     1.229e-02
 4.08000e-01 -1.68000e-01  1.45091e-02     1.229e-02
 5.10000e-01 -1.68000e-01  1.45091e-02     0.000e+00
-5.10000e-01 -1.26000e-01  1.45091e-02     0.000e+00
-4.08000e-01 -1.26000e-01  1.45091e-02     1.232e-02
-3.06000e-01 -1.26000e-01  1.45091e-02     1.232e-02
-2.04000e-01 -1.26000e-01  1.45091e-02     1.232e-02
-1.02000e-01 -1.26000e-01  1.45091e-02     1.232e-02
 0.00000e+00 -1.26000e-01  1.45091e-02     1.232e-02
 1.02000e-01 -1.26000e-01  1.45091e-02     1.232e-02
 2.04000e-01 -1.26000e-01  1.45091e-02     1.232e-02
 3.06000e-01 -1.26000e-01  1.45091e-02     1.232e-02
 4.08000e-01 -1.26000e-01  1.45091e-02     1.232e-02
 5.10000e-01 -1.26000e-01  1.45091e-02     0.000e+00
-5.10000e-01 -8.40000e-02  1.45091e-02     0.000e+00
-4.08000e-01 -8.40000e-02  1.45091e-02     1.235e-02
-3.06000e-01 -8.40000e-02  1.45091e-02     1.235e-02
-2.04000e-01 -8.40000e-02  1.45091e-02     1.235e-02
-1.02000e-01 -8.40000e-02  1.45091e-02     1.235e-02
 0.00000e+00 -8.40000e-02  1.45091e-02     1.235e-02
 1.02000e-01 -8.40000e-02  1.45091e-02     1.235e-02
 2.04000e-01 -8.40000e-02  1.45091e-02     1.235e-02
 3.06000e-01 -8.40000e-02  1.45091e-02     1.235e-02
 4.08000e-01 -8.40000e-02  1.45091e-02     1.235e-02
 5.10000e-01 -8.40000e-02  1.45091e-02     0.000e+00
-5.10000e-01 -4.20000e-02  1.45091e-02     0.000e+00
-4.08000e-01 -4.20000e-02  1.45091e-02     1.236e-02
-3.06000e-01 -4.20000e-02  1.45091e-02     1.236e-02
-2.04000e-01 -4.20000e-02  1.45091e-02     1.236e-02
-1.02000e-01 -4.20000e-02  1.45091e-02     1.236e-02
 0.00000e+00 -4.20000e-02  1.45091e-02     1.236e-02
 1.02000e-01 -4.20000e-02  1.45091e-02     1.236e-02
 2.04000e-01 -4.20000e-02  1.45091e-02     1.236e-02
 3.06000e-01 -4.20000e-02  1.45091e-02     1.236e-02
 4.08000e-01 -4.20000e-02  1.45091e-02     1.236e-02
 5.10000e-01 -4.20000e-02  1.45091e-02     0.000e+00
-5.10000e-01  0.00000e+00  1.45091e-02     0.000e+00
-4.08000e-01  0.00000e+00  1.45091e-02     1.236e-02
-3.06000e-01  0.00000e+00  1.45091e-02     1.236e-02
-2.04000e-01  0.00000e+00  1.45091e-02     1.236e-02
-1.02000e-01  0.00000e+00  1.45091e-02     1.236e-02
 0.00000e+00  0.00000e+00  1.45091e-02     1.236e-02
 1.02000e-01  0.00000e+00  1.45091e-02     1.236e-02
 2.04000e-01  0.00000e+00  1.45091e-02     1.236e-02
 3.06000e-01  0.00000e+00  1.45091e-02     1.236e-02
 4.08000e-01  0.00000e+00  1.45091e-02     1.236e-02
 5.10000e-01  0.00000e+00  1.45091e-02     0.000e+00
-5.10000e-01  4.20000e-02  1.45091e-02     0.000e+00
-4.08000e-01  4.20000e-02  1.45091e-02     1.236e-02
-3.06000e-01  4.20000e-02  1.45091e-02     1.236e-02
-2.04000e-01  4.20000e-02  1.45091e-02     1.236e-02
-1.02000e-01  4.20000e-02  1.45091e-02     1.236e-02
 0.00000e+00  4.20000e-02  1.45091e-02     1.236e-02
 1.02000e-01  4.20000e-02  1.45091e-02     1.236e-02
 2.04000e-01  4.20000e-02  1.45091e-02     1.236e-02
 3.06000e-01  4.20000e-02  1.45091e-02     1.236e-02
 4.08000e-01  4.20000e-02  1.45091e-02     1.236e-02
 5.10000e-01  4.20000e-02  1.45091e-02     0.000e+00
-5.10000e-01  8.40000e-02  1.45091e-02     0.000e+00
-4.08000e-01  8.40000e-02  1.45091e-02     1.235e-02
-3.06000e-01  8.40000e-02  1.45091e-02     1.235e-02
-2.04000e-01  8.40000e-02  1.45091e-02     1.235e-02
-1.02000e-01  8.40000e-02  1.45091e-02     1.235e-02
 0.00000e+00  8.40000e-02  1.45091e-02     1.235e-02
 1.02000e-01  8.40000e-02  1.45091e-02     1.235e-02
 2.04000e-01  8.40000e-02  1.45091e-02     1.235e-02
 3.06000e-01  8.40000e-02  1.45091e-02     1.235e-02
 4.08000e-01  8.40000e-02  1.45091e-02     1.235e-02
 5.10000e-01  8.40000e-02  1.45091e-02     0.000e+00
-5.10000e-01  1.26000e-01  1.45091e-02     0.000e+00
-4.08000e-01  1.26000e-01  1.45091e-02     1.232e-02
-3.06000e-01  1.26000e-01  1.45091e-02     1.232e-02
-2.04000e-01  1.26000e-01  1.45091e-02     1.232e-02
-1.02000e-01  1.26000e-01  1.45091e-02     1.232e-02
 0.00000e+00  1.26000e-01  1.45091e-02     1.232e-02
 1.02000e-01  1.26000e-01  1.45091e-02     1.232e-02
 2.04000e-01  1.26000e-01  1.45091e-02     1.232e-02
 3.06000e-01  1.26000e-01  1.45091e-02     1.232e-02
 4.08000e-01  1.26000e-01  1.45091e-02     1.232e-02
 5.10000e-01  1.26000e-01  1.45091e-02     0.000e+00
-5.10000e-01  1.68000e-01  1.45091e-02     0.000e+00
-4.08000e-01  1.68000e-01  1.45091e-02     1.229e-02
-3.06000e-01  1.68000e-01  1.45091e-02     1.229e-02
-2.04000e-01  1.68000e-01  1.45091e-02     1.229e-02
-1.02000e-01  1.68000e-01  1.45091e-02     1.229e-02
 0.00000e+00  1.68000e-01  1.45091e-02     1.229e-02
 1.02000e-01  1.68000e-01  1.45091e-02     1.229e-02
 2.04000e-01  1.68000e-01  1.45091e-02     1.229e-02
 3.06000e-01  1.68000e-01  1.45091e-02     1.229e-02
 4.08000e-01  1.68000e-01  1.45091e-02     1.229e-02
 5.10000e-01  1.68000e-01  1.45091e-02     0.000e+00
-5.10000e-01  2.10000e-01  1.45091e-02     0.000e+00
-4.08000e-01  2.10000e-01  1.45091e-02     0.000e+00
-3.06000e-01  2.10000e-01  1.45091e-02     0.000e+00
-2.04000e-01  2.10000e-01  1.45091e-02     0.000e+00
-1.02000e-01  2.10000e-01  1.45091e-02     0.000e+00
 0.00000e+00  2.10000e-01  1.45091e-02     0.000e+00
 1.02000e-01  2.10000e-01  1.45091e-02     0.000e+00
 2.04000e-01  2.10000e-01  1.45091e-02     0.000e+00
 3.06000e-01  2.10000e-01  1.45091e-02     0.000e+00
 4.08000e-01  2.10000e-01  1.45091e-02     0.000e+00
 5.10000e-01  2.10000e-01  1.45091e-02     0.000e+00
-5.10000e-01 -2.10000e-01  1.81364e-02     0.000e+00
-4.08000e-01 -2.10000e-01  1.81364e-02     0.000e+00
-3.06000e-01 -2.10000e-01  1.81364e-02     0.000e+00
-2.04000e-01 -2.10000e-01  1.81364e-02     0.000e+00
-1.02000e-01 -2.10000e-01  1.81364e-02     0.000e+00
 0.00000e+00 -2.10000e-01  1.81364e-02     0.000e+00
 1.02000e-01 -2.10000e-01  1.81364e-02     0.000e+00
 2.04000e-01 -2.10000e-01  1.81364e-02     0.000e+00
 3.06000e-01 -2.10000e-01  1.81364e-02     0.000e+00
 4.08000e-01 -2.10000e-01  1.81364e-02     0.000e+00
 5.10000e-01 -2.10000e-01  1.81364e-02     0.000e+00
-5.10000e-01 -1.68000e-01  1.81364e-02     0.000e+00
-4.08000e-01 -1.68000e-01  1.81364e-02     1.094e-02
-3.06000e-01 -1.68000e-01  1.81364e-02     1.094e-02
-2.04000e-01 -1.68000e-01  1.81364e-02     1.094e-02
-1.02000e-01 -1.68000e-01  1.81364e-02     1.094e-02
 0.00000e+00 -1.68000e-01  1.81364e-02     1.094e-02
 1.02000e-01 -1.68000e-01  1.81364e-02     1.094e-02
 2.04000e-01 -1.68000e-01  1.81364e-02     1.094e-02
 3.06000e-01 -1.68000e-01  1.81364e-02     1.094e-02
 4.08000e-01 -1.68000e-01  1.81364e-02     1.094e-02
 5.10000e-01 -1.68000e-01  1.81364e-02     0.000e+00
-5.10000e-01 -1.26000e-01  1.81364e-02     0.000e+00
-4.08000e-01 -1.26000e-01  1.81364e-02     1.097e-02
-3.06000e-01 -1.26000e-01  1.81364e-02     1.097e-02
-2.04000e-01 -1.26000e-01  1.81364e-02     1.097e-02
-1.02000e-01 -1.26000e-01  1.81364e-02     1.097e-02
 0.00000e+00 -1.26000e-01  1.81364e-02     1.097e-02
 1.02000e-01 -1.26000e-01  1.81364e-02     1.097e-02
 2.04000e-01 -1.26000e-01  1.81364e-02     1.097e-02
 3.06000e-01 -1.26000e-01  1.81364e-02     1.097e-02
 4.08000e-01 -1.26000e-01  1.81364e-02     1.097e-02
 5.10000e-01 -1.26000e-01  1.81364e-02     0.000e+00
-5.10000e-01 -8.40000e-02  1.81364e-02     0.000e+00
-4.08000e-01 -8.40000e-02  1.81364e-02     1.100e-02
-3.06000e-01 -8.40000e-02  1.81364e-02     1.100e-02
-2.04000e-01 -8.40000e-02  1.81364e-02     1.100e-02
-1.02000e-01 -8.40000e-02  1.81364e-02     1.100e-02
 0.00000e+00 -8.40000e-02  1.81364e-02     1.100e-02
 1.02000e-01 -8.40000e-02  1.81364e-02     1.100e-02
 2.04000e-01 -8.40000e-02  1.81364e-02     1.100e-02
 3.06000e-01 -8.40000e-02  1.81364e-02     1.100e-02
 4.08000e-01 -8.40000e-02  1.81364e-02     1.100e-02
 5.10000e-01 -8.40000e-02  1.81364e-02     0.000e+00
-5.10000e-01 -4.20000e-02  1.81364e-02     0.000e+00
-4.08000e-01 -4.20000e-02  1.81364e-02     1.101e-02
-3.06000e-01 -4.20000e-02  1.81364e-02     1.101e-02
-2.04000e-01 -4.20000e-02  1.81364e-02     1.101e-02
-1.02000e-01 -4.20000e-02  1.81364e-02     1.101e-02
 0.00000e+00 -4.20000e-02  1.81364e-02     1.101e-02
 1.02000e-01 -4.20000e-02  1.81364e-02     1.101e-02
 2.04000e-01 -4.20000e-02  1.81364e-02     1.101e-02
 3.06000e-01 -4.20000e-02  1.81364e-02     1.101e-02
 4.08000e-01 -4.20000e-02  1.81364e-02     1.101e-02
 5.10000e-01 -4.20000e-02  1.81364e-02     0.000e+00
-5.10000e-01  0.00000e+00  1.81364e-02     0.000e+00
-4.08000e-01  0.00000e+00  1.81364e-02     1.101e-02
-3.06000e-01  0.00000e+00  1.81364e-02     1.101e-02
-2.04000e-01  0.00000e+00  1.81364e-02     1.101e-02
-1.02000e-01  0.00000e+00  1.81364e-02     1.101e-02
 0.00000e+00  0.00000e+00  1.81364e-02     1.101e-02
 1.02000e-01  0.00000e+00  1.81364e-02     1.101e-02
 2.04000e-01  0.00000e+00  1.81364e-02     1.101e-02
 3.06000e-01  0.00000e+00  1.81364e-02     1.101e-02
 4.08000e-01  0.00000e+00  1.81364e-02     1.101e-02
 5.10000e-01  0.00000e+00  1.81364e-02     0.000e+00
-5.10000e-01  4.20000e-02  1.81364e-02     0.000e+00
-4.08000e-01  4.20000e-02  1.81364e-02     1.101e-02
-3.06000e-01  4.20000e-02  1.81364e-02     1.101e-02
-2.04000e-01  4.20000e-02  1.81364e-02     1.101e-02
-1.02000e-01  4.20000e-02  1.81364e-02     1.101e-02
 0.00000e+00  4.20000e-02  1.81364e-02     1.101e-02
 1.02000e-01  4.20000e-02  1.81364e-02     1.101e-02
 2.04000e-01  4.20000e-02  1.81364e-02     1.101e-02
 3.06000e-01  4.20000e-02  1.81364e-02     1.101e-02
 4.08000e-01  4.20000e-02  1.81364e-02     1.101e-02
 5.10000e-01  4.20000e-02  1.81364e-02     0.000e+00
-5.10000e-01  8.40000e-02  1.81364e-02     0.000e+00
-4.08000e-01  8.40000e-02  1.81364e-02     1.100e-02
-3.06000e-01  8.40000e-02  1.81364e-02     1.100e-02
-2.04000e-01  8.40000e-02  1.81364e-02     1.100e-02
-1.02000e-01  8.40000e-02  1.81364e-02     1.100e-02
 0.00000e+00  8.40000e-02  1.81364e-02     1.100e-02
 1.02000e-01  8.40000e-02  1.81364e-02     1.100e-02
 2.04000e-01  8.40000e-02  1.81364e-02     1.100e-02
 3.06000e-01  8.40000e-02  1.81364e-02     1.100e-02
 4.08000e-01  8.40000e-02  1.81364e-02     1.100e-02
 5.10000e-01  8.40000e-02  1.81364e-02     0.000e+00
-5.10000e-01  1.26000e-01  1.81364e-02     0.000e+00
-4.08000e-01  1.26000e-01  1.81364e-02     1.097e-02
-3.06000e-01  1.26000e-01  1.81364e-02     1.097e-02
-2.04000e-01  1.26000e-01  1.81364e-02     1.097e-02
-1.02000e-01  1.26000e-01  1.81364e-02     1.097e-02
 0.00000e+00  1.26000e-01  1.81364e-02     1.097e-02
 1.02000e-01  1.26000e-01  1.81364e-02     1.097e-02
 2.04000e-01  1.26000e-01  1.81364e-02     1.097e-02
 3.06000e-01  1.26000e-01  1.81364e-02     1.097e-02
 4.08000e-01  1.26000e-01  1.81364e-02     1.097e-02
 5.10000e-01  1.26000e-01  1.81364e-02     0.000e+00
-5.10000e-01  1.68000e-01  1.81364e-02     0.000e+00
-4.08000e-01  1.68000e-01  1.81364e-02     1.094e-02
-3.06000e-01  1.68000e-01  1.81364e-02     1.094e-02
-2.04000e-01  1.68000e-01  1.81364e-02     1.094e-02
-1.02000e-01  1.68000e-01  1.81364e-02     1.094e-02
 0.00000e+00  1.68000e-01  1.81364e-02     1.094e-02
 1.02000e-01  1.68000e-01  1.81364e-02     1.094e-02
 2.04000e-01  1.68000e-01  1.81364e-02     1.094e-02
 3.06000e-01  1.68000e-01  1.81364e-02     1.094e-02
 4.08000e-01  1.68000e-01  1.81364e-02     1.094e-02
 5.10000e-01  1.68000e-01  1.81364e-02     0.000e+00
-5.10000e-01  2.10000e-01  1.81364e-02     0.000e+00
-4.08000e-01  2.10000e-01  1.81364e-02     0.000e+00
-3.06000e-01  2.10000e-01  1.81364e-02     0.000e+00
-2.04000e-01  2.10000e-01  1.81364e-02     0.000e+00
-1.02000e-01  2.10000e-01  1.81364e-02     0.000e+00
 0.00000e+00  2.10000e-01  1.81364e-02     0.000e+00
 1.02000e-01  2.10000e-01  1.81364e-02     0.000e+00
 2.04000e-01  2.10000e-01  1.81364e-02     0.000e+00
 3.06000e-01  2.10000e-01  1.81364e-02     0.000e+00
 4.08000e-01  2.10000e-01  1.81364e-02     0.000e+00
 5.10000e-01  2.10000e-01  1.81364e-02     0.000e+00
-5.10000e-01 -2.10000e-01  2.17636e-02     0.000e+00
-4.08000e-01 -2.10000e-01  2.17636e-02     0.000e+00
-3.06000e-01 -2.10000e-01  2.17636e-02     0.000e+00
-2.04000e-01 -2.10000e-01  2.17636e-02     0.000e+00
-1.02000e-01 -2.10000e-01  2.17636e-02     0.000e+00
 0.00000e+00 -2.10000e-01  2.17636e-02     0.000e+00
 1.02000e-01 -2.10000e-01  2.17636e-02     0.000e+00
 2.04000e-01 -2.10000e-01  2.17636e-02     0.000e+00
 3.06000e-01 -2.10000e-01  2.17636e-02     0.000e+00
 4.08000e-01 -2.10000e-01  2.17636e-02     0.000e+00
 5.10000e-01 -2.10000e-01  2.17636e-02     0.000e+00
-5.10000e-01 -1.68000e-01  2.17636e-02     0.000e+00
-4.08000e-01 -1.68000e-01  2.17636e-02     9.854e-03
-3.06000e-01 -1.68000e-01  2.17636e-02     9.854e-03
-2.04000e-01 -1.68000e-01  2.17636e-02     9.854e-03
-1.02000e-01 -1.68000e-01  2.17636e-02     9.854e-03
 0.00000e+00 -1.68000e-01  2.17636e-02     9.854e-03
 1.02000e-01 -1.68000e-01  2.17636e-02     9.854e-03
 2.04000e-01 -1.68000e-01  2.17636e-02     9.854e-03
 3.06000e-01 -1.68000e-01  2.17636e-02     9.854e-03
 4.08000e-01 -1.68000e-01  2.17636e-02     9.854e-03
 5.10000e-01 -1.68000e-01  2.17636e-02     0.000e+00
-5.10000e-01 -1.26000e-01  2.17636e-02     0.000e+00
-4.08000e-01 -1.26000e-01  2.17636e-02     9.882e-03
-3.06000e-01 -1.26000e-01  2.17636e-02     9.882e-03
-2.04000e-01 -1.26000e-01  2.17636e-02     9.882e-03
-1.02000e-01 -1.26000e-01  2.17636e-02     9.882e-03
 0.00000e+00 -1.26000e-01  2.17636e-02     9.882e-03
 1.02000e-01 -1.26000e-01  2.17636e-02     9.882e-03
 2.04000e-01 -1.26000e-01  2.17636e-02     9.882e-03
 3.06000e-01 -1.26000e-01  2.17636e-02     9.882e-03
 4.08000e-01 -1.26000e-01  2.17636e-02     9.882e-03
 5.10000e-01 -1.26000e-01  2.17636e-02     0.000e+00
-5.10000e-01 -8.40000e-02  2.17636e-02     0.000e+00
-4.08000e-01 -8.40000e-02  2.17636e-02     9.902e-03
-3.06000e-01 -8.40000e-02  2.17636e-02     9.902e-03
-2.04000e-01 -8.40000e-02  2.17636e-02     9.902e-03
-1.02000e-01 -8.40000e-02  2.17636e-02     9.902e-03
 0.00000e+00 -8.40000e-02  2.17636e-02     9.902e-03
 1.02000e-01 -8.40000e-02  2.17636e-02     9.902e-03
 2.04000e-01 -8.40000e-02  2.17636e-02     9.902e-03
 3.06000e-01 -8.40000e-02  2.17636e-02     9.902e-03
 4.08000e-01 -8.40000e-02  2.17636e-02     9.902e-03
 5.10000e-01 -8.40000e-02  2.17636e-02     0.000e+00
-5.10000e-01 -4.20000e-02  2.17636e-02     0.000e+00
-4.08000e-01 -4.20000e-02  2.17636e-02     9.914e-03
-3.06000e-01 -4.20000e-02  2.17636e-02     9.914e-03
-2.04000e-01 -4.20000e-02  2.17636e-02     9.914e-03
-1.02000e-01 -4.20000e-02  2.17636e-02     9.914e-03
 0.00000e+00 -4.20000e-02  2.17636e-02     9.914e-03
 1.02000e-01 -4.20000e-02  2.17636e-02     9.914e-03
 2.04000e-01 -4.20000e-02  2.17636e-02     9.914e-03
 3.06000e-01 -4.20000e-02  2.17636e-02     9.914e-03
 4.08000e-01 -4.20000e-02  2.17636e-02     9.914e-03
 5.10000e-01 -4.20000e-02  2.17636e-02     0.000e+00
-5.10000e-01  0.00000e+00  2.17636e-02     0.000e+00
-4.08000e-01  0.00000e+00  2.17636e-02     9.918e-03
-3.06000e-01  0.00000e+00  2.17636e-02     9.918e-03
-2.04000e-01  0.00000e+00  2.17636e-02     9.918e-03
-1.02000e-01  0.00000e+00  2.17636e-02     9.918e-03
 0.00000e+00  0.00000e+00  2.17636e-02     9.918e-03
 1.02000e-01  0.00000e+00  2.17636e-02     9.918e-03
 2.04000e-01  0.00000e+00  2.17636e-02     9.918e-03
 3.06000e-01  0.00000e+00  2.17636e-02     9.918e-03
 4.08000e-01  0.00000e+00  2.17636e-02     9.918e-03
 5.10000e-01  0.00000e+00  2.17636e-02     0.000e+00
-5.10000e-01  4.20000e-02  2.17636e-02     0.000e+00
-4.08000e-01  4.20000e-02  2.17636e-02     9.914e-03
-3.06000e-01  4.20000e-02  2.17636e-02     9.914e-03
-2.04000e-01  4.20000e-02  2.17636e-02     9.914e-03
-1.02000e-01  4.20000e-02  2.17636e-02     9.914e-03
 0.00000e+00  4.20000e-02  2.17636e-02     9.914e-03
 1.02000e-01  4.20000e-02  2.17636e-02     9.914e-03
 2.04000e-01  4.20000e-02  2.17636e-02     9.914e-03
 3.06000e-01  4.20000e-02  2.17636e-02     9.914e-03
 4.08000e-01  4.20000e-02  2.17636e-02     9.914e-03
 5.10000e-01  4.20000e-02  2.17636e-02     0.000e+00
-5.10000e-01  8.40000e-02  2.17636e-02     0.000e+00
-4.08000e-01  8.40000e-02  2.17636e-02     9.902e-03
-3.06000e-01  8.40000e-02  2.17636e-02     9.902e-03
-2.04000e-01  8.40000e-02  2.17636e-02     9.902e-03
-1.02000e-01  8.40000e-02  2.17636e-02     9.902e-03
 0.00000e+00  8.40000e-02  2.17636e-02     9.902e-03
 1.02000e-01  8.40000e-02  2.17636e-02     9.902e-03
 2.04000e-01  8.40000e-02  2.17636e-02     9.902e-03
 3.06000e-01  8.40000e-02  2.17636e-02     9.902e-03
 4.08000e-01  8.40000e-02  2.17636e-02     9.902e-03
 5.10000e-01  8.40000e-02  2.17636e-02     0.000e+00
-5.10000e-01  1.26000e-01  2.17636e-02     0.000e+00
-4.08000e-01  1.26000e-01  2.17636e-02     9.882e-03
-3.06000e-01  1.26000e-01  2.17636e-02     9.882e-03
-2.04000e-01  1.26000e-01  2.17636e-02     9.882e-03
-1.02000e-01  1.26000e-01  2.17636e-02     9.882e-03
 0.00000e+00  1.26000e-01  2.17636e-02     9.882e-03
 1.02000e-01  1.26000e-01  2.17636e-02     9.882e-03
 2.04000e-01  1.26000e-01  2.17636e-02     9.882e-03
 3.06000e-01  1.26000e-01  2.17636e-02     9.882e-03
 4.08000e-01  1.26000e-01  2.17636e-02     9.882e-03
 5.10000e-01  1.26000e-01  2.17636e-02     0.000e+00
-5.10000e-01  1.68000e-01  2.17636e-02     0.000e+00
-4.08000e-01  1.68000e-01  2.17636e-02     9.854e-03
-3.06000e-01  1.68000e-01  2.17636e-02     9.854e-03
-2.04000e-01  1.68000e-01  2.17636e-02     9.854e-03
-1.02000e-01  1.68000e-01  2.17636e-02     9.854e-03
 0.00000e+00  1.68000e-01  2.17636e-02     9.854e-03
 1.02000e-01  1.68000e-01  2.17636e-02     9.854e-03
 2.04000e-01  1.68000e-01  2.17636e-02     9.854e-03
 3.06000e-01  1.68000e-01  2.17636e-02     9.854e-03
 4.08000e-01  1.68000e-01  2.17636e-02     9.854e-03
 5.10000e-01  1.68000e-01  2.17636e-02     0.000e+00
-5.10000e-01  2.10000e-01  2.17636e-02     0.000e+00
-4.08000e-01  2.10000e-01  2.17636e-02     0.000e+00
-3.06000e-01  2.10000e-01  2.17636e-02     0.000e+00
-2.04000e-01  2.10000e-01  2.17636e-02     0.000e+00
-1.02000e-01  2.10000e-01  2.17636e-02     0.000e+00
 0.00000e+00  2.10000e-01  2.17636e-02     0.000e+00
 1.02000e-01  2.10000e-01  2.17636e-02     0.000e+00
 2.04000e-01  2.10000e-01  2.17636e-02     0.000e+00
 3.06000e-01  2.10000e-01  2.17636e-02     0.000e+00
 4.08000e-01  2.10000e-01  2.17636e-02     0.000e+00
 5.10000e-01  2.10000e-01  2.17636e-02     0.000e+00
-5.10000e-01 -2.10000e-01  2.53909e-02     0.000e+00
-4.08000e-01 -2.10000e-01  2.53909e-02     0.000e+00
-3.06000e-01 -2.10000e-01  2.53909e-02     0.000e+00
-2.04000e-01 -2.10000e-01  2.53909e-02     0.000e+00
-1.02000e-01 -2.10000e-01  2.53909e-02     0.000e+00
 0.00000e+00 -2.10000e-01  2.53909e-02     0.000e+00
 1.02000e-01 -2.10000e-01  2.53909e-02     0.000e+00
 2.04000e-01 -2.10000e-01  2.53909e-02     0.000e+00
 3.06000e-01 -2.10000e-01  2.53909e-02     0.000e+00
 4.08000e-01 -2.10000e-01  2.53909e-02     0.000e+00
 5.10000e-01 -2.10000e-01  2.53909e-02     0.000e+00
-5.10000e-01 -1.68000e-01  2.53909e-02     0.000e+00
-4.08000e-01 -1.68000e-01  2.53909e-02     8.953e-03
-3.06000e-01 -1.68000e-01  2.53909e-02     8.953e-03
-2.04000e-01 -1.68000e-01  2.53909e-02     8.953e-03
-1.02000e-01 -1.68000e-01  2.53909e-02     8.953e-03
 0.00000e+00 -1.68000e-01  2.53909e-02     8.953e-03
 1.02000e-01 -1.68000e-01  2.53909e-02     8.953e-03
 2.04000e-01 -1.68000e-01  2.53909e-02     8.953e-03
 3.06000e-01 -1.68000e-01  2.53909e-02     8.953e-03
 4.08000e-01 -1.68000e-01  2.53909e-02     8.953e-03
 5.10000e-01 -1.68000e-01  2.53909e-02     0.000e+00
-5.10000e-01 -1.26000e-01  2.53909e-02     0.000e+00
-4.08000e-01 -1.26000e-01  2.53909e-02     8.979e-03
-3.06000e-01 -1.26000e-01  2.53909e-02     8.979e-03
-2.04000e-01 -1.26000e-01  2.53909e-02     8.979e-03
-1.02000e-01 -1.26000e-01  2.53909e-02     8.979e-03
 0.00000e+00 -1.26000e-01  2.53909e-02     8.979e-03
 1.02000e-01 -1.26000e-01  2.53909e-02     8.979e-03
 2.04000e-01 -1.26000e-01  2.53909e-02     8.979e-03
 3.06000e-01 -1.26000e-01  2.53909e-02     8.979e-03
 4.08000e-01 -1.26000e-01  2.53909e-02     8.979e-03
 5.10000e-01 -1.26000e-01  2.53909e-02     0.000e+00
-5.10000e-01 -8.40000e-02  2.53909e-02     0.000e+00
-4.08000e-01 -8.40000e-02  2.53909e-02     8.998e-03
-3.06000e-01 -8.40000e-02  2.53909e-02     8.998e-03
-2.04000e-01 -8.40000e-02  2.53909e-02     8.998e-03
-1.02000e-01 -8.40000e-02  2.53909e-02     8.998e-03
 0.00000e+00 -8.40000e-02  2.53909e-02     8.998e-03
 1.02000e-01 -8.40000e-02  2.53909e-02     8.998e-03
 2.04000e-01 -8.40000e-02  2.53909e-02     8.998e-03
 3.06000e-01 -8.40000e-02  2.53909e-02     8.998e-03
 4.08000e-01 -8.40000e-02  2.53909e-02     8.998e-03
 5.10000e-01 -8.40000e-02  2.53909e-02     0.000e+00
-5.10000e-01 -4.20000e-02  2.53909e-02     0.000e+00
-4.08000e-01 -4.20000e-02  2.53909e-02     9.009e-03
-3.06000e-01 -4.20000e-02  2.53909e-02     9.009e-03
-2.04000e-01 -4.20000e-02  2.53909e-02     9.009e-03
-1.02000e-01 -4.20000e-02  2.53909e-02     9.009e-03
 0.00000e+00 -4.20000e-02  2.53909e-02     9.009e-03
 1.02000e-01 -4.20000e-02  2.53909e-02     9.009e-03
 2.04000e-01 -4.20000e-02  2.53909e-02     9.009e-03
 3.06000e-01 -4.20000e-02  2.53909e-02     9.009e-03
 4.08000e-01 -4.20000e-02  2.53909e-02     9.009e-03
 5.10000e-01 -4.20000e-02  2.53909e-02     0.000e+00
-5.10000e-01  0.00000e+00  2.53909e-02     0.000e+00
-4.08000e-01  0.00000e+00  2.53909e-02     9.013e-03
-3.06000e-01  0.00000e+00  2.53909e-02     9.013e-03
-2.04000e-01  0.00000e+00  2.53909e-02     9.013e-03
-1.02000e-01  0.00000e+00  2.53909e-02     9.013e-03
 0.00000e+00  0.00000e+00  2.53909e-02     9.013e-03
 1.02000e-01  0.00000e+00  2.53909e-02     9.013e-03
 2.04000e-01  0.00000e+00  2.53909e-02     9.013e-03
 3.06000e-01  0.00000e+00  2.53909e-02     9.013e-03
 4.08000e-01  0.00000e+00  2.53909e-02     9.013e-03
 5.10000e-01  0.00000e+00  2.53909e-02     0.000e+00
-5.10000e-01  4.20000e-02  2.53909e-02     0.000e+00
-4.08000e-01  4.20000e-02  2.53909e-02     9.009e-03
-3.06000e-01  4.20000e-02  2.53909e-02     9.009e-03
-2.04000e-01  4.20000e-02  2.53909e-02     9.009e-03
-1.02000e-01  4.20000e-02  2.53909e-02     9.009e-03
 0.00000e+00  4.20000e-02  2.53909e-02     9.009e-03
 1.02000e-01  4.20000e-02  2.53909e-02     9.009e-03
 2.04000e-01  4.20000e-02  2.53909e-02     9.009e-03
 3.06000e-01  4.20000e-02  2.53909e-02     9.009e-03
 4.08000e-01  4.20000e-02  2.53909e-02     9.009e-03
 5.10000e-01  4.20000e-02  2.53909e-02     0.000e+00
-5.10000e-01  8.40000e-02  2.53909e-02     0.000e+00
-4.08000e-01  8.40000e-02  2.53909e-02     8.998e-03
-3.06000e-01  8.40000e-02  2.53909e-02     8.998e-03
-2.04000e-01  8.40000e-02  2.53909e-02     8.998e-03
-1.02000e-01  8.40000e-02  2.53909e-02     8.998e-03
 0.00000e+00  8.40000e-02  2.53909e-02     8.998e-03
 1.02000e-01  8.40000e-02  2.53909e-02     8.998e-03
 2.04000e-01  8.40000e-02  2.53909e-02     8.998e-03
 3.06000e-01  8.40000e-02  2.53909e-02     8.998e-03
 4.08000e-01  8.40000e-02  2.53909e-02     8.998e-03
 5.10000e-01  8.40000e-02  2.53909e-02     0.000e+00
-5.10000e-01  1.26000e-01  2.53909e-02     0.000e+00
-4.08000e-01  1.26000e-01  2.53909e-02     8.979e-03
-3.06000e-01  1.26000e-01  2.53909e-02     8.979e-03
-2.04000e-01  1.26000e-01  2.53909e-02     8.979e-03
-1.02000e-01  1.26000e-01  2.53909e-02     8.979e-03
 0.00000e+00  1.26000e-01  2.53909e-02     8.979e-03
 1.02000e-01  1.26000e-01  2.53909e-02     8.979e-03
 2.04000e-01  1.26000e-01  2.53909e-02     8.979e-03
 3.06000e-01  1.26000e-01  2.53909e-02     8.979e-03
 4.08000e-01  1.26000e-01  2.53909e-02     8.979e-03
 5.10000e-01  1.26000e-01  2.53909e-02     0.000e+00
-5.10000e-01  1.68000e-01  2.53909e-02     0.000e+00
-4.08000e-01  1.68000e-01  2.53909e-02     8.953e-03
-3.06000e-01  1.68000e-01  2.53909e-02     8.953e-03
-2.04000e-01  1.68000e-01  2.53909e-02     8.953e-03
-1.02000e-01  1.68000e-01  2.53909e-02     8.953e-03
 0.00000e+00  1.68000e-01  2.53909e-02     8.953e-03
 1.02000e-01  1.68000e-01  2.53909e-02     8.953e-03
 2.04000e-01  1.68000e-01  2.53909e-02     8.953e-03
 3.06000e-01  1.68000e-01  2.53909e-02     8.953e-03
 4.08000e-01  1.68000e-01  2.53909e-02     8.953e-03
 5.10000e-01  1.68000e-01  2.53909e-02     0.000e+00
-5.10000e-01  2.10000e-01  2.53909e-02     0.000e+00
-4.08000e-01  2.10000e-01  2.53909e-02     0.000e+00
-3.06000e-01  2.10000e-01  2.53909e-02     0.000e+00
-2.04000e-01  2.10000e-01  2.53909e-02     0.000e+00
-1.02000e-01  2.10000e-01  2.53909e-02     0.000e+00
 0.00000e+00  2.10000e-01  2.53909e-02     0.000e+00
 1.02000e-01  2.10000e-01  2.53909e-02     0.000e+00
 2.04000e-01  2.10000e-01  2.53909e-02     0.000e+00
 3.06000e-01  2.10000e-01  2.53909e-02     0.000e+00
 4.08000e-01  2.10000e-01  2.53909e-02     0.000e+00
 5.10000e-01  2.10000e-01  2.53909e-02     0.000e+00
-5.10000e-01 -2.10000e-01  2.90182e-02     0.000e+00
-4.08000e-01 -2.10000e-01  2.90182e-02     0.000e+00
-3.06000e-01 -2.10000e-01  2.90182e-02     0.000e+00
-2.04000e-01 -2.10000e-01  2.90182e-02     0.000e+00
-1.02000e-01 -2.10000e-01  2.90182e-02     0.000e+00
 0.00000e+00 -2.10000e-01  2.90182e-02     0.000e+00
 1.02000e-01 -2.10000e-01  2.90182e-02     0.000e+00
 2.04000e-01 -2.10000e-01  2.90182e-02     0.000e+00
 3.06000e-01 -2.10000e-01  2.90182e-02     0.000e+00
 4.08000e-01 -2.10000e-01  2.90182e-02     0.000e+00
 5.10000e-01 -2.10000e-01  2.90182e-02     0.000e+00
-5.10000e-01 -1.68000e-01  2.90182e-02     0.000e+00
-4.08000e-01 -1.68000e-01  2.90182e-02     8.196e-03
-3.06000e-01 -1.68000e-01  2.90182e-02     8.196e-03
-2.04000e-01 -1.68000e-01  2.90182e-02     8.196e-03
-1.02000e-01 -1.68000e-01  2.90182e-02     8.196e-03
 0.00000e+00 -1.68000e-01  2.90182e-02     8.196e-03
 1.02000e-01 -1.68000e-01  2.90182e-02     8.196e-03
 2.04000e-01 -1.68000e-01  2.90182e-02     8.196e-03
 3.06000e-01 -1.68000e-01  2.90182e-02     8.196e-03
 4.08000e-01 -1.68000e-01  2.90182e-02     8.196e-03
 5.10000e-01 -1.68000e-01  2.90182e-02     0.000e+00
-5.10000e-01 -1.26000e-01  2.90182e-02     0.000e+00
-4.08000e-01 -1.26000e-01  2.90182e-02     8.221e-03
-3.06000e-01 -1.26000e-01  2.90182e-02     8.221e-03
-2.04000e-01 -1.26000e-01  2.90182e-02     8.221e-03
-1.02000e-01 -1.26000e-01  2.90182e-02     8.221e-03
 0.00000e+00 -1.26000e-01  2.90182e-02     8.221e-03
 1.02000e-01 -1.26000e-01  2.90182e-02     8.221e-03
 2.04000e-01 -1.26000e-01  2.90182e-02     8.221e-03
 3.06000e-01 -1.26000e-01  2.90182e-02     8.221e-03
 4.08000e-01 -1.26000e-01  2.90182e-02     8.221e-03
 5.10000e-01 -1.26000e-01  2.90182e-02     0.000e+00
-5.10000e-01 -8.40000e-02  2.90182e-02     0.000e+00
-4.08000e-01 -8.40000e-02  2.90182e-02     8.239e-03
-3.06000e-01 -8.40000e-02  2.90182e-02     8.239e-03
-2.04000e-01 -8.40000e-02  2.90182e-02     8.239e-03
-1.02000e-01 -8.40000e-02  2.90182e-02     8.239e-03
 0.00000e+00 -8.40000e-02  2.90182e-02     8.239e-03
 1.02000e-01 -8.40000e-02  2.90182e-02     8.239e-03
 2.04000e-01 -8.40000e-02  2.90182e-02     8.239e-03
 3.06000e-01 -8.40000e-02  2.90182e-02     8.239e-03
 4.08000e-01 -8.40000e-02  2.90182e-02     8.239e-03
 5.10000e-01 -8.40000e-02  2.90182e-02     0.000e+00
-5.10000e-01 -4.20000e-02  2.90182e-02     0.000e+00
-4.08000e-01 -4.20000e-02  2.90182e-02     8.249e-03
-3.06000e-01 -4.20000e-02  2.90182e-02     8.249e-03
-2.04000e-01 -4.20000e-02  2.90182e-02     8.249e-03
-1.02000e-01 -4.20000e-02  2.90182e-02     8.249e-03
 0.00000e+00 -4.20000e-02  2.90182e-02     8.249e-03
 1.02000e-01 -4.20000e-02  2.90182e-02     8.249e-03
 2.04000e-01 -4.20000e-02  2.90182e-02     8.249e-03
 3.06000e-01 -4.20000e-02  2.90182e-02     8.249e-03
 4.08000e-01 -4.20000e-02  2.90182e-02     8.249e-03
 5.10000e-01 -4.20000e-02  2.90182e-02     0.000e+00
-5.10000e-01  0.00000e+00  2.90182e-02     0.000e+00
-4.08000e-01  0.00000e+00  2.90182e-02     8.253e-03
-3.06000e-01  0.00000e+00  2.90182e-02     8.253e-03
-2.04000e-01  0.00000e+00  2.90182e-02     8.253e-03
-1.02000e-01  0.00000e+00  2.90182e-02     8.253e-03
 0.00000e+00  0.00000e+00  2.90182e-02     8.253e-03
 1.02000e-01  0.00000e+00  2.90182e-02     8.253e-03
 2.04000e-01  0.00000e+00  2.90182e-02     8.253e-03
 3.06000e-01  0.00000e+00  2.90182e-02     8.253e-03
 4.08000e-01  0.00000e+00  2.90182e-02     8.253e-03
 5.10000e-01  0.00000e+00  2.90182e-02     0.000e+00
-5.10000e-01  4.20000e-02  2.90182e-02     0.000e+00
-4.08000e-01  4.20000e-02  2.90182e-02     8.249e-03
-3.06000e-01  4.20000e-02  2.90182e-02     8.249e-03
-2.04000e-01  4.20000e-02  2.90182e-02     8.249e-03
-1.02000e-01  4.20000e-02  2.90182e-02     8.249e-03
 0.00000e+00  4.20000e-02  2.90182e-02     8.249e-03
 1.02000e-01  4.20000e-02  2.90182e-02     8.249e-03
 2.04000e-01  4.20000e-02  2.90182e-02     8.249e-03
 3.06000e-01  4.20000e-02  2.90182e-02     8.249e-03
 4.08000e-01  4.20000e-02  2.90182e-02     8.249e-03
 5.10000e-01  4.20000e-02  2.90182e-02     0.000e+00
-5.10000e-01  8.40000e-02  2.90182e-02     0.000e+00
-4.08000e-01  8.40000e-02  2.90182e-02     8.239e-03
-3.06000e-01  8.40000e-02  2.90182e-02     8.239e-03
-2.04000e-01  8.40000e-02  2.90182e-02     8.239e-03
-1.02000e-01  8.40000e-02  2.90182e-02     8.239e-03
 0.00000e+00  8.40000e-02  2.90182e-02     8.239e-03
 1.02000e-01  8.40000e-02  2.90182e-02     8.239e-03
 2.04000e-01  8.40000e-02  2.90182e-02     8.239e-03
 3.06000e-01  8.40000e-02  2.90182e-02     8.239e-03
 4.08000e-01  8.40000e-02  2.90182e-02     8.239e-03
 5.10000e-01  8.40000e-02  2.90182e-02     0.000e+00
-5.10000e-01  1.26000e-01  2.90182e-02     0.000e+00
-4.08000e-01  1.26000e-01  2.90182e-02     8.221e-03
-3.06000e-01  1.26000e-01  2.90182e-02     8.221e-03
-2.04000e-01  1.26000e-01  2.90182e-02     8.221e-03
-1.02000e-01  1.26000e-01  2.90182e-02     8.221e-03
 0.00000e+00  1.26000e-01  2.90182e-02     8.221e-03
 1.02000e-01  1.26000e-01  2.90182e-02     8.221e-03
 2.04000e-01  1.26000e-01  2.90182e-02     8.221e-03
 3.06000e-01  1.26000e-01  2.90182e-02     8.221e-03
 4.08000e-01  1.26000e-01  2.90182e-02     8.221e-03
 5.10000e-01  1.26000e-01  2.90182e-02     0.000e+00
-5.10000e-01  1.68000e-01  2.90182e-02     0.000e+00
-4.08000e-01  1.68000e-01  2.90182e-02     8.196e-03
-3.06000e-01  1.68000e-01  2.90182e-02     8.196e-03
-2.04000e-01  1.68000e-01  2.90182e-02     8.196e-03
-1.02000e-01  1.68000e-01  2.90182e-02     8.196e-03
 0.00000e+00  1.68000e-01  2.90182e-02     8.196e-03
 1.02000e-01  1.68000e-01  2.90182e-02     8.196e-03
 2.04000e-01  1.68000e-01  2.90182e-02     8.196e-03
 3.06000e-01  1.68000e-01  2.90182e-02     8.196e-03
 4.08000e-01  1.68000e-01  2.90182e-02     8.196e-03
 5.10000e-01  1.68000e-01  2.90182e-02     0.000e+00
-5.10000e-01  2.10000e-01  2.90182e-02     0.000e+00
-4.08000e-01  2.10000e-01  2.90182e-02     0.000e+00
-3.06000e-01  2.10000e-01  2.90182e-02     0.000e+00
-2.04000e-01  2.10000e-01  2.90182e-02     0.000e+00
-1.02000e-01  2.10000e-01  2.90182e-02     0.000e+00
 0.00000e+00  2.10000e-01  2.90182e-02     0.000e+00
 1.02000e-01  2.10000e-01  2.90182e-02     0.000e+00
 2.04000e-01  2.10000e-01  2.90182e-02     0.000e+00
 3.06000e-01  2.10000e-01  2.90182e-02     0.000e+00
 4.08000e-01  2.10000e-01  2.90182e-02     0.000e+00
 5.10000e-01  2.10000e-01  2.90182e-02     0.000e+00
-5.10000e-01 -2.10000e-01  3.26455e-02     0.000e+00
-4.08000e-01 -2.10000e-01  3.26455e-02     0.000e+00
-3.06000e-01 -2.10000e-01  3.26455e-02     0.000e+00
-2.04000e-01 -2.10000e-01  3.26455e-02     0.000e+00
-1.02000e-01 -2.10000e-01  3.26455e-02     0.000e+00
 0.00000e+00 -2.10000e-01  3.26455e-02     0.000e+00
 1.02000e-01 -2.10000e-01  3.26455e-02     0.000e+00
 2.04000e-01 -2.10000e-01  3.26455e-02     0.000e+00
 3.06000e-01 -2.10000e-01  3.26455e-02     0.000e+00
 4.08000e-01 -2.10000e-01  3.26455e-02     0.000e+00
 5.10000e-01 -2.10000e-01  3.26455e-02     0.000e+00
-5.10000e-01 -1.68000e-01  3.26455e-02     0.000e+00
-4.08000e-01 -1.68000e-01  3.26455e-02     7.552e-03
-3.06000e-01 -1.68000e-01  3.26455e-02     7.552e-03
-2.04000e-01 -1.68000e-01  3.26455e-02     7.552e-03
-1.02000e-01 -1.68000e-01  3.26455e-02     7.552e-03
 0.00000e+00 -1.68000e-01  3.26455e-02     7.552e-03
 1.02000e-01 -1.68000e-01  3.26455e-02     7.552e-03
 2.04000e-01 -1.68000e-01  3.26455e-02     7.552e-03
 3.06000e-01 -1.68000e-01  3.26455e-02     7.552e-03
 4.08000e-01 -1.68000e-01  3.26455e-02     7.552e-03
 5.10000e-01 -1.68000e-01  3.26455e-02     0.000e+00
-5.10000e-01 -1.26000e-01  3.26455e-02     0.000e+00
-4.08000e-01 -1.26000e-01  3.26455e-02     7.575e-03
-3.06000e-01 -1.26000e-01  3.26455e-02     7.575e-03
-2.04000e-01 -1.26000e-01  3.26455e-02     7.575e-03
-1.02000e-01 -1.26000e-01  3.26455e-02     7.575e-03
 0.00000e+00 -1.26000e-01  3.26455e-02     7.575e-03
 1.02000e-01 -1.26000e-01  3.26455e-02     7.575e-03
 2.04000e-01 -1.26000e-01  3.26455e-02     7.575e-03
 3.06000e-01 -1.26000e-01  3.26455e-02     7.575e-03
 4.08000e-01 -1.26000e-01  3.26455e-02     7.575e-03
 5.10000e-01 -1.26000e-01  3.26455e-02     0.000e+00
-5.10000e-01 -8.40000e-02  3.26455e-02     0.000e+00
-4.08000e-01 -8.40000e-02  3.26455e-02     7.592e-03
-3.06000e-01 -8.40000e-02  3.26455e-02     7.592e-03
-2.04000e-01 -8.40000e-02  3.26455e-02     7.592e-03
-1.02000e-01 -8.40000e-02  3.26455e-02     7.592e-03
 0.00000e+00 -8.40000e-02  3.26455e-02     7.592e-03
 1.02000e-01 -8.40000e-02  3.26455e-02     7.592e-03
 2.04000e-01 -8.40000e-02  3.26455e-02     7.592e-03
 3.06000e-01 -8.40000e-02  3.26455e-02     7.592e-03
 4.08000e-01 -8.40000e-02  3.26455e-02     7.592e-03
 5.10000e-01 -8.40000e-02  3.26455e-02     0.000e+00
-5.10000e-01 -4.20000e-02  3.26455e-02     0.000e+00
-4.08000e-01 -4.20000e-02  3.26455e-02     7.602e-03
-3.06000e-01 -4.20000e-02  3.26455e-02     7.602e-03
-2.04000e-01 -4.20000e-02  3.26455e-02     7.602e-03
-1.02000e-01 -4.20000e-02  3.26455e-02     7.602e-03
 0.00000e+00 -4.20000e-02  3.26455e-02     7.602e-03
 1.02000e-01 -4.20000e-02  3.26455e-02     7.602e-03
 2.04000e-01 -4.20000e-02  3.26455e-02     7.602e-03
 3.06000e-01 -4.20000e-02  3.26455e-02     7.602e-03
 4.08000e-01 -4.20000e-02  3.26455e-02     7.602e-03
 5.10000e-01 -4.20000e-02  3.26455e-02     0.000e+00
-5.10000e-01  0.00000e+00  3.26455e-02     0.000e+00
-4.08000e-01  0.00000e+00  3.26455e-02     7.606e-03
-3.06000e-01  0.00000e+00  3.26455e-02     7.606e-03
-2.04000e-01  0.00000e+00  3.26455e-02     7.606e-03
-1.02000e-01  0.00000e+00  3.26455e-02     7.606e-03
 0.00000e+00  0.00000e+00  3.26455e-02     7.606e-03
 1.02000e-01  0.00000e+00  3.26455e-02     7.606e-03
 2.04000e-01  0.00000e+00  3.26455e-02     7.606e-03
 3.06000e-01  0.00000e+00  3.26455e-02     7.606e-03
 4.08000e-01  0.00000e+00  3.26455e-02     7.606e-03
 5.10000e-01  0.00000e+00  3.26455e-02     0.000e+00
-5.10000e-01  4.20000e-02  3.26455e-02     0.000e+00
-4.08000e-01  4.20000e-02  3.26455e-02     7.602e-03
-3.06000e-01  4.20000e-02  3.26455e-02     7.602e-03
-2.04000e-01  4.20000e-02  3.26455e-02     7.602e-03
-1.02000e-01  4.20000e-02  3.26455e-02     7.602e-03
 0.00000e+00  4.20000e-02  3.26455e-02     7.602e-03
 1.02000e-01  4.20000e-02  3.26455e-02     7.602e-03
 2.04000e-01  4.20000e-02  3.26455e-02     7.602e-03
 3.06000e-01  4.20000e-02  3.26455e-02     7.602e-03
 4.08000e-01  4.20000e-02  3.26455e-02     7.602e-03
 5.10000e-01  4.20000e-02  3.26455e-02     0.000e+00
-5.10000e-01  8.40000e-02  3.26455e-02     0.000e+00
-4.08000e-01  8.40000e-02  3.26455e-02     7.592e-03
-3.06000e-01  8.40000e-02  3.26455e-02     7.592e-03
-2.04000e-01  8.40000e-02  3.26455e-02     7.592e-03
-1.02000e-01  8.40000e-02  3.26455e-02     7.592e-03
 0.00000e+00  8.40000e-02  3.26455e-02     7.592e-03
 1.02000e-01  8.40000e-02  3.26455e-02     7.592e-03
 2.04000e-01  8.40000e-02  3.26455e-02     7.592e-03
 3.06000e-01  8.40000e-02  3.26455e-02     7.592e-03
 4.08000e-01  8.40000e-02  3.26455e-02     7.592e-03
 5.10000e-01  8.40000e-02  3.26455e-02     0.000e+00
-5.10000e-01  1.26000e-01  3.26455e-02     0.000e+00
-4.08000e-01  1.26000e-01  3.26455e-02     7.575e-03
-3.06000e-01  1.26000e-01  3.26455e-02     7.575e-03
-2.04000e-01  1.26000e-01  3.26455e-02     7.575e-03
-1.02000e-01  1.26000e-01  3.26455e-02     7.575e-03
 0.00000e+00  1.26000e-01  3.26455e-02     7.575e-03
 1.02000e-01  1.26000e-01  3.26455e-02     7.575e-03
 2.04000e-01  1.26000e-01  3.26455e-02     7.575e-03
 3.06000e-01  1.26000e-01  3.26455e-02     7.575e-03
 4.08000e-01  1.26000e-01  3.26455e-02     7.575e-03
 5.10000e-01  1.26000e-01  3.26455e-02     0.000e+00
-5.10000e-01  1.68000e-01  3.26455e-02     0.000e+00
-4.08000e-01  1.68000e-01  3.26455e-02     7.552e-03
-3.06000e-01  1.68000e-01  3.26455e-02     7.552e-03
-2.04000e-01  1.68000e-01  3.26455e-02     7.552e-03
-1.02000e-01  1.68000e-01  3.26455e-02     7.552e-03
 0.00000e+00  1.68000e-01  3.26455e-02     7.552e-03
 1.02000e-01  1.68000e-01  3.26455e-02     7.552e-03
 2.04000e-01  1.68000e-01  3.26455e-02     7.552e-03
 3.06000e-01  1.68000e-01  3.26455e-02     7.552e-03
 4.08000e-01  1.68000e-01  3.26455e-02     7.552e-03
 5.10000e-01  1.68000e-01  3.26455e-02     0.000e+00
-5.10000e-01  2.10000e-01  3.26455e-02     0.000e+00
-4.08000e-01  2.10000e-01  3.26455e-02     0.000e+00
-3.06000e-01  2.10000e-01  3.26455e-02     0.000e+00
-2.04000e-01  2.10000e-01  3.26455e-02     0.000e+00
-1.02000e-01  2.10000e-01  3.26455e-02     0.000e+00
 0.00000e+00  2.10000e-01  3.26455e-02     0.000e+00
 1.02000e-01  2.10000e-01  3.26455e-02     0.000e+00
 2.04000e-01  2.10000e-01  3.26455e-02     0.000e+00
 3.06000e-01  2.10000e-01  3.26455e-02     0.000e+00
 4.08000e-01  2.10000e-01  3.26455e-02     0.000e+00
 5.10000e-01  2.10000e-01  3.26455e-02     0.000e+00
-5.10000e-01 -2.10000e-01  3.62727e-02     0.000e+00
-4.08000e-01 -2.10000e-01  3.62727e-02     0.000e+00
-3.06000e-01 -2.10000e-01  3.62727e-02     0.000e+00
-2.04000e-01 -2.10000e-01  3.62727e-02     0.000e+00
-1.02000e-01 -2.10000e-01  3.62727e-02     0.000e+00
 0.00000e+00 -2.10000e-01  3.62727e-02     0.000e+00
 1.02000e-01 -2.10000e-01  3.62727e-02     0.000e+00
 2.04000e-01 -2.10000e-01  3.62727e-02     0.000e+00
 3.06000e-01 -2.10000e-01  3.62727e-02     0.000e+00
 4.08000e-01 -2.10000e-01  3.62727e-02     0.000e+00
 5.10000e-01 -2.10000e-01  3.62727e-02     0.000e+00
-5.10000e-01 -1.68000e-01  3.62727e-02     0.000e+00
-4.08000e-01 -1.68000e-01  3.62727e-02     6.996e-03
-3.06000e-01 -1.68000e-01  3.62727e-02     6.996e-03
-2.04000e-01 -1.68000e-01  3.62727e-02     6.996e-03
-1.02000e-01 -1.68000e-01  3.62727e-02     6.996e-03
 0.00000e+00 -1.68000e-01  3.62727e-02     6.996e-03
 1.02000e-01 -1.68000e-01  3.62727e-02     6.996e-03
 2.04000e-01 -1.68000e-01  3.62727e-02     6.996e-03
 3.06000e-01 -1.68000e-01  3.62727e-02     6.996e-03
 4.08000e-01 -1.68000e-01  3.62727e-02     6.996e-03
 5.10000e-01 -1.68000e-01  3.62727e-02     0.000e+00
-5.10000e-01 -1.26000e-01  3.62727e-02     0.000e+00
-4.08000e-01 -1.26000e-01  3.62727e-02     7.019e-03
-3.06000e-01 -1.26000e-01  3.62727e-02     7.019e-03
-2.04000e-01 -1.26000e-01  3.62727e-02     7.019e-03
-1.02000e-01 -1.26000e-01  3.62727e-02     7.019e-03
 0.00000e+00 -1.26000e-01  3.62727e-02     7.019e-03
 1.02000e-01 -1.26000e-01  3.62727e-02     7.019e-03
 2.04000e-01 -1.26000e-01  3.62727e-02     7.019e-03
 3.06000e-01 -1.26000e-01  3.62727e-02     7.019e-03
 4.08000e-01 -1.26000e-01  3.62727e-02     7.019e-03
 5.10000e-01 -1.26000e-01  3.62727e-02     0.000e+00
-5.10000e-01 -8.40000e-02  3.62727e-02     0.000e+00
-4.08000e-01 -8.40000e-02  3.62727e-02     7.035e-03
-3.06000e-01 -8.40000e-02  3.62727e-02     7.035e-03
-2.04000e-01 -8.40000e-02  3.62727e-02     7.035e-03
-1.02000e-01 -8.40000e-02  3.62727e-02     7.035e-03
 0.00000e+00 -8.40000e-02  3.62727e-02     7.035e-03
 1.02000e-01 -8.40000e-02  3.62727e-02     7.035e-03
 2.04000e-01 -8.40000e-02  3.62727e-02     7.035e-03
 3.06000e-01 -8.40000e-02  3.62727e-02     7.035e-03
 4.08000e-01 -8.40000e-02  3.62727e-02     7.035e-03
 5.10000e-01 -8.40000e-02  3.62727e-02     0.000e+00
-5.10000e-01 -4.20000e-02  3.62727e-02     0.000e+00
-4.08000e-01 -4.20000e-02  3.62727e-02     7.044e-03
-3.06000e-01 -4.20000e-02  3.62727e-02     7.044e-03
-2.04000e-01 -4.20000e-02  3.62727e-02     7.044e-03
-1.02000e-01 -4.20000e-02  3.62727e-02     7.044e-03
 0.00000e+00 -4.20000e-02  3.62727e-02     7.044e-03
 1.02000e-01 -4.20000e-02  3.62727e-02     7.044e-03
 2.04000e-01 -4.20000e-02  3.62727e-02     7.044e-03
 3.06000e-01 -4.20000e-02  3.62727e-02     7.044e-03
 4.08000e-01 -4.20000e-02  3.62727e-02     7.044e-03
 5.10000e-01 -4.20000e-02  3.62727e-02     0.000e+00
-5.10000e-01  0.00000e+00  3.62727e-02     0.000e+00
-4.08000e-01  0.00000e+00  3.62727e-02     7.047e-03
-3.06000e-01  0.00000e+00  3.62727e-02     7.047e-03
-2.04000e-01  0.00000e+00  3.62727e-02     7.047e-03
-1.02000e-01  0.00000e+00  3.62727e-02     7.047e-03
 0.00000e+00  0.00000e+00  3.62727e-02     7.047e-03
 1.02000e-01  0.00000e+00  3.62727e-02     7.047e-03
 2.04000e-01  0.00000e+00  3.62727e-02     7.047e-03
 3.06000e-01  0.00000e+00  3.62727e-02     7.047e-03
 4.08000e-01  0.00000e+00  3.62727e-02     7.047e-03
 5.10000e-01  0.00000e+00  3.62727e-02     0.000e+00
-5.10000e-01  4.20000e-02  3.62727e-02     0.000e+00
-4.08000e-01  4.20000e-02  3.62727e-02     7.044e-03
-3.06000e-01  4.20000e-02  3.62727e-02     7.044e-03
-2.04000e-01  4.20000e-02  3.62727e-02     7.044e-03
-1.02000e-01  4.20000e-02  3.62727e-02     7.044e-03
 0.00000e+00  4.20000e-02  3.62727e-02     7.044e-03
 1.02000e-01  4.20000e-02  3.62727e-02     7.044e-03
 2.04000e-01  4.20000e-02  3.62727e-02     7.044e-03
 3.06000e-01  4.20000e-02  3.62727e-02     7.044e-03
 4.08000e-01  4.20000e-02  3.62727e-02     7.044e-03
 5.10000e-01  4.20000e-02  3.62727e-02     0.000e+00
-5.10000e-01  8.40000e-02  3.62727e-02     0.000e+00
-4.08000e-01  8.40000e-02  3.62727e-02     7.035e-03
-3.06000e-01  8.40000e-02  3.62727e-02     7.035e-03
-2.04000e-01  8.40000e-02  3.62727e-02     7.035e-03
-1.02000e-01  8.40000e-02  3.62727e-02     7.035e-03
 0.00000e+00  8.40000e-02  3.62727e-02     7.035e-03
 1.02000e-01  8.40000e-02  3.62727e-02     7.035e-03
 2.04000e-01  8.40000e-02  3.62727e-02     7.035e-03
 3.06000e-01  8.40000e-02  3.62727e-02     7.035e-03
 4.08000e-01  8.40000e-02  3.62727e-02     7.035e-03
 5.10000e-01  8.40000e-02  3.62727e-02     0.000e+00
-5.10000e-01  1.26000e-01  3.62727e-02     0.000e+00
-4.08000e-01  1.26000e-01  3.62727e-02     7.019e-03
-3.06000e-01  1.26000e-01  3.62727e-02     7.019e-03
-2.04000e-01  1.26000e-01  3.62727e-02     7.019e-03
-1.02000e-01  1.26000e-01  3.62727e-02     7.019e-03
 0.00000e+00  1.26000e-01  3.62727e-02     7.019e-03
 1.02000e-01  1.26000e-01  3.62727e-02     7.019e-03
 2.04000e-01  1.26000e-01  3.62727e-02     7.019e-03
 3.06000e-01  1.26000e-01  3.62727e-02     7.019e-03
 4.08000e-01  1.26000e-01  3.62727e-02     7.019e-03
 5.10000e-01  1.26000e-01  3.62727e-02     0.000e+00
-5.10000e-01  1.68000e-01  3.62727e-02     0.000e+00
-4.08000e-01  1.68000e-01  3.62727e-02     6.996e-03
-3.06000e-01  1.68000e-01  3.62727e-02     6.996e-03
-2.04000e-01  1.68000e-01  3.62727e-02     6.996e-03
-1.02000e-01  1.68000e-01  3.62727e-02     6.996e-03
 0.00000e+00  1.68000e-01  3.62727e-02     6.996e-03
 1.02000e-01  1.68000e-01  3.62727e-02     6.996e-03
 2.04000e-01  1.68000e-01  3.62727e-02     6.996e-03
 3.06000e-01  1.68000e-01  3.62727e-02     6.996e-03
 4.08000e-01  1.68000e-01  3.62727e-02     6.996e-03
 5.10000e-01  1.68000e-01  3.62727e-02     0.000e+00
-5.10000e-01  2.10000e-01  3.62727e-02     0.000e+00
-4.08000e-01  2.10000e-01  3.62727e-02     0.000e+00
-3.06000e-01  2.10000e-01  3.62727e-02     0.000e+00
-2.04000e-01  2.10000e-01  3.62727e-02     0.000e+00
-1.02000e-01  2.10000e-01  3.62727e-02     0.000e+00
 0.00000e+00  2.10000e-01  3.62727e-02     0.000e+00
 1.02000e-01  2.10000e-01  3.62727e-02     0.000e+00
 2.04000e-01  2.10000e-01  3.62727e-02     0.000e+00
 3.06000e-01  2.10000e-01  3.62727e-02     0.000e+00
 4.08000e-01  2.10000e-01  3.62727e-02     0.000e+00
 5.10000e-01  2.10000e-01  3.62727e-02     0.000e+00
-5.10000e-01 -2.10000e-01  3.99000e-02     0.000e+00
-4.08000e-01 -2.10000e-01  3.99000e-02     0.000e+00
-3.06000e-01 -2.10000e-01  3.99000e-02     0.000e+00
-2.04000e-01 -2.10000e-01  3.99000e-02     0.000e+00
-1.02000e-01 -2.10000e-01  3.99000e-02     0.000e+00
 0.00000e+00 -2.10000e-01  3.99000e-02     0.000e+00
 1.02000e-01 -2.10000e-01  3.99000e-02     0.000e+00
 2.04000e-01 -2.10000e-01  3.99000e-02     0.000e+00
 3.06000e-01 -2.10000e-01  3.99000e-02     0.000e+00
 4.08000e-01 -2.10000e-01  3.99000e-02     0.000e+00
 5.10000e-01 -2.10000e-01  3.99000e-02     0.000e+00
-5.10000e-01 -1.68000e-01  3.99000e-02     0.000e+00
-4.08000e-01 -1.68000e-01  3.99000e-02     6.513e-03
-3.06000e-01 -1.68000e-01  3.99000e-02     6.513e-03
-2.04000e-01 -1.68000e-01  3.99000e-02     6.513e-03
-1.02000e-01 -1.68000e-01  3.99000e-02     6.513e-03
 0.00000e+00 -1.68000e-01  3.99000e-02     6.513e-03
 1.02000e-01 -1.68000e-01  3.99000e-02     6.513e-03
 2.04000e-01 -1.68000e-01  3.99000e-02     6.513e-03
 3.06000e-01 -1.68000e-01  3.99000e-02     6.513e-03
 4.08000e-01 -1.68000e-01  3.99000e-02     6.513e-03
 5.10000e-01 -1.68000e-01  3.99000e-02     0.000e+00
-5.10000e-01 -1.26000e-01  3.99000e-02     0.000e+00
-4.08000e-01 -1.26000e-01  3.99000e-02     6.534e-03
-3.06000e-01 -1.26000e-01  3.99000e-02     6.534e-03
-2.04000e-01 -1.26000e-01  3.99000e-02     6.534e-03
-1.02000e-01 -1.26000e-01  3.99000e-02     6.534e-03
 0.00000e+00 -1.26000e-01  3.99000e-02     6.534e-03
 1.02000e-01 -1.26000e-01  3.99000e-02     6.534e-03
 2.04000e-01 -1.26000e-01  3.99000e-02     6.534e-03
 3.06000e-01 -1.26000e-01  3.99000e-02     6.534e-03
 4.08000e-01 -1.26000e-01  3.99000e-02     6.534e-03
 5.10000e-01 -1.26000e-01  3.99000e-02     0.000e+00
-5.10000e-01 -8.40000e-02  3.99000e-02     0.000e+00
-4.08000e-01 -8.40000e-02  3.99000e-02     6.549e-03
-3.06000e-01 -8.40000e-02  3.99000e-02     6.549e-03
-2.04000e-01 -8.40000e-02  3.99000e-02     6.549e-03
-1.02000e-01 -8.40000e-02  3.99000e-02     6.549e-03
 0.00000e+00 -8.40000e-02  3.99000e-02     6.549e-03
 1.02000e-01 -8.40000e-02  3.99000e-02     6.549e-03
 2.04000e-01 -8.40000e-02  3.99000e-02     6.549e-03
 3.06000e-01 -8.40000e-02  3.99000e-02     6.549e-03
 4.08000e-01 -8.40000e-02  3.99000e-02     6.549e-03
 5.10000e-01 -8.40000e-02  3.99000e-02     0.000e+00
-5.10000e-01 -4.20000e-02  3.99000e-02     0.000e+00
-4.08000e-01 -4.20000e-02  3.99000e-02     6.558e-03
-3.06000e-01 -4.20000e-02  3.99000e-02     6.558e-03
-2.04000e-01 -4.20000e-02  3.99000e-02     6.558e-03
-1.02000e-01 -4.20000e-02  3.99000e-02     6.558e-03
 0.00000e+00 -4.20000e-02  3.99000e-02     6.558e-03
 1.02000e-01 -4.20000e-02  3.99000e-02     6.558e-03
 2.04000e-01 -4.20000e-02  3.99000e-02     6.558e-03
 3.06000e-01 -4.20000e-02  3.99000e-02     6.558e-03
 4.08000e-01 -4.20000e-02  3.99000e-02     6.558e-03
 5.10000e-01 -4.20000e-02  3.99000e-02     0.000e+00
-5.10000e-01  0.00000e+00  3.99000e-02     0.000e+00
-4.08000e-01  0.00000e+00  3.99000e-02     6.561e-03
-3.06000e-01  0.00000e+00  3.99000e-02     6.561e-03
-2.04000e-01  0.00000e+00  3.99000e-02     6.561e-03
-1.02000e-01  0.00000e+00  3.99000e-02     6.561e-03
 0.00000e+00  0.00000e+00  3.99000e-02     6.561e-03
 1.02000e-01  0.00000e+00  3.99000e-02     6.561e-03
 2.04000e-01  0.00000e+00  3.99000e-02     6.561e-03
 3.06000e-01  0.00000e+00  3.99000e-02     6.561e-03
 4.08000e-01  0.00000e+00  3.99000e-02     6.561e-03
 5.10000e-01  0.00000e+00  3.99000e-02     0.000e+00
-5.10000e-01  4.20000e-02  3.99000e-02     0.000e+00
-4.08000e-01  4.20000e-02  3.99000e-02     6.558e-03
-3.06000e-01  4.20000e-02  3.99000e-02     6.558e-03
-2.04000e-01  4.20000e-02  3.99000e-02     6.558e-03
-1.02000e-01  4.20000e-02  3.99000e-02     6.558e-03
 0.00000e+00  4.20000e-02  3.99000e-02     6.558e-03
 1.02000e-01  4.20000e-02  3.99000e-02     6.558e-03
 2.04000e-01  4.20000e-02  3.99000e-02     6.558e-03
 3.06000e-01  4.20000e-02  3.99000e-02     6.558e-03
 4.08000e-01  4.20000e-02  3.99000e-02     6.558e-03
 5.10000e-01  4.20000e-02  3.99000e-02     0.000e+00
-5.10000e-01  8.40000e-02  3.99000e-02     0.000e+00
-4.08000e-01  8.40000e-02  3.99000e-02     6.549e-03
-3.06000e-01  8.40000e-02  3.99000e-02     6.549e-03
-2.04000e-01  8.40000e-02  3.99000e-02     6.549e-03
-1.02000e-01  8.40000e-02  3.99000e-02     6.549e-03
 0.00000e+00  8.40000e-02  3.99000e-02     6.549e-03
 1.02000e-01  8.40000e-02  3.99000e-02     6.549e-03
 2.04000e-01  8.40000e-02  3.99000e-02     6.549e-03
 3.06000e-01  8.40000e-02  3.99000e-02     6.549e-03
 4.08000e-01  8.40000e-02  3.99000e-02     6.549e-03
 5.10000e-01  8.40000e-02  3.99000e-02     0.000e+00
-5.10000e-01  1.26000e-01  3.99000e-02     0.000e+00
-4.08000e-01  1.26000e-01  3.99000e-02     6.534e-03
-3.06000e-01  1.26000e-01  3.99000e-02     6.534e-03
-2.04000e-01  1.26000e-01  3.99000e-02     6.534e-03
-1.02000e-01  1.26000e-01  3.99000e-02     6.534e-03
 0.00000e+00  1.26000e-01  3.99000e-02     6.534e-03
 1.02000e-01  1.26000e-01  3.99000e-02     6.534e-03
 2.04000e-01  1.26000e-01  3.99000e-02     6.534e-03
 3.06000e-01  1.26000e-01  3.99000e-02     6.534e-03
 4.08000e-01  1.26000e-01  3.99000e-02     6.534e-03
 5.10000e-01  1.26000e-01  3.99000e-02     0.000e+00
-5.10000e-01  1.68000e-01  3.99000e-02     0.000e+00
-4.08000e-01  1.68000e-01  3.99000e-02     6.513e-03
-3.06000e-01  1.68000e-01  3.99000e-02     6.513e-03
-2.04000e-01  1.68000e-01  3.99000e-02     6.513e-03
-1.02000e-01  1.68000e-01  3.99000e-02     6.513e-03
 0.00000e+00  1.68000e-01  3.99000e-02     6.513e-03
 1.02000e-01  1.68000e-01  3.99000e-02     6.513e-03
 2.04000e-01  1.68000e-01  3.99000e-02     6.513e-03
 3.06000e-01  1.68000e-01  3.99000e-02     6.513e-03
 4.08000e-01  1.68000e-01  3.99000e-02     6.513e-03
 5.10000e-01  1.68000e-01  3.99000e-02     0.000e+00
-5.10000e-01  2.10000e-01  3.99000e-02     0.000e+00
-4.08000e-01  2.10000e-01  3.99000e-02     0.000e+00
-3.06000e-01  2.10000e-01  3.99000e-02     0.000e+00
-2.04000e-01  2.10000e-01  3.99000e-02     0.000e+00
-1.02000e-01  2.10000e-01  3.99000e-02     0.000e+00
 0.00000e+00  2.10000e-01  3.99000e-02     0.000e+00
 1.02000e-01  2.10000e-01  3.99000e-02     0.000e+00
 2.04000e-01  2.10000e-01  3.99000e-02     0.000e+00
 3.06000e-01  2.10000e-01  3.99000e-02     0.000e+00
 4.08000e-01  2.10000e-01  3.99000e-02     0.000e+00
 5.10000e-01  2.10000e-01  3.99000e-02     0.000e+00
-5.10000e-01 -2.10000e-01  4.35273e-02     0.000e+00
-4.08000e-01 -2.10000e-01  4.35273e-02     0.000e+00
-3.06000e-01 -2.10000e-01  4.35273e-02     0.000e+00
-2.04000e-01 -2.10000e-01  4.35273e-02     0.000e+00
-1.02000e-01 -2.10000e-01  4.35273e-02     0.000e+00
 0.00000e+00 -2.10000e-01  4.35273e-02     0.000e+00
 1.02000e-01 -2.10000e-01  4.35273e-02     0.000e+00
 2.04000e-01 -2.10000e-01  4.35273e-02     0.000e+00
 3.06000e-01 -2.10000e-01  4.35273e-02     0.000e+00
 4.08000e-01 -2.10000e-01  4.35273e-02     0.000e+00
 5.10000e-01 -2.10000e-01  4.35273e-02     0.000e+00
-5.10000e-01 -1.68000e-01  4.35273e-02     0.000e+00
-4.08000e-01 -1.68000e-01  4.35273e-02     6.088e-03
-3.06000e-01 -1.68000e-01  4.35273e-02     6.088e-03
-2.04000e-01 -1.68000e-01  4.35273e-02     6.088e-03
-1.02000e-01 -1.68000e-01  4.35273e-02     6.088e-03
 0.00000e+00 -1.68000e-01  4.35273e-02     6.088e-03
 1.02000e-01 -1.68000e-01  4.35273e-02     6.088e-03
 2.04000e-01 -1.68000e-01  4.35273e-02     6.088e-03
 3.06000e-01 -1.68000e-01  4.35273e-02     6.088e-03
 4.08000e-01 -1.68000e-01  4.35273e-02     6.088e-03
 5.10000e-01 -1.68000e-01  4.35273e-02     0.000e+00
-5.10000e-01 -1.26000e-01  4.35273e-02     0.000e+00
-4.08000e-01 -1.26000e-01  4.35273e-02     6.108e-03
-3.06000e-01 -1.26000e-01  4.35273e-02     6.108e-03
-2.04000e-01 -1.26000e-01  4.35273e-02     6.108e-03
-1.02000e-01 -1.26000e-01  4.35273e-02     6.108e-03
 0.00000e+00 -1.26000e-01  4.35273e-02     6.108e-03
 1.02000e-01 -1.26000e-01  4.35273e-02     6.108e-03
 2.04000e-01 -1.26000e-01  4.35273e-02     6.108e-03
 3.06000e-01 -1.26000e-01  4.35273e-02     6.108e-03
 4.08000e-01 -1.26000e-01  4.35273e-02     6.108e-03
 5.10000e-01 -1.26000e-01  4.35273e-02     0.000e+00
-5.10000e-01 -8.40000e-02  4.35273e-02     0.000e+00
-4.08000e-01 -8.40000e-02  4.35273e-02     6.123e-03
-3.06000e-01 -8.40000e-02  4.35273e-02     6.123e-03
-2.04000e-01 -8.40000e-02  4.35273e-02     6.123e-03
-1.02000e-01 -8.40000e-02  4.35273e-02     6.123e-03
 0.00000e+00 -8.40000e-02  4.35273e-02     6.123e-03
 1.02000e-01 -8.40000e-02  4.35273e-02     6.123e-03
 2.04000e-01 -8.40000e-02  4.35273e-02     6.123e-03
 3.06000e-01 -8.40000e-02  4.35273e-02     6.123e-03
 4.08000e-01 -8.40000e-02  4.35273e-02     6.123e-03
 5.10000e-01 -8.40000e-02  4.35273e-02     0.000e+00
-5.10000e-01 -4.20000e-02  4.35273e-02     0.000e+00
-4.08000e-01 -4.20000e-02  4.35273e-02     6.132e-03
-3.06000e-01 -4.20000e-02  4.35273e-02     6.132e-03
-2.04000e-01 -4.20000e-02  4.35273e-02     6.132e-03
-1.02000e-01 -4.20000e-02  4.35273e-02     6.132e-03
 0.00000e+00 -4.20000e-02  4.35273e-02     6.132e-03
 1.02000e-01 -4.20000e-02  4.35273e-02     6.132e-03
 2.04000e-01 -4.20000e-02  4.35273e-02     6.132e-03
 3.06000e-01 -4.20000e-02  4.35273e-02     6.132e-03
 4.08000e-01 -4.20000e-02  4.35273e-02     6.132e-03
 5.10000e-01 -4.20000e-02  4.35273e-02     0.000e+00
-5.10000e-01  0.00000e+00  4.35273e-02     0.000e+00
-4.08000e-01  0.00000e+00  4.35273e-02     6.135e-03
-3.06000e-01  0.00000e+00  4.35273e-02     6.135e-03
-2.04000e-01  0.00000e+00  4.35273e-02     6.135e-03
-1.02000e-01  0.00000e+00  4.35273e-02     6.135e-03
 0.00000e+00  0.00000e+00  4.35273e-02     6.135e-03
 1.02000e-01  0.00000e+00  4.35273e-02     6.135e-03
 2.04000e-01  0.00000e+00  4.35273e-02     6.135e-03
 3.06000e-01  0.00000e+00  4.35273e-02     6.135e-03
 4.08000e-01  0.00000e+00  4.35273e-02     6.135e-03
 5.10000e-01  0.00000e+00  4.35273e-02     0.000e+00
-5.10000e-01  4.20000e-02  4.35273e-02     0.000e+00
-4.08000e-01  4.20000e-02  4.35273e-02     6.132e-03
-3.06000e-01  4.20000e-02  4.35273e-02     6.132e-03
-2.04000e-01  4.20000e-02  4.35273e-02     6.132e-03
-1.02000e-01  4.20000e-02  4.35273e-02     6.132e-03
 0.00000e+00  4.20000e-02  4.35273e-02     6.132e-03
 1.02000e-01  4.20000e-02  4.35273e-02     6.132e-03
 2.04000e-01  4.20000e-02  4.35273e-02     6.132e-03
 3.06000e-01  4.20000e-02  4.35273e-02     6.132e-03
 4.08000e-01  4.20000e-02  4.35273e-02     6.132e-03
 5.10000e-01  4.20000e-02  4.35273e-02     0.000e+00
-5.10000e-01  8.40000e-02  4.35273e-02     0.000e+00
-4.08000e-01  8.40000e-02  4.35273e-02     6.123e-03
-3.06000e-01  8.40000e-02  4.35273e-02     6.123e-03
-2.04000e-01  8.40000e-02  4.35273e-02     6.123e-03
-1.02000e-01  8.40000e-02  4.35273e-02     6.123e-03
 0.00000e+00  8.40000e-02  4.35273e-02     6.123e-03
 1.02000e-01  8.40000e-02  4.35273e-02     6.123e-03
 2.04000e-01  8.40000e-02  4.35273e-02     6.123e-03
 3.06000e-01  8.40000e-02  4.35273e-02     6.123e-03
 4.08000e-01  8.40000e-02  4.35273e-02     6.123e-03
 5.10000e-01  8.40000e-02  4.35273e-02     0.000e+00
-5.10000e-01  1.26000e-01  4.35273e-02     0.000e+00
-4.08000e-01  1.26000e-01  4.35273e-02     6.108e-03
-3.06000e-01  1.26000e-01  4.35273e-02     6.108e-03
-2.04000e-01  1.26000e-01  4.35273e-02     6.108e-03
-1.02000e-01  1.26000e-01  4.35273e-02     6.108e-03
 0.00000e+00  1.26000e-01  4.35273e-02     6.108e-03
 1.02000e-01  1.26000e-01  4.35273e-02     6.108e-03
 2.04000e-01  1.26000e-01  4.35273e-02     6.108e-03
 3.06000e-01  1.26000e-01  4.35273e-02     6.108e-03
 4.08000e-01  1.26000e-01  4.35273e-02     6.108e-03
 5.10000e-01  1.26000e-01  4.35273e-02     0.000e+00
-5.10000e-01  1.68000e-01  4.35273e-02     0.000e+00
-4.08000e-01  1.68000e-01  4.35273e-02     6.088e-03
-3.06000e-01  1.68000e-01  4.35273e-02     6.088e-03
-2.04000e-01  1.68000e-01  4.35273e-02     6.088e-03
-1.02000e-01  1.68000e-01  4.35273e-02     6.088e-03
 0.00000e+00  1.68000e-01  4.35273e-02     6.088e-03
 1.02000e-01  1.68000e-01  4.35273e-02     6.088e-03
 2.04000e-01  1.68000e-01  4.35273e-02     6.088e-03
 3.06000e-01  1.68000e-01  4.35273e-02     6.088e-03
 4.08000e-01  1.68000e-01  4.35273e-02     6.088e-03
 5.10000e-01  1.68000e-01  4.35273e-02     0.000e+00
-5.10000e-01  2.10000e-01  4.35273e-02     0.000e+00
-4.08000e-01  2.10000e-01  4.35273e-02     0.000e+00
-3.06000e-01  2.10000e-01  4.35273e-02     0.000e+00
-2.04000e-01  2.10000e-01  4.35273e-02     0.000e+00
-1.02000e-01  2.10000e-01  4.35273e-02     0.000e+00
 0.00000e+00  2.10000e-01  4.35273e-02     0.000e+00
 1.02000e-01  2.10000e-01  4.35273e-02     0.000e+00
 2.04000e-01  2.10000e-01  4.35273e-02     0.000e+00
 3.06000e-01  2.10000e-01  4.35273e-02     0.000e+00
 4.08000e-01  2.10000e-01  4.35273e-02     0.000e+00
 5.10000e-01  2.10000e-01  4.35273e-02     0.000e+00
-5.10000e-01 -2.10000e-01  4.71545e-02     0.000e+00
-4.08000e-01 -2.10000e-01  4.71545e-02     0.000e+00
-3.06000e-01 -2.10000e-01  4.71545e-02     0.000e+00
-2.04000e-01 -2.10000e-01  4.71545e-02     0.000e+00
-1.02000e-01 -2.10000e-01  4.71545e-02     0.000e+00
 0.00000e+00 -2.10000e-01  4.71545e-02     0.000e+00
 1.02000e-01 -2.10000e-01  4.71545e-02     0.000e+00
 2.04000e-01 -2.10000e-01  4.71545e-02     0.000e+00
 3.06000e-01 -2.10000e-01  4.71545e-02     0.000e+00
 4.08000e-01 -2.10000e-01  4.71545e-02     0.000e+00
 5.10000e-01 -2.10000e-01  4.71545e-02     0.000e+00
-5.10000e-01 -1.68000e-01  4.71545e-02     0.000e+00
-4.08000e-01 -1.68000e-01  4.71545e-02     5.712e-03
-3.06000e-01 -1.68000e-01  4.71545e-02     5.712e-03
-2.04000e-01 -1.68000e-01  4.71545e-02     5.712e-03
-1.02000e-01 -1.68000e-01  4.71545e-02     5.712e-03
 0.00000e+00 -1.68000e-01  4.71545e-02     5.712e-03
 1.02000e-01 -1.68000e-01  4.71545e-02     5.712e-03
 2.04000e-01 -1.68000e-01  4.71545e-02     5.712e-03
 3.06000e-01 -1.68000e-01  4.71545e-02     5.712e-03
 4.08000e-01 -1.68000e-01  4.71545e-02     5.712e-03
 5.10000e-01 -1.68000e-01  4.71545e-02     0.000e+00
-5.10000e-01 -1.26000e-01  4.71545e-02     0.000e+00
-4.08000e-01 -1.26000e-01  4.71545e-02     5.731e-03
-3.06000e-01 -1.26000e-01  4.71545e-02     5.731e-03
-2.04000e-01 -1.26000e-01  4.71545e-02     5.731e-03
-1.02000e-01 -1.26000e-01  4.71545e-02     5.731e-03
 0.00000e+00 -1.26000e-01  4.71545e-02     5.731e-03
 1.02000e-01 -1.26000e-01  4.71545e-02     5.731e-03
 2.04000e-01 -1.26000e-01  4.71545e-02     5.731e-03
 3.06000e-01 -1.26000e-01  4.71545e-02     5.731e-03
 4.08000e-01 -1.26000e-01  4.71545e-02     5.731e-03
 5.10000e-01 -1.26000e-01  4.71545e-02     0.000e+00
-5.10000e-01 -8.40000e-02  4.71545e-02     0.000e+00
-4.08000e-01 -8.40000e-02  4.71545e-02     5.745e-03
-3.06000e-01 -8.40000e-02  4.71545e-02     5.745e-03
-2.04000e-01 -8.40000e-02  4.71545e-02     5.745e-03
-1.02000e-01 -8.40000e-02  4.71545e-02     5.745e-03
 0.00000e+00 -8.40000e-02  4.71545e-02     5.745e-03
 1.02000e-01 -8.40000e-02  4.71545e-02     5.745e-03
 2.04000e-01 -8.40000e-02  4.71545e-02     5.745e-03
 3.06000e-01 -8.40000e-02  4.71545e-02     5.745e-03
 4.08000e-01 -8.40000e-02  4.71545e-02     5.745e-03
 5.10000e-01 -8.40000e-02  4.71545e-02     0.000e+00
-5.10000e-01 -4.20000e-02  4.71545e-02     0.000e+00
-4.08000e-01 -4.20000e-02  4.71545e-02     5.754e-03
-3.06000e-01 -4.20000e-02  4.71545e-02     5.754e-03
-2.04000e-01 -4.20000e-02  4.71545e-02     5.754e-03
-1.02000e-01 -4.20000e-02  4.71545e-02     5.754e-03
 0.00000e+00 -4.20000e-02  4.71545e-02     5.754e-03
 1.02000e-01 -4.20000e-02  4.71545e-02     5.754e-03
 2.04000e-01 -4.20000e-02  4.71545e-02     5.754e-03
 3.06000e-01 -4.20000e-02  4.71545e-02     5.754e-03
 4.08000e-01 -4.20000e-02  4.71545e-02     5.754e-03
 5.10000e-01 -4.20000e-02  4.71545e-02     0.000e+00
-5.10000e-01  0.00000e+00  4.71545e-02     0.000e+00
-4.08000e-01  0.00000e+00  4.71545e-02     5.756e-03
-3.06000e-01  0.00000e+00  4.71545e-02     5.756e-03
-2.04000e-01  0.00000e+00  4.71545e-02     5.756e-03
-1.02000e-01  0.00000e+00  4.71545e-02     5.756e-03
 0.00000e+00  0.00000e+00  4.71545e-02     5.756e-03
 1.02000e-01  0.00000e+00  4.71545e-02     5.756e-03
 2.04000e-01  0.00000e+00  4.71545e-02     5.756e-03
 3.06000e-01  0.00000e+00  4.71545e-02     5.756e-03
 4.08000e-01  0.00000e+00  4.71545e-02     5.756e-03
 5.10000e-01  0.00000e+00  4.71545e-02     0.000e+00
-5.10000e-01  4.20000e-02  4.71545e-02     0.000e+00
-4.08000e-01  4.20000e-02  4.71545e-02     5.754e-03
-3.06000e-01  4.20000e-02  4.71545e-02     5.754e-03
-2.04000e-01  4.20000e-02  4.71545e-02     5.754e-03
-1.02000e-01  4.20000e-02  4.71545e-02     5.754e-03
 0.00000e+00  4.20000e-02  4.71545e-02     5.754e-03
 1.02000e-01  4.20000e-02  4.71545e-02     5.754e-03
 2.04000e-01  4.20000e-02  4.71545e-02     5.754e-03
 3.06000e-01  4.20000e-02  4.71545e-02     5.754e-03
 4.08000e-01  4.20000e-02  4.71545e-02     5.754e-03
 5.10000e-01  4.20000e-02  4.71545e-02     0.000e+00
-5.10000e-01  8.40000e-02  4.71545e-02     0.000e+00
-4.08000e-01  8.40000e-02  4.71545e-02     5.745e-03
-3.06000e-01  8.40000e-02  4.71545e-02     5.745e-03
-2.04000e-01  8.40000e-02  4.71545e-02     5.745e-03
-1.02000e-01  8.40000e-02  4.71545e-02     5.745e-03
 0.00000e+00  8.40000e-02  4.71545e-02     5.745e-03
 1.02000e-01  8.40000e-02  4.71545e-02     5.745e-03
 2.04000e-01  8.40000e-02  4.71545e-02     5.745e-03
 3.06000e-01  8.40000e-02  4.71545e-02     5.745e-03
 4.08000e-01  8.40000e-02  4.71545e-02     5.745e-03
 5.10000e-01  8.40000e-02  4.71545e-02     0.000e+00
-5.10000e-01  1.26000e-01  4.71545e-02     0.000e+00
-4.08000e-01  1.26000e-01  4.71545e-02     5.731e-03
-3.06000e-01  1.26000e-01  4.71545e-02     5.731e-03
-2.04000e-01  1.26000e-01  4.71545e-02     5.731e-03
-1.02000e-01  1.26000e-01  4.71545e-02     5.731e-03
 0.00000e+00  1.26000e-01  4.71545e-02     5.731e-03
 1.02000e-01  1.26000e-01  4.71545e-02     5.731e-03
 2.04000e-01  1.26000e-01  4.71545e-02     5.731e-03
 3.06000e-01  1.26000e-01  4.71545e-02     5.731e-03
 4.08000e-01  1.26000e-01  4.71545e-02     5.731e-03
 5.10000e-01  1.26000e-01  4.71545e-02     0.000e+00
-5.10000e-01  1.68000e-01  4.71545e-02     0.000e+00
-4.08000e-01  1.68000e-01  4.71545e-02     5.712e-03
-3.06000e-01  1.68000e-01  4.71545e-02     5.712e-03
-2.04000e-01  1.68000e-01  4.71545e-02     5.712e-03
-1.02000e-01  1.68000e-01  4.71545e-02     5.712e-03
 0.00000e+00  1.68000e-01  4.71545e-02     5.712e-03
 1.02000e-01  1.68000e-01  4.71545e-02     5.712e-03
 2.04000e-01  1.68000e-01  4.71545e-02     5.712e-03
 3.06000e-01  1.68000e-01  4.71545e-02     5.712e-03
 4.08000e-01  1.68000e-01  4.71545e-02     5.712e-03
 5.10000e-01  1.68000e-01  4.71545e-02     0.000e+00
-5.10000e-01  2.10000e-01  4.71545e-02     0.000e+00
-4.08000e-01  2.10000e-01  4.71545e-02     0.000e+00
-3.06000e-01  2.10000e-01  4.71545e-02     0.000e+00
-2.04000e-01  2.10000e-01  4.71545e-02     0.000e+00
-1.02000e-01  2.10000e-01  4.71545e-02     0.000e+00
 0.00000e+00  2.10000e-01  4.71545e-02     0.000e+00
 1.02000e-01  2.10000e-01  4.71545e-02     0.000e+00
 2.04000e-01  2.10000e-01  4.71545e-02     0.000e+00
 3.06000e-01  2.10000e-01  4.71545e-02     0.000e+00
 4.08000e-01  2.10000e-01  4.71545e-02     0.000e+00
 5.10000e-01  2.10000e-01  4.71545e-02     0.000e+00
-5.10000e-01 -2.10000e-01  5.07818e-02     0.000e+00
-4.08000e-01 -2.10000e-01  5.07818e-02     0.000e+00
-3.06000e-01 -2.10000e-01  5.07818e-02     0.000e+00
-2.04000e-01 -2.10000e-01  5.07818e-02     0.000e+00
-1.02000e-01 -2.10000e-01  5.07818e-02     0.000e+00
 0.00000e+00 -2.10000e-01  5.07818e-02     0.000e+00
 1.02000e-01 -2.10000e-01  5.07818e-02     0.000e+00
 2.04000e-01 -2.10000e-01  5.07818e-02     0.000e+00
 3.06000e-01 -2.10000e-01  5.07818e-02     0.000e+00
 4.08000e-01 -2.10000e-01  5.07818e-02     0.000e+00
 5.10000e-01 -2.10000e-01  5.07818e-02     0.000e+00
-5.10000e-01 -1.68000e-01  5.07818e-02     0.000e+00
-4.08000e-01 -1.68000e-01  5.07818e-02     5.377e-03
-3.06000e-01 -1.68000e-01  5.07818e-02     5.377e-03
-2.04000e-01 -1.68000e-01  5.07818e-02     5.377e-03
-1.02000e-01 -1.68000e-01  5.07818e-02     5.377e-03
 0.00000e+00 -1.68000e-01  5.07818e-02     5.377e-03
 1.02000e-01 -1.68000e-01  5.07818e-02     5.377e-03
 2.04000e-01 -1.68000e-01  5.07818e-02     5.377e-03
 3.06000e-01 -1.68000e-01  5.07818e-02     5.377e-03
 4.08000e-01 -1.68000e-01  5.07818e-02     5.377e-03
 5.10000e-01 -1.68000e-01  5.07818e-02     0.000e+00
-5.10000e-01 -1.26000e-01  5.07818e-02     0.000e+00
-4.08000e-01 -1.26000e-01  5.07818e-02     5.395e-03
-3.06000e-01 -1.26000e-01  5.07818e-02     5.395e-03
-2.04000e-01 -1.26000e-01  5.07818e-02     5.395e-03
-1.02000e-01 -1.26000e-01  5.07818e-02     5.395e-03
 0.00000e+00 -1.26000e-01  5.07818e-02     5.395e-03
 1.02000e-01 -1.26000e-01  5.07818e-02     5.395e-03
 2.04000e-01 -1.26000e-01  5.07818e-02     5.395e-03
 3.06000e-01 -1.26000e-01  5.07818e-02     5.395e-03
 4.08000e-01 -1.26000e-01  5.07818e-02     5.395e-03
 5.10000e-01 -1.26000e-01  5.07818e-02     0.000e+00
-5.10000e-01 -8.40000e-02  5.07818e-02     0.000e+00
-4.08000e-01 -8.40000e-02  5.07818e-02     5.409e-03
-3.06000e-01 -8.40000e-02  5.07818e-02     5.409e-03
-2.04000e-01 -8.40000e-02  5.07818e-02     5.409e-03
-1.02000e-01 -8.40000e-02  5.07818e-02     5.409e-03
 0.00000e+00 -8.40000e-02  5.07818e-02     5.409e-03
 1.02000e-01 -8.40000e-02  5.07818e-02     5.409e-03
 2.04000e-01 -8.40000e-02  5.07818e-02     5.409e-03
 3.06000e-01 -8.40000e-02  5.07818e-02     5.409e-03
 4.08000e-01 -8.40000e-02  5.07818e-02     5.409e-03
 5.10000e-01 -8.40000e-02  5.07818e-02     0.000e+00
-5.10000e-01 -4.20000e-02  5.07818e-02     0.000e+00
-4.08000e-01 -4.20000e-02  5.07818e-02     5.417e-03
-3.06000e-01 -4.20000e-02  5.07818e-02     5.417e-03
-2.04000e-01 -4.20000e-02  5.07818e-02     5.417e-03
-1.02000e-01 -4.20000e-02  5.07818e-02     5.417e-03
 0.00000e+00 -4.20000e-02  5.07818e-02     5.417e-03
 1.02000e-01 -4.20000e-02  5.07818e-02     5.417e-03
 2.04000e-01 -4.20000e-02  5.07818e-02     5.417e-03
 3.06000e-01 -4.20000e-02  5.07818e-02     5.417e-03
 4.08000e-01 -4.20000e-02  5.07818e-02     5.417e-03
 5.10000e-01 -4.20000e-02  5.07818e-02     0.000e+00
-5.10000e-01  0.00000e+00  5.07818e-02     0.000e+00
-4.08000e-01  0.00000e+00  5.07818e-02     5.420e-03
-3.06000e-01  0.00000e+00  5.07818e-02     5.420e-03
-2.04000e-01  0.00000e+00  5.07818e-02     5.420e-03
-1.02000e-01  0.00000e+00  5.07818e-02     5.420e-03
 0.00000e+00  0.00000e+00  5.07818e-02     5.420e-03
 1.02000e-01  0.00000e+00  5.07818e-02     5.420e-03
 2.04000e-01  0.00000e+00  5.07818e-02     5.420e-03
 3.06000e-01  0.00000e+00  5.07818e-02     5.420e-03
 4.08000e-01  0.00000e+00  5.07818e-02     5.420e-03
 5.10000e-01  0.00000e+00  5.07818e-02     0.000e+00
-5.10000e-01  4.20000e-02  5.07818e-02     0.000e+00
-4.08000e-01  4.20000e-02  5.07818e-02     5.417e-03
-3.06000e-01  4.20000e-02  5.07818e-02     5.417e-03
-2.04000e-01  4.20000e-02  5.07818e-02     5.417e-03
-1.02000e-01  4.20000e-02  5.07818e-02     5.417e-03
 0.00000e+00  4.20000e-02  5.07818e-02     5.417e-03
 1.02000e-01  4.20000e-02  5.07818e-02     5.417e-03
 2.04000e-01  4.20000e-02  5.07818e-02     5.417e-03
 3.06000e-01  4.20000e-02  5.07818e-02     5.417e-03
 4.08000e-01  4.20000e-02  5.07818e-02     5.417e-03
 5.10000e-01  4.20000e-02  5.07818e-02     0.000e+00
-5.10000e-01  8.40000e-02  5.07818e-02     0.000e+00
-4.08000e-01  8.40000e-02  5.07818e-02     5.409e-03
-3.06000e-01  8.40000e-02  5.07818e-02     5.409e-03
-2.04000e-01  8.40000e-02  5.07818e-02     5.409e-03
-1.02000e-01  8.40000e-02  5.07818e-02     5.409e-03
 0.00000e+00  8.40000e-02  5.07818e-02     5.409e-03
 1.02000e-01  8.40000e-02  5.07818e-02     5.409e-03
 2.04000e-01  8.40000e-02  5.07818e-02     5.409e-03
 3.06000e-01  8.40000e-02  5.07818e-02     5.409e-03
 4.08000e-01  8.40000e-02  5.07818e-02     5.409e-03
 5.10000e-01  8.40000e-02  5.07818e-02     0.000e+00
-5.10000e-01  1.26000e-01  5.07818e-02     0.000e+00
-4.08000e-01  1.26000e-01  5.07818e-02     5.395e-03
-3.06000e-01  1.26000e-01  5.07818e-02     5.395e-03
-2.04000e-01  1.26000e-01  5.07818e-02     5.395e-03
-1.02000e-01  1.26000e-01  5.07818e-02     5.395e-03
 0.00000e+00  1.26000e-01  5.07818e-02     5.395e-03
 1.02000e-01  1.26000e-01  5.07818e-02     5.395e-03
 2.04000e-01  1.26000e-01  5.07818e-02     5.395e-03
 3.06000e-01  1.26000e-01  5.07818e-02     5.395e-03
 4.08000e-01  1.26000e-01  5.07818e-02     5.395e-03
 5.10000e-01  1.26000e-01  5.07818e-02     0.000e+00
-5.10000e-01  1.68000e-01  5.07818e-02     0.000e+00
-4.08000e-01  1.68000e-01  5.07818e-02     5.377e-03
-3.06000e-01  1.68000e-01  5.07818e-02     5.377e-03
-2.04000e-01  1.68000e-01  5.07818e-02     5.377e-03
-1.02000e-01  1.68000e-01  5.07818e-02     5.377e-03
 0.00000e+00  1.68000e-01  5.07818e-02     5.377e-03
 1.02000e-01  1.68000e-01  5.07818e-02     5.377e-03
 2.04000e-01  1.68000e-01  5.07818e-02     5.377e-03
 3.06000e-01  1.68000e-01  5.07818e-02     5.377e-03
 4.08000e-01  1.68000e-01  5.07818e-02     5.377e-03
 5.10000e-01  1.68000e-01  5.07818e-02     0.000e+00
-5.10000e-01  2.10000e-01  5.07818e-02     0.000e+00
-4.08000e-01  2.10000e-01  5.07818e-02     0.000e+00
-3.06000e-01  2.10000e-01  5.07818e-02     0.000e+00
-2.04000e-01  2.10000e-01  5.07818e-02     0.000e+00
-1.02000e-01  2.10000e-01  5.07818e-02     0.000e+00
 0.00000e+00  2.10000e-01  5.07818e-02     0.000e+00
 1.02000e-01  2.10000e-01  5.07818e-02     0.000e+00
 2.04000e-01  2.10000e-01  5.07818e-02     0.000e+00
 3.06000e-01  2.10000e-01  5.07818e-02     0.000e+00
 4.08000e-01  2.10000e-01  5.07818e-02     0.000e+00
 5.10000e-01  2.10000e-01  5.07818e-02     0.000e+00
-5.10000e-01 -2.10000e-01  5.44091e-02     0.000e+00
-4.08000e-01 -2.10000e-01  5.44091e-02     0.000e+00
-3.06000e-01 -2.10000e-01  5.44091e-02     0.000e+00
-2.04000e-01 -2.10000e-01  5.44091e-02     0.000e+00
-1.02000e-01 -2.10000e-01  5.44091e-02     0.000e+00
 0.00000e+00 -2.10000e-01  5.44091e-02     0.000e+00
 1.02000e-01 -2.10000e-01  5.44091e-02     0.000e+00
 2.04000e-01 -2.10000e-01  5.44091e-02     0.000e+00
 3.06000e-01 -2.10000e-01  5.44091e-02     0.000e+00
 4.08000e-01 -2.10000e-01  5.44091e-02     0.000e+00
 5.10000e-01 -2.10000e-01  5.44091e-02     0.000e+00
-5.10000e-01 -1.68000e-01  5.44091e-02     0.000e+00
-4.08000e-01 -1.68000e-01  5.44091e-02     5.076e-03
-3.06000e-01 -1.68000e-01  5.44091e-02     5.076e-03
-2.04000e-01 -1.68000e-01  5.44091e-02     5.076e-03
-1.02000e-01 -1.68000e-01  5.44091e-02     5.076e-03
 0.00000e+00 -1.68000e-01  5.44091e-02     5.076e-03
 1.02000e-01 -1.68000e-01  5.44091e-02     5.076e-03
 2.04000e-01 -1.68000e-01  5.44091e-02     5.076e-03
 3.06000e-01 -1.68000e-01  5.44091e-02     5.076e-03
 4.08000e-01 -1.68000e-01  5.44091e-02     5.076e-03
 5.10000e-01 -1.68000e-01  5.44091e-02     0.000e+00
-5.10000e-01 -1.26000e-01  5.44091e-02     0.000e+00
-4.08000e-01 -1.26000e-01  5.44091e-02     5.094e-03
-3.06000e-01 -1.26000e-01  5.44091e-02     5.094e-03
-2.04000e-01 -1.26000e-01  5.44091e-02     5.094e-03
-1.02000e-01 -1.26000e-01  5.44091e-02     5.094e-03
 0.00000e+00 -1.26000e-01  5.44091e-02     5.094e-03
 1.02000e-01 -1.26000e-01  5.44091e-02     5.094e-03
 2.04000e-01 -1.26000e-01  5.44091e-02     5.094e-03
 3.06000e-01 -1.26000e-01  5.44091e-02     5.094e-03
 4.08000e-01 -1.26000e-01  5.44091e-02     5.094e-03
 5.10000e-01 -1.26000e-01  5.44091e-02     0.000e+00
-5.10000e-01 -8.40000e-02  5.44091e-02     0.000e+00
-4.08000e-01 -8.40000e-02  5.44091e-02     5.107e-03
-3.06000e-01 -8.40000e-02  5.44091e-02     5.107e-03
-2.04000e-01 -8.40000e-02  5.44091e-02     5.107e-03
-1.02000e-01 -8.40000e-02  5.44091e-02     5.107e-03
 0.00000e+00 -8.40000e-02  5.44091e-02     5.107e-03
 1.02000e-01 -8.40000e-02  5.44091e-02     5.107e-03
 2.04000e-01 -8.40000e-02  5.44091e-02     5.107e-03
 3.06000e-01 -8.40000e-02  5.44091e-02     5.107e-03
 4.08000e-01 -8.40000e-02  5.44091e-02     5.107e-03
 5.10000e-01 -8.40000e-02  5.44091e-02     0.000e+00
-5.10000e-01 -4.20000e-02  5.44091e-02     0.000e+00
-4.08000e-01 -4.20000e-02  5.44091e-02     5.115e-03
-3.06000e-01 -4.20000e-02  5.44091e-02     5.115e-03
-2.04000e-01 -4.20000e-02  5.44091e-02     5.115e-03
-1.02000e-01 -4.20000e-02  5.44091e-02     5.115e-03
 0.00000e+00 -4.20000e-02  5.44091e-02     5.115e-03
 1.02000e-01 -4.20000e-02  5.44091e-02     5.115e-03
 2.04000e-01 -4.20000e-02  5.44091e-02     5.115e-03
 3.06000e-01 -4.20000e-02  5.44091e-02     5.115e-03
 4.08000e-01 -4.20000e-02  5.44091e-02     5.115e-03
 5.10000e-01 -4.20000e-02  5.44091e-02     0.000e+00
-5.10000e-01  0.00000e+00  5.44091e-02     0.000e+00
-4.08000e-01  0.00000e+00  5.44091e-02     5.117e-03
-3.06000e-01  0.00000e+00  5.44091e-02     5.117e-03
-2.04000e-01  0.00000e+00  5.44091e-02     5.117e-03
-1.02000e-01  0.00000e+00  5.44091e-02     5.117e-03
 0.00000e+00  0.00000e+00  5.44091e-02     5.117e-03
 1.02000e-01  0.00000e+00  5.44091e-02     5.117e-03
 2.04000e-01  0.00000e+00  5.44091e-02     5.117e-03
 3.06000e-01  0.00000e+00  5.44091e-02     5.117e-03
 4.08000e-01  0.00000e+00  5.44091e-02     5.117e-03
 5.10000e-01  0.00000e+00  5.44091e-02     0.000e+00
-5.10000e-01  4.20000e-02  5.44091e-02     0.000e+00
-4.08000e-01  4.20000e-02  5.44091e-02     5.115e-03
-3.06000e-01  4.20000e-02  5.44091e-02     5.115e-03
-2.04000e-01  4.20000e-02  5.44091e-02     5.115e-03
-1.02000e-01  4.20000e-02  5.44091e-02     5.115e-03
 0.00000e+00  4.20000e-02  5.44091e-02     5.115e-03
 1.02000e-01  4.20000e-02  5.44091e-02     5.115e-03
 2.04000e-01  4.20000e-02  5.44091e-02     5.115e-03
 3.06000e-01  4.20000e-02  5.44091e-02     5.115e-03
 4.08000e-01  4.20000e-02  5.44091e-02     5.115e-03
 5.10000e-01  4.20000e-02  5.44091e-02     0.000e+00
-5.10000e-01  8.40000e-02  5.44091e-02     0.000e+00
-4.08000e-01  8.40000e-02  5.44091e-02     5.107e-03
-3.06000e-01  8.40000e-02  5.44091e-02     5.107e-03
-2.04000e-01  8.40000e-02  5.44091e-02     5.107e-03
-1.02000e-01  8.40000e-02  5.44091e-02     5.107e-03
 0.00000e+00  8.40000e-02  5.44091e-02     5.107e-03
 1.02000e-01  8.40000e-02  5.44091e-02     5.107e-03
 2.04000e-01  8.40000e-02  5.44091e-02     5.107e-03
 3.06000e-01  8.40000e-02  5.44091e-02     5.107e-03
 4.08000e-01  8.40000e-02  5.44091e-02     5.107e-03
 5.10000e-01  8.40000e-02  5.44091e-02     0.000e+00
-5.10000e-01  1.26000e-01  5.44091e-02     0.000e+00
-4.08000e-01  1.26000e-01  5.44091e-02     5.094e-03
-3.06000e-01  1.26000e-01  5.44091e-02     5.094e-03
-2.04000e-01  1.26000e-01  5.44091e-02     5.094e-03
-1.02000e-01  1.26000e-01  5.44091e-02     5.094e-03
 0.00000e+00  1.26000e-01  5.44091e-02     5.094e-03
 1.02000e-01  1.26000e-01  5.44091e-02     5.094e-03
 2.04000e-01  1.26000e-01  5.44091e-02     5.094e-03
 3.06000e-01  1.26000e-01  5.44091e-02     5.094e-03
 4.08000e-01  1.26000e-01  5.44091e-02     5.094e-03
 5.10000e-01  1.26000e-01  5.44091e-02     0.000e+00
-5.10000e-01  1.68000e-01  5.44091e-02     0.000e+00
-4.08000e-01  1.68000e-01  5.44091e-02     5.076e-03
-3.06000e-01  1.68000e-01  5.44091e-02     5.076e-03
-2.04000e-01  1.68000e-01  5.44091e-02     5.076e-03
-1.02000e-01  1.68000e-01  5.44091e-02     5.076e-03
 0.00000e+00  1.68000e-01  5.44091e-02     5.076e-03
 1.02000e-01  1.68000e-01  5.44091e-02     5.076e-03
 2.04000e-01  1.68000e-01  5.44091e-02     5.076e-03
 3.06000e-01  1.68000e-01  5.44091e-02     5.076e-03
 4.08000e-01  1.68000e-01  5.44091e-02     5.076e-03
 5.10000e-01  1.68000e-01  5.44091e-02     0.000e+00
-5.10000e-01  2.10000e-01  5.44091e-02     0.000e+00
-4.08000e-01  2.10000e-01  5.44091e-02     0.000e+00
-3.06000e-01  2.10000e-01  5.44091e-02     0.000e+00
-2.04000e-01  2.10000e-01  5.44091e-02     0.000e+00
-1.02000e-01  2.10000e-01  5.44091e-02     0.000e+00
 0.00000e+00  2.10000e-01  5.44091e-02     0.000e+00
 1.02000e-01  2.10000e-01  5.44091e-02     0.000e+00
 2.04000e-01  2.10000e-01  5.44091e-02     0.000e+00
 3.06000e-01  2.10000e-01  5.44091e-02     0.000e+00
 4.08000e-01  2.10000e-01  5.44091e-02     0.000e+00
 5.10000e-01  2.10000e-01  5.44091e-02     0.000e+00
-5.10000e-01 -2.10000e-01  5.80364e-02     0.000e+00
-4.08000e-01 -2.10000e-01  5.80364e-02     0.000e+00
-3.06000e-01 -2.10000e-01  5.80364e-02     0.000e+00
-2.04000e-01 -2.10000e-01  5.80364e-02     0.000e+00
-1.02000e-01 -2.10000e-01  5.80364e-02     0.000e+00
 0.00000e+00 -2.10000e-01  5.80364e-02     0.000e+00
 1.02000e-01 -2.10000e-01  5.80364e-02     0.000e+00
 2.04000e-01 -2.10000e-01  5.80364e-02     0.000e+00
 3.06000e-01 -2.10000e-01  5.80364e-02     0.000e+00
 4.08000e-01 -2.10000e-01  5.80364e-02     0.000e+00
 5.10000e-01 -2.10000e-01  5.80364e-02     0.000e+00
-5.10000e-01 -1.68000e-01  5.80364e-02     0.000e+00
-4.08000e-01 -1.68000e-01  5.80364e-02     4.805e-03
-3.06000e-01 -1.68000e-01  5.80364e-02     4.805e-03
-2.04000e-01 -1.68000e-01  5.80364e-02     4.805e-03
-1.02000e-01 -1.68000e-01  5.80364e-02     4.805e-03
 0.00000e+00 -1.68000e-01  5.80364e-02     4.805e-03
 1.02000e-01 -1.68000e-01  5.80364e-02     4.805e-03
 2.04000e-01 -1.68000e-01  5.80364e-02     4.805e-03
 3.06000e-01 -1.68000e-01  5.80364e-02     4.805e-03
 4.08000e-01 -1.68000e-01  5.80364e-02     4.805e-03
 5.10000e-01 -1.68000e-01  5.80364e-02     0.000e+00
-5.10000e-01 -1.26000e-01  5.80364e-02     0.000e+00
-4.08000e-01 -1.26000e-01  5.80364e-02     4.822e-03
-3.06000e-01 -1.26000e-01  5.80364e-02     4.822e-03
-2.04000e-01 -1.26000e-01  5.80364e-02     4.822e-03
-1.02000e-01 -1.26000e-01  5.80364e-02     4.822e-03
 0.00000e+00 -1.26000e-01  5.80364e-02     4.822e-03
 1.02000e-01 -1.26000e-01  5.80364e-02     4.822e-03
 2.04000e-01 -1.26000e-01  5.80364e-02     4.822e-03
 3.06000e-01 -1.26000e-01  5.80364e-02     4.822e-03
 4.08000e-01 -1.26000e-01  5.80364e-02     4.822e-03
 5.10000e-01 -1.26000e-01  5.80364e-02     0.000e+00
-5.10000e-01 -8.40000e-02  5.80364e-02     0.000e+00
-4.08000e-01 -8.40000e-02  5.80364e-02     4.835e-03
-3.06000e-01 -8.40000e-02  5.80364e-02     4.835e-03
-2.04000e-01 -8.40000e-02  5.80364e-02     4.835e-03
-1.02000e-01 -8.40000e-02  5.80364e-02     4.835e-03
 0.00000e+00 -8.40000e-02  5.80364e-02     4.835e-03
 1.02000e-01 -8.40000e-02  5.80364e-02     4.835e-03
 2.04000e-01 -8.40000e-02  5.80364e-02     4.835e-03
 3.06000e-01 -8.40000e-02  5.80364e-02     4.835e-03
 4.08000e-01 -8.40000e-02  5.80364e-02     4.835e-03
 5.10000e-01 -8.40000e-02  5.80364e-02     0.000e+00
-5.10000e-01 -4.20000e-02  5.80364e-02     0.000e+00
-4.08000e-01 -4.20000e-02  5.80364e-02     4.842e-03
-3.06000e-01 -4.20000e-02  5.80364e-02     4.842e-03
-2.04000e-01 -4.20000e-02  5.80364e-02     4.842e-03
-1.02000e-01 -4.20000e-02  5.80364e-02     4.842e-03
 0.00000e+00 -4.20000e-02  5.80364e-02     4.842e-03
 1.02000e-01 -4.20000e-02  5.80364e-02     4.842e-03
 2.04000e-01 -4.20000e-02  5.80364e-02     4.842e-03
 3.06000e-01 -4.20000e-02  5.80364e-02     4.842e-03
 4.08000e-01 -4.20000e-02  5.80364e-02     4.842e-03
 5.10000e-01 -4.20000e-02  5.80364e-02     0.000e+00
-5.10000e-01  0.00000e+00  5.80364e-02     0.000e+00
-4.08000e-01  0.00000e+00  5.80364e-02     4.845e-03
-3.06000e-01  0.00000e+00  5.80364e-02     4.845e-03
-2.04000e-01  0.00000e+00  5.80364e-02     4.845e-03
-1.02000e-01  0.00000e+00  5.80364e-02     4.845e-03
 0.00000e+00  0.00000e+00  5.80364e-02     4.845e-03
 1.02000e-01  0.00000e+00  5.80364e-02     4.845e-03
 2.04000e-01  0.00000e+00  5.80364e-02     4.845e-03
 3.06000e-01  0.00000e+00  5.80364e-02     4.845e-03
 4.08000e-01  0.00000e+00  5.80364e-02     4.845e-03
 5.10000e-01  0.00000e+00  5.80364e-02     0.000e+00
-5.10000e-01  4.20000e-02  5.80364e-02     0.000e+00
-4.08000e-01  4.20000e-02  5.80364e-02     4.842e-03
-3.06000e-01  4.20000e-02  5.80364e-02     4.842e-03
-2.04000e-01  4.20000e-02  5.80364e-02     4.842e-03
-1.02000e-01  4.20000e-02  5.80364e-02     4.842e-03
 0.00000e+00  4.20000e-02  5.80364e-02     4.842e-03
 1.02000e-01  4.20000e-02  5.80364e-02     4.842e-03
 2.04000e-01  4.20000e-02  5.80364e-02     4.842e-03
 3.06000e-01  4.20000e-02  5.80364e-02     4.842e-03
 4.08000e-01  4.20000e-02  5.80364e-02     4.842e-03
 5.10000e-01  4.20000e-02  5.80364e-02     0.000e+00
-5.10000e-01  8.40000e-02  5.80364e-02     0.000e+00
-4.08000e-01  8.40000e-02  5.80364e-02     4.835e-03
-3.06000e-01  8.40000e-02  5.80364e-02     4.835e-03
-2.04000e-01  8.40000e-02  5.80364e-02     4.835e-03
-1.02000e-01  8.40000e-02  5.80364e-02     4.835e-03
 0.00000e+00  8.40000e-02  5.80364e-02     4.835e-03
 1.02000e-01  8.40000e-02  5.80364e-02     4.835e-03
 2.04000e-01  8.40000e-02  5.80364e-02     4.835e-03
 3.06000e-01  8.40000e-02  5.80364e-02     4.835e-03
 4.08000e-01  8.40000e-02  5.80364e-02     4.835e-03
 5.10000e-01  8.40000e-02  5.80364e-02     0.000e+00
-5.10000e-01  1.26000e-01  5.80364e-02     0.000e+00
-4.08000e-01  1.26000e-01  5.80364e-02     4.822e-03
-3.06000e-01  1.26000e-01  5.80364e-02     4.822e-03
-2.04000e-01  1.26000e-01  5.80364e-02     4.822e-03
-1.02000e-01  1.26000e-01  5.80364e-02     4.822e-03
 0.00000e+00  1.26000e-01  5.80364e-02     4.822e-03
 1.02000e-01  1.26000e-01  5.80364e-02     4.822e-03
 2.04000e-01  1.26000e-01  5.80364e-02     4.822e-03
 3.06000e-01  1.26000e-01  5.80364e-02     4.822e-03
 4.08000e-01  1.26000e-01  5.80364e-02     4.822e-03
 5.10000e-01  1.26000e-01  5.80364e-02     0.000e+00
-5.10000e-01  1.68000e-01  5.80364e-02     0.000e+00
-4.08000e-01  1.68000e-01  5.80364e-02     4.805e-03
-3.06000e-01  1.68000e-01  5.80364e-02     4.805e-03
-2.04000e-01  1.68000e-01  5.80364e-02     4.805e-03
-1.02000e-01  1.68000e-01  5.80364e-02     4.805e-03
 0.00000e+00  1.68000e-01  5.80364e-02     4.805e-03
 1.02000e-01  1.68000e-01  5.80364e-02     4.805e-03
 2.04000e-01  1.68000e-01  5.80364e-02     4.805e-03
 3.06000e-01  1.68000e-01  5.80364e-02     4.805e-03
 4.08000e-01  1.68000e-01  5.80364e-02     4.805e-03
 5.10000e-01  1.68000e-01  5.80364e-02     0.000e+00
-5.10000e-01  2.10000e-01  5.80364e-02     0.000e+00
-4.08000e-01  2.10000e-01  5.80364e-02     0.000e+00
-3.06000e-01  2.10000e-01  5.80364e-02     0.000e+00
-2.04000e-01  2.10000e-01  5.80364e-02     0.000e+00
-1.02000e-01  2.10000e-01  5.80364e-02     0.000e+00
 0.00000e+00  2.10000e-01  5.80364e-02     0.000e+00
 1.02000e-01  2.10000e-01  5.80364e-02     0.000e+00
 2.04000e-01  2.10000e-01  5.80364e-02     0.000e+00
 3.06000e-01  2.10000e-01  5.80364e-02     0.000e+00
 4.08000e-01  2.10000e-01  5.80364e-02     0.000e+00
 5.10000e-01  2.10000e-01  5.80364e-02     0.000e+00
-5.10000e-01 -2.10000e-01  6.16636e-02     0.000e+00
-4.08000e-01 -2.10000e-01  6.16636e-02     0.000e+00
-3.06000e-01 -2.10000e-01  6.16636e-02     0.000e+00
-2.04000e-01 -2.10000e-01  6.16636e-02     0.000e+00
-1.02000e-01 -2.10000e-01  6.16636e-02     0.000e+00
 0.00000e+00 -2.10000e-01  6.16636e-02     0.000e+00
 1.02000e-01 -2.10000e-01  6.16636e-02     0.000e+00
 2.04000e-01 -2.10000e-01  6.16636e-02     0.000e+00
 3.06000e-01 -2.10000e-01  6.16636e-02     0.000e+00
 4.08000e-01 -2.10000e-01  6.16636e-02     0.000e+00
 5.10000e-01 -2.10000e-01  6.16636e-02     0.000e+00
-5.10000e-01 -1.68000e-01  6.16636e-02     0.000e+00
-4.08000e-01 -1.68000e-01  6.16636e-02     4.559e-03
-3.06000e-01 -1.68000e-01  6.16636e-02     4.559e-03
-2.04000e-01 -1.68000e-01  6.16636e-02     4.559e-03
-1.02000e-01 -1.68000e-01  6.16636e-02     4.559e-03
 0.00000e+00 -1.68000e-01  6.16636e-02     4.559e-03
 1.02000e-01 -1.68000e-01  6.16636e-02     4.559e-03
 2.04000e-01 -1.68000e-01  6.16636e-02     4.559e-03
 3.06000e-01 -1.68000e-01  6.16636e-02     4.559e-03
 4.08000e-01 -1.68000e-01  6.16636e-02     4.559e-03
 5.10000e-01 -1.68000e-01  6.16636e-02     0.000e+00
-5.10000e-01 -1.26000e-01  6.16636e-02     0.000e+00
-4.08000e-01 -1.26000e-01  6.16636e-02     4.576e-03
-3.06000e-01 -1.26000e-01  6.16636e-02     4.576e-03
-2.04000e-01 -1.26000e-01  6.16636e-02     4.576e-03
-1.02000e-01 -1.26000e-01  6.16636e-02     4.576e-03
 0.00000e+00 -1.26000e-01  6.16636e-02     4.576e-03
 1.02000e-01 -1.26000e-01  6.16636e-02     4.576e-03
 2.04000e-01 -1.26000e-01  6.16636e-02     4.576e-03
 3.06000e-01 -1.26000e-01  6.16636e-02     4.576e-03
 4.08000e-01 -1.26000e-01  6.16636e-02     4.576e-03
 5.10000e-01 -1.26000e-01  6.16636e-02     0.000e+00
-5.10000e-01 -8.40000e-02  6.16636e-02     0.000e+00
-4.08000e-01 -8.40000e-02  6.16636e-02     4.588e-03
-3.06000e-01 -8.40000e-02  6.16636e-02     4.588e-03
-2.04000e-01 -8.40000e-02  6.16636e-02     4.588e-03
-1.02000e-01 -8.40000e-02  6.16636e-02     4.588e-03
 0.00000e+00 -8.40000e-02  6.16636e-02     4.588e-03
 1.02000e-01 -8.40000e-02  6.16636e-02     4.588e-03
 2.04000e-01 -8.40000e-02  6.16636e-02     4.588e-03
 3.06000e-01 -8.40000e-02  6.16636e-02     4.588e-03
 4.08000e-01 -8.40000e-02  6.16636e-02     4.588e-03
 5.10000e-01 -8.40000e-02  6.16636e-02     0.000e+00
-5.10000e-01 -4.20000e-02  6.16636e-02     0.000e+00
-4.08000e-01 -4.20000e-02  6.16636e-02     4.595e-03
-3.06000e-01 -4.20000e-02  6.16636e-02     4.595e-03
-2.04000e-01 -4.20000e-02  6.16636e-02     4.595e-03
-1.02000e-01 -4.20000e-02  6.16636e-02     4.595e-03
 0.00000e+00 -4.20000e-02  6.16636e-02     4.595e-03
 1.02000e-01 -4.20000e-02  6.16636e-02     4.595e-03
 2.04000e-01 -4.20000e-02  6.16636e-02     4.595e-03
 3.06000e-01 -4.20000e-02  6.16636e-02     4.595e-03
 4.08000e-01 -4.20000e-02  6.16636e-02     4.595e-03
 5.10000e-01 -4.20000e-02  6.16636e-02     0.000e+00
-5.10000e-01  0.00000e+00  6.16636e-02     0.000e+00
-4.08000e-01  0.00000e+00  6.16636e-02     4.598e-03
-3.06000e-01  0.00000e+00  6.16636e-02     4.598e-03
-2.04000e-01  0.00000e+00  6.16636e-02     4.598e-03
-1.02000e-01  0.00000e+00  6.16636e-02     4.598e-03
 0.00000e+00  0.00000e+00  6.16636e-02     4.598e-03
 1.02000e-01  0.00000e+00  6.16636e-02     4.598e-03
 2.04000e-01  0.00000e+00  6.16636e-02     4.598e-03
 3.06000e-01  0.00000e+00  6.16636e-02     4.598e-03
 4.08000e-01  0.00000e+00  6.16636e-02     4.598e-03
 5.10000e-01  0.00000e+00  6.16636e-02     0.000e+00
-5.10000e-01  4.20000e-02  6.16636e-02     0.000e+00
-4.08000e-01  4.20000e-02  6.16636e-02     4.595e-03
-3.06000e-01  4.20000e-02  6.16636e-02     4.595e-03
-2.04000e-01  4.20000e-02  6.16636e-02     4.595e-03
-1.02000e-01  4.20000e-02  6.16636e-02     4.595e-03
 0.00000e+00  4.20000e-02  6.16636e-02     4.595e-03
 1.02000e-01  4.20000e-02  6.16636e-02     4.595e-03
 2.04000e-01  4.20000e-02  6.16636e-02     4.595e-03
 3.06000e-01  4.20000e-02  6.16636e-02     4.595e-03
 4.08000e-01  4.20000e-02  6.16636e-02     4.595e-03
 5.10000e-01  4.20000e-02  6.16636e-02     0.000e+00
-5.10000e-01  8.40000e-02  6.16636e-02     0.000e+00
-4.08000e-01  8.40000e-02  6.16636e-02     4.588e-03
-3.06000e-01  8.40000e-02  6.16636e-02     4.588e-03
-2.04000e-01  8.40000e-02  6.16636e-02     4.588e-03
-1.02000e-01  8.40000e-02  6.16636e-02     4.588e-03
 0.00000e+00  8.40000e-02  6.16636e-02     4.588e-03
 1.02000e-01  8.40000e-02  6.16636e-02     4.588e-03
 2.04000e-01  8.40000e-02  6.16636e-02     4.588e-03
 3.06000e-01  8.40000e-02  6.16636e-02     4.588e-03
 4.08000e-01  8.40000e-02  6.16636e-02     4.588e-03
 5.10000e-01  8.40000e-02  6.16636e-02     0.000e+00
-5.10000e-01  1.26000e-01  6.16636e-02     0.000e+00
-4.08000e-01  1.26000e-01  6.16636e-02     4.576e-03
-3.06000e-01  1.26000e-01  6.16636e-02     4.576e-03
-2.04000e-01  1.26000e-01  6.16636e-02     4.576e-03
-1.02000e-01  1.26000e-01  6.16636e-02     4.576e-03
 0.00000e+00  1.26000e-01  6.16636e-02     4.576e-03
 1.02000e-01  1.26000e-01  6.16636e-02     4.576e-03
 2.04000e-01  1.26000e-01  6.16636e-02     4.576e-03
 3.06000e-01  1.26000e-01  6.16636e-02     4.576e-03
 4.08000e-01  1.26000e-01  6.16636e-02     4.576e-03
 5.10000e-01  1.26000e-01  6.16636e-02     0.000e+00
-5.10000e-01  1.68000e-01  6.16636e-02     0.000e+00
-4.08000e-01  1.68000e-01  6.16636e-02     4.559e-03
-3.06000e-01  1.68000e-01  6.16636e-02     4.559e-03
-2.04000e-01  1.68000e-01  6.16636e-02     4.559e-03
-1.02000e-01  1.68000e-01  6.16636e-02     4.559e-03
 0.00000e+00  1.68000e-01  6.16636e-02     4.559e-03
 1.02000e-01  1.68000e-01  6.16636e-02     4.559e-03
 2.04000e-01  1.68000e-01  6.16636e-02     4.559e-03
 3.06000e-01  1.68000e-01  6.16636e-02     4.559e-03
 4.08000e-01  1.68000e-01  6.16636e-02     4.559e-03
 5.10000e-01  1.68000e-01  6.16636e-02     0.000e+00
-5.10000e-01  2.10000e-01  6.16636e-02     0.000e+00
-4.08000e-01  2.10000e-01  6.16636e-02     0.000e+00
-3.06000e-01  2.10000e-01  6.16636e-02     0.000e+00
-2.04000e-01  2.10000e-01  6.16636e-02     0.000e+00
-1.02000e-01  2.10000e-01  6.16636e-02     0.000e+00
 0.00000e+00  2.10000e-01  6.16636e-02     0.000e+00
 1.02000e-01  2.10000e-01  6.16636e-02     0.000e+00
 2.04000e-01  2.10000e-01  6.16636e-02     0.000e+00
 3.06000e-01  2.10000e-01  6.16636e-02     0.000e+00
 4.08000e-01  2.10000e-01  6.16636e-02     0.000e+00
 5.10000e-01  2.10000e-01  6.16636e-02     0.000e+00
-5.10000e-01 -2.10000e-01  6.52909e-02     0.000e+00
-4.08000e-01 -2.10000e-01  6.52909e-02     0.000e+00
-3.06000e-01 -2.10000e-01  6.52909e-02     0.000e+00
-2.04000e-01 -2.10000e-01  6.52909e-02     0.000e+00
-1.02000e-01 -2.10000e-01  6.52909e-02     0.000e+00
 0.00000e+00 -2.10000e-01  6.52909e-02     0.000e+00
 1.02000e-01 -2.10000e-01  6.52909e-02     0.000e+00
 2.04000e-01 -2.10000e-01  6.52909e-02     0.000e+00
 3.06000e-01 -2.10000e-01  6.52909e-02     0.000e+00
 4.08000e-01 -2.10000e-01  6.52909e-02     0.000e+00
 5.10000e-01 -2.10000e-01  6.52909e-02     0.000e+00
-5.10000e-01 -1.68000e-01  6.52909e-02     0.000e+00
-4.08000e-01 -1.68000e-01  6.52909e-02     4.336e-03
-3.06000e-01 -1.68000e-01  6.52909e-02     4.336e-03
-2.04000e-01 -1.68000e-01  6.52909e-02     4.336e-03
-1.02000e-01 -1.68000e-01  6.52909e-02     4.336e-03
 0.00000e+00 -1.68000e-01  6.52909e-02     4.336e-03
 1.02000e-01 -1.68000e-01  6.52909e-02     4.336e-03
 2.04000e-01 -1.68000e-01  6.52909e-02     4.336e-03
 3.06000e-01 -1.68000e-01  6.52909e-02     4.336e-03
 4.08000e-01 -1.68000e-01  6.52909e-02     4.336e-03
 5.10000e-01 -1.68000e-01  6.52909e-02     0.000e+00
-5.10000e-01 -1.26000e-01  6.52909e-02     0.000e+00
-4.08000e-01 -1.26000e-01  6.52909e-02     4.352e-03
-3.06000e-01 -1.26000e-01  6.52909e-02     4.352e-03
-2.04000e-01 -1.26000e-01  6.52909e-02     4.352e-03
-1.02000e-01 -1.26000e-01  6.52909e-02     4.352e-03
 0.00000e+00 -1.26000e-01  6.52909e-02     4.352e-03
 1.02000e-01 -1.26000e-01  6.52909e-02     4.352e-03
 2.04000e-01 -1.26000e-01  6.52909e-02     4.352e-03
 3.06000e-01 -1.26000e-01  6.52909e-02     4.352e-03
 4.08000e-01 -1.26000e-01  6.52909e-02     4.352e-03
 5.10000e-01 -1.26000e-01  6.52909e-02     0.000e+00
-5.10000e-01 -8.40000e-02  6.52909e-02     0.000e+00
-4.08000e-01 -8.40000e-02  6.52909e-02     4.363e-03
-3.06000e-01 -8.40000e-02  6.52909e-02     4.363e-03
-2.04000e-01 -8.40000e-02  6.52909e-02     4.363e-03
-1.02000e-01 -8.40000e-02  6.52909e-02     4.363e-03
 0.00000e+00 -8.40000e-02  6.52909e-02     4.363e-03
 1.02000e-01 -8.40000e-02  6.52909e-02     4.363e-03
 2.04000e-01 -8.40000e-02  6.52909e-02     4.363e-03
 3.06000e-01 -8.40000e-02  6.52909e-02     4.363e-03
 4.08000e-01 -8.40000e-02  6.52909e-02     4.363e-03
 5.10000e-01 -8.40000e-02  6.52909e-02     0.000e+00
-5.10000e-01 -4.20000e-02  6.52909e-02     0.000e+00
-4.08000e-01 -4.20000e-02  6.52909e-02     4.370e-03
-3.06000e-01 -4.20000e-02  6.52909e-02     4.370e-03
-2.04000e-01 -4.20000e-02  6.52909e-02     4.370e-03
-1.02000e-01 -4.20000e-02  6.52909e-02     4.370e-03
 0.00000e+00 -4.20000e-02  6.52909e-02     4.370e-03
 1.02000e-01 -4.20000e-02  6.52909e-02     4.370e-03
 2.04000e-01 -4.20000e-02  6.52909e-02     4.370e-03
 3.06000e-01 -4.20000e-02  6.52909e-02     4.370e-03
 4.08000e-01 -4.20000e-02  6.52909e-02     4.370e-03
 5.10000e-01 -4.20000e-02  6.52909e-02     0.000e+00
-5.10000e-01  0.00000e+00  6.52909e-02     0.000e+00
-4.08000e-01  0.00000e+00  6.52909e-02     4.373e-03
-3.06000e-01  0.00000e+00  6.52909e-02     4.373e-03
-2.04000e-01  0.00000e+00  6.52909e-02     4.373e-03
-1.02000e-01  0.00000e+00  6.52909e-02     4.373e-03
 0.00000e+00  0.00000e+00  6.52909e-02     4.373e-03
 1.02000e-01  0.00000e+00  6.52909e-02     4.373e-03
 2.04000e-01  0.00000e+00  6.52909e-02     4.373e-03
 3.06000e-01  0.00000e+00  6.52909e-02     4.373e-03
 4.08000e-01  0.00000e+00  6.52909e-02     4.373e-03
 5.10000e-01  0.00000e+00  6.52909e-02     0.000e+00
-5.10000e-01  4.20000e-02  6.52909e-02     0.000e+00
-4.08000e-01  4.20000e-02  6.52909e-02     4.370e-03
-3.06000e-01  4.20000e-02  6.52909e-02     4.370e-03
-2.04000e-01  4.20000e-02  6.52909e-02     4.370e-03
-1.02000e-01  4.20000e-02  6.52909e-02     4.370e-03
 0.00000e+00  4.20000e-02  6.52909e-02     4.370e-03
 1.02000e-01  4.20000e-02  6.52909e-02     4.370e-03
 2.04000e-01  4.20000e-02  6.52909e-02     4.370e-03
 3.06000e-01  4.20000e-02  6.52909e-02     4.370e-03
 4.08000e-01  4.20000e-02  6.52909e-02     4.370e-03
 5.10000e-01  4.20000e-02  6.52909e-02     0.000e+00
-5.10000e-01  8.40000e-02  6.52909e-02     0.000e+00
-4.08000e-01  8.40000e-02  6.52909e-02     4.363e-03
-3.06000e-01  8.40000e-02  6.52909e-02     4.363e-03
-2.04000e-01  8.40000e-02  6.52909e-02     4.363e-03
-1.02000e-01  8.40000e-02  6.52909e-02     4.363e-03
 0.00000e+00  8.40000e-02  6.52909e-02     4.363e-03
 1.02000e-01  8.40000e-02  6.52909e-02     4.363e-03
 2.04000e-01  8.40000e-02  6.52909e-02     4.363e-03
 3.06000e-01  8.40000e-02  6.52909e-02     4.363e-03
 4.08000e-01  8.40000e-02  6.52909e-02     4.363e-03
 5.10000e-01  8.40000e-02  6.52909e-02     0.000e+00
-5.10000e-01  1.26000e-01  6.52909e-02     0.000e+00
-4.08000e-01  1.26000e-01  6.52909e-02     4.352e-03
-3.06000e-01  1.26000e-01  6.52909e-02     4.352e-03
-2.04000e-01  1.26000e-01  6.52909e-02     4.352e-03
-1.02000e-01  1.26000e-01  6.52909e-02     4.352e-03
 0.00000e+00  1.26000e-01  6.52909e-02     4.352e-03
 1.02000e-01  1.26000e-01  6.52909e-02     4.352e-03
 2.04000e-01  1.26000e-01  6.52909e-02     4.352e-03
 3.06000e-01  1.26000e-01  6.52909e-02     4.352e-03
 4.08000e-01  1.26000e-01  6.52909e-02     4.352e-03
 5.10000e-01  1.26000e-01  6.52909e-02     0.000e+00
-5.10000e-01  1.68000e-01  6.52909e-02     0.000e+00
-4.08000e-01  1.68000e-01  6.52909e-02     4.336e-03
-3.06000e-01  1.68000e-01  6.52909e-02     4.336e-03
-2.04000e-01  1.68000e-01  6.52909e-02     4.336e-03
-1.02000e-01  1.68000e-01  6.52909e-02     4.336e-03
 0.00000e+00  1.68000e-01  6.52909e-02     4.336e-03
 1.02000e-01  1.68000e-01  6.52909e-02     4.336e-03
 2.04000e-01  1.68000e-01  6.52909e-02     4.336e-03
 3.06000e-01  1.68000e-01  6.52909e-02     4.336e-03
 4.08000e-01  1.68000e-01  6.52909e-02     4.336e-03
 5.10000e-01  1.68000e-01  6.52909e-02     0.000e+00
-5.10000e-01  2.10000e-01  6.52909e-02     0.000e+00
-4.08000e-01  2.10000e-01  6.52909e-02     0.000e+00
-3.06000e-01  2.10000e-01  6.52909e-02     0.000e+00
-2.04000e-01  2.10000e-01  6.52909e-02     0.000e+00
-1.02000e-01  2.10000e-01  6.52909e-02     0.000e+00
 0.00000e+00  2.10000e-01  6.52909e-02     0.000e+00
 1.02000e-01  2.10000e-01  6.52909e-02     0.000e+00
 2.04000e-01  2.10000e-01  6.52909e-02     0.000e+00
 3.06000e-01  2.10000e-01  6.52909e-02     0.000e+00
 4.08000e-01  2.10000e-01  6.52909e-02     0.000e+00
 5.10000e-01  2.10000e-01  6.52909e-02     0.000e+00
-5.10000e-01 -2.10000e-01  6.89182e-02     0.000e+00
-4.08000e-01 -2.10000e-01  6.89182e-02     0.000e+00
-3.06000e-01 -2.10000e-01  6.89182e-02     0.000e+00
-2.04000e-01 -2.10000e-01  6.89182e-02     0.000e+00
-1.02000e-01 -2.10000e-01  6.89182e-02     0.000e+00
 0.00000e+00 -2.10000e-01  6.89182e-02     0.000e+00
 1.02000e-01 -2.10000e-01  6.89182e-02     0.000e+00
 2.04000e-01 -2.10000e-01  6.89182e-02     0.000e+00
 3.06000e-01 -2.10000e-01  6.89182e-02     0.000e+00
 4.08000e-01 -2.10000e-01  6.89182e-02     0.000e+00
 5.10000e-01 -2.10000e-01  6.89182e-02     0.000e+00
-5.10000e-01 -1.68000e-01  6.89182e-02     0.000e+00
-4.08000e-01 -1.68000e-01  6.89182e-02     4.131e-03
-3.06000e-01 -1.68000e-01  6.89182e-02     4.131e-03
-2.04000e-01 -1.68000e-01  6.89182e-02     4.131e-03
-1.02000e-01 -1.68000e-01  6.89182e-02     4.131e-03
 0.00000e+00 -1.68000e-01  6.89182e-02     4.131e-03
 1.02000e-01 -1.68000e-01  6.89182e-02     4.131e-03
 2.04000e-01 -1.68000e-01  6.89182e-02     4.131e-03
 3.06000e-01 -1.68000e-01  6.89182e-02     4.131e-03
 4.08000e-01 -1.68000e-01  6.89182e-02     4.131e-03
 5.10000e-01 -1.68000e-01  6.89182e-02     0.000e+00
-5.10000e-01 -1.26000e-01  6.89182e-02     0.000e+00
-4.08000e-01 -1.26000e-01  6.89182e-02     4.147e-03
-3.06000e-01 -1.26000e-01  6.89182e-02     4.147e-03
-2.04000e-01 -1.26000e-01  6.89182e-02     4.147e-03
-1.02000e-01 -1.26000e-01  6.89182e-02     4.147e-03
 0.00000e+00 -1.26000e-01  6.89182e-02     4.147e-03
 1.02000e-01 -1.26000e-01  6.89182e-02     4.147e-03
 2.04000e-01 -1.26000e-01  6.89182e-02     4.147e-03
 3.06000e-01 -1.26000e-01  6.89182e-02     4.147e-03
 4.08000e-01 -1.26000e-01  6.89182e-02     4.147e-03
 5.10000e-01 -1.26000e-01  6.89182e-02     0.000e+00
-5.10000e-01 -8.40000e-02  6.89182e-02     0.000e+00
-4.08000e-01 -8.40000e-02  6.89182e-02     4.158e-03
-3.06000e-01 -8.40000e-02  6.89182e-02     4.158e-03
-2.04000e-01 -8.40000e-02  6.89182e-02     4.158e-03
-1.02000e-01 -8.40000e-02  6.89182e-02     4.158e-03
 0.00000e+00 -8.40000e-02  6.89182e-02     4.158e-03
 1.02000e-01 -8.40000e-02  6.89182e-02     4.158e-03
 2.04000e-01 -8.40000e-02  6.89182e-02     4.158e-03
 3.06000e-01 -8.40000e-02  6.89182e-02     4.158e-03
 4.08000e-01 -8.40000e-02  6.89182e-02     4.158e-03
 5.10000e-01 -8.40000e-02  6.89182e-02     0.000e+00
-5.10000e-01 -4.20000e-02  6.89182e-02     0.000e+00
-4.08000e-01 -4.20000e-02  6.89182e-02     4.165e-03
-3.06000e-01 -4.20000e-02  6.89182e-02     4.165e-03
-2.04000e-01 -4.20000e-02  6.89182e-02     4.165e-03
-1.02000e-01 -4.20000e-02  6.89182e-02     4.165e-03
 0.00000e+00 -4.20000e-02  6.89182e-02     4.165e-03
 1.02000e-01 -4.20000e-02  6.89182e-02     4.165e-03
 2.04000e-01 -4.20000e-02  6.89182e-02     4.165e-03
 3.06000e-01 -4.20000e-02  6.89182e-02     4.165e-03
 4.08000e-01 -4.20000e-02  6.89182e-02     4.165e-03
 5.10000e-01 -4.20000e-02  6.89182e-02     0.000e+00
-5.10000e-01  0.00000e+00  6.89182e-02     0.000e+00
-4.08000e-01  0.00000e+00  6.89182e-02     4.167e-03
-3.06000e-01  0.00000e+00  6.89182e-02     4.167e-03
-2.04000e-01  0.00000e+00  6.89182e-02     4.167e-03
-1.02000e-01  0.00000e+00  6.89182e-02     4.167e-03
 0.00000e+00  0.00000e+00  6.89182e-02     4.167e-03
 1.02000e-01  0.00000e+00  6.89182e-02     4.167e-03
 2.04000e-01  0.00000e+00  6.89182e-02     4.167e-03
 3.06000e-01  0.00000e+00  6.89182e-02     4.167e-03
 4.08000e-01  0.00000e+00  6.89182e-02     4.167e-03
 5.10000e-01  0.00000e+00  6.89182e-02     0.000e+00
-5.10000e-01  4.20000e-02  6.89182e-02     0.000e+00
-4.08000e-01  4.20000e-02  6.89182e-02     4.165e-03
-3.06000e-01  4.20000e-02  6.89182e-02     4.165e-03
-2.04000e-01  4.20000e-02  6.89182e-02     4.165e-03
-1.02000e-01  4.20000e-02  6.89182e-02     4.165e-03
 0.00000e+00  4.20000e-02  6.89182e-02     4.165e-03
 1.02000e-01  4.20000e-02  6.89182e-02     4.165e-03
 2.04000e-01  4.20000e-02  6.89182e-02     4.165e-03
 3.06000e-01  4.20000e-02  6.89182e-02     4.165e-03
 4.08000e-01  4.20000e-02  6.89182e-02     4.165e-03
 5.10000e-01  4.20000e-02  6.89182e-02     0.000e+00
-5.10000e-01  8.40000e-02  6.89182e-02     0.000e+00
-4.08000e-01  8.40000e-02  6.89182e-02     4.158e-03
-3.06000e-01  8.40000e-02  6.89182e-02     4.158e-03
-2.04000e-01  8.40000e-02  6.89182e-02     4.158e-03
-1.02000e-01  8.40000e-02  6.89182e-02     4.158e-03
 0.00000e+00  8.40000e-02  6.89182e-02     4.158e-03
 1.02000e-01  8.40000e-02  6.89182e-02     4.158e-03
 2.04000e-01  8.40000e-02  6.89182e-02     4.158e-03
 3.06000e-01  8.40000e-02  6.89182e-02     4.158e-03
 4.08000e-01  8.40000e-02  6.89182e-02     4.158e-03
 5.10000e-01  8.40000e-02  6.89182e-02     0.000e+00
-5.10000e-01  1.26000e-01  6.89182e-02     0.000e+00
-4.08000e-01  1.26000e-01  6.89182e-02     4.147e-03
-3.06000e-01  1.26000e-01  6.89182e-02     4.147e-03
-2.04000e-01  1.26000e-01  6.89182e-02     4.147e-03
-1.02000e-01  1.26000e-01  6.89182e-02     4.147e-03
 0.00000e+00  1.26000e-01  6.89182e-02     4.147e-03
 1.02000e-01  1.26000e-01  6.89182e-02     4.147e-03
 2.04000e-01  1.26000e-01  6.89182e-02     4.147e-03
 3.06000e-01  1.26000e-01  6.89182e-02     4.147e-03
 4.08000e-01  1.26000e-01  6.89182e-02     4.147e-03
 5.10000e-01  1.26000e-01  6.89182e-02     0.000e+00
-5.10000e-01  1.68000e-01  6.89182e-02     0.000e+00
-4.08000e-01  1.68000e-01  6.89182e-02     4.131e-03
-3.06000e-01  1.68000e-01  6.89182e-02     4.131e-03
-2.04000e-01  1.68000e-01  6.89182e-02     4.131e-03
-1.02000e-01  1.68000e-01  6.89182e-02     4.131e-03
 0.00000e+00  1.68000e-01  6.89182e-02     4.131e-03
 1.02000e-01  1.68000e-01  6.89182e-02     4.131e-03
 2.04000e-01  1.68000e-01  6.89182e-02     4.131e-03
 3.06000e-01  1.68000e-01  6.89182e-02     4.131e-03
 4.08000e-01  1.68000e-01  6.89182e-02     4.131e-03
 5.10000e-01  1.68000e-01  6.89182e-02     0.000e+00
-5.10000e-01  2.10000e-01  6.89182e-02     0.000e+00
-4.08000e-01  2.10000e-01  6.89182e-02     0.000e+00
-3.06000e-01  2.10000e-01  6.89182e-02     0.000e+00
-2.04000e-01  2.10000e-01  6.89182e-02     0.000e+00
-1.02000e-01  2.10000e-01  6.89182e-02     0.000e+00
 0.00000e+00  2.10000e-01  6.89182e-02     0.000e+00
 1.02000e-01  2.10000e-01  6.89182e-02     0.000e+00
 2.04000e-01  2.10000e-01  6.89182e-02     0.000e+00
 3.06000e-01  2.10000e-01  6.89182e-02     0.000e+00
 4.08000e-01  2.10000e-01  6.89182e-02     0.000e+00
 5.10000e-01  2.10000e-01  6.89182e-02     0.000e+00
-5.10000e-01 -2.10000e-01  7.25455e-02     0.000e+00
-4.08000e-01 -2.10000e-01  7.25455e-02     0.000e+00
-3.06000e-01 -2.10000e-01  7.25455e-02     0.000e+00
-2.04000e-01 -2.10000e-01  7.25455e-02     0.000e+00
-1.02000e-01 -2.10000e-01  7.25455e-02     0.000e+00
 0.00000e+00 -2.10000e-01  7.25455e-02     0.000e+00
 1.02000e-01 -2.10000e-01  7.25455e-02     0.000e+00
 2.04000e-01 -2.10000e-01  7.25455e-02     0.000e+00
 3.06000e-01 -2.10000e-01  7.25455e-02     0.000e+00
 4.08000e-01 -2.10000e-01  7.25455e-02     0.000e+00
 5.10000e-01 -2.10000e-01  7.25455e-02     0.000e+00
-5.10000e-01 -1.68000e-01  7.25455e-02     0.000e+00
-4.08000e-01 -1.68000e-01  7.25455e-02     3.944e-03
-3.06000e-01 -1.68000e-01  7.25455e-02     3.944e-03
-2.04000e-01 -1.68000e-01  7.25455e-02     3.944e-03
-1.02000e-01 -1.68000e-01  7.25455e-02     3.944e-03
 0.00000e+00 -1.68000e-01  7.25455e-02     3.944e-03
 1.02000e-01 -1.68000e-01  7.25455e-02     3.944e-03
 2.04000e-01 -1.68000e-01  7.25455e-02     3.944e-03
 3.06000e-01 -1.68000e-01  7.25455e-02     3.944e-03
 4.08000e-01 -1.68000e-01  7.25455e-02     3.944e-03
 5.10000e-01 -1.68000e-01  7.25455e-02     0.000e+00
-5.10000e-01 -1.26000e-01  7.25455e-02     0.000e+00
-4.08000e-01 -1.26000e-01  7.25455e-02     3.959e-03
-3.06000e-01 -1.26000e-01  7.25455e-02     3.959e-03
-2.04000e-01 -1.26000e-01  7.25455e-02     3.959e-03
-1.02000e-01 -1.26000e-01  7.25455e-02     3.959e-03
 0.00000e+00 -1.26000e-01  7.25455e-02     3.959e-03
 1.02000e-01 -1.26000e-01  7.25455e-02     3.959e-03
 2.04000e-01 -1.26000e-01  7.25455e-02     3.959e-03
 3.06000e-01 -1.26000e-01  7.25455e-02     3.959e-03
 4.08000e-01 -1.26000e-01  7.25455e-02     3.959e-03
 5.10000e-01 -1.26000e-01  7.25455e-02     0.000e+00
-5.10000e-01 -8.40000e-02  7.25455e-02     0.000e+00
-4.08000e-01 -8.40000e-02  7.25455e-02     3.970e-03
-3.06000e-01 -8.40000e-02  7.25455e-02     3.970e-03
-2.04000e-01 -8.40000e-02  7.25455e-02     3.970e-03
-1.02000e-01 -8.40000e-02  7.25455e-02     3.970e-03
 0.00000e+00 -8.40000e-02  7.25455e-02     3.970e-03
 1.02000e-01 -8.40000e-02  7.25455e-02     3.970e-03
 2.04000e-01 -8.40000e-02  7.25455e-02     3.970e-03
 3.06000e-01 -8.40000e-02  7.25455e-02     3.970e-03
 4.08000e-01 -8.40000e-02  7.25455e-02     3.970e-03
 5.10000e-01 -8.40000e-02  7.25455e-02     0.000e+00
-5.10000e-01 -4.20000e-02  7.25455e-02     0.000e+00
-4.08000e-01 -4.20000e-02  7.25455e-02     3.976e-03
-3.06000e-01 -4.20000e-02  7.25455e-02     3.976e-03
-2.04000e-01 -4.20000e-02  7.25455e-02     3.976e-03
-1.02000e-01 -4.20000e-02  7.25455e-02     3.976e-03
 0.00000e+00 -4.20000e-02  7.25455e-02     3.976e-03
 1.02000e-01 -4.20000e-02  7.25455e-02     3.976e-03
 2.04000e-01 -4.20000e-02  7.25455e-02     3.976e-03
 3.06000e-01 -4.20000e-02  7.25455e-02     3.976e-03
 4.08000e-01 -4.20000e-02  7.25455e-02     3.976e-03
 5.10000e-01 -4.20000e-02  7.25455e-02     0.000e+00
-5.10000e-01  0.00000e+00  7.25455e-02     0.000e+00
-4.08000e-01  0.00000e+00  7.25455e-02     3.978e-03
-3.06000e-01  0.00000e+00  7.25455e-02     3.978e-03
-2.04000e-01  0.00000e+00  7.25455e-02     3.978e-03
-1.02000e-01  0.00000e+00  7.25455e-02     3.978e-03
 0.00000e+00  0.00000e+00  7.25455e-02     3.978e-03
 1.02000e-01  0.00000e+00  7.25455e-02     3.978e-03
 2.04000e-01  0.00000e+00  7.25455e-02     3.978e-03
 3.06000e-01  0.00000e+00  7.25455e-02     3.978e-03
 4.08000e-01  0.00000e+00  7.25455e-02     3.978e-03
 5.10000e-01  0.00000e+00  7.25455e-02     0.000e+00
-5.10000e-01  4.20000e-02  7.25455e-02     0.000e+00
-4.08000e-01  4.20000e-02  7.25455e-02     3.976e-03
-3.06000e-01  4.20000e-02  7.25455e-02     3.976e-03
-2.04000e-01  4.20000e-02  7.25455e-02     3.976e-03
-1.02000e-01  4.20000e-02  7.25455e-02     3.976e-03
 0.00000e+00  4.20000e-02  7.25455e-02     3.976e-03
 1.02000e-01  4.20000e-02  7.25455e-02     3.976e-03
 2.04000e-01  4.20000e-02  7.25455e-02     3.976e-03
 3.06000e-01  4.20000e-02  7.25455e-02     3.976e-03
 4.08000e-01  4.20000e-02  7.25455e-02     3.976e-03
 5.10000e-01  4.20000e-02  7.25455e-02     0.000e+00
-5.10000e-01  8.40000e-02  7.25455e-02     0.000e+00
-4.08000e-01  8.40000e-02  7.25455e-02     3.970e-03
-3.06000e-01  8.40000e-02  7.25455e-02     3.970e-03
-2.04000e-01  8.40000e-02  7.25455e-02     3.970e-03
-1.02000e-01  8.40000e-02  7.25455e-02     3.970e-03
 0.00000e+00  8.40000e-02  7.25455e-02     3.970e-03
 1.02000e-01  8.40000e-02  7.25455e-02     3.970e-03
 2.04000e-01  8.40000e-02  7.25455e-02     3.970e-03
 3.06000e-01  8.40000e-02  7.25455e-02     3.970e-03
 4.08000e-01  8.40000e-02  7.25455e-02     3.970e-03
 5.10000e-01  8.40000e-02  7.25455e-02     0.000e+00
-5.10000e-01  1.26000e-01  7.25455e-02     0.000e+00
-4.08000e-01  1.26000e-01  7.25455e-02     3.959e-03
-3.06000e-01  1.26000e-01  7.25455e-02     3.959e-03
-2.04000e-01  1.26000e-01  7.25455e-02     3.959e-03
-1.02000e-01  1.26000e-01  7.25455e-02     3.959e-03
 0.00000e+00  1.26000e-01  7.25455e-02     3.959e-03
 1.02000e-01  1.26000e-01  7.25455e-02     3.959e-03
 2.04000e-01  1.26000e-01  7.25455e-02     3.959e-03
 3.06000e-01  1.26000e-01  7.25455e-02     3.959e-03
 4.08000e-01  1.26000e-01  7.25455e-02     3.959e-03
 5.10000e-01  1.26000e-01  7.25455e-02     0.000e+00
-5.10000e-01  1.68000e-01  7.25455e-02     0.000e+00
-4.08000e-01  1.68000e-01  7.25455e-02     3.944e-03
-3.06000e-01  1.68000e-01  7.25455e-02     3.944e-03
-2.04000e-01  1.68000e-01  7.25455e-02     3.944e-03
-1.02000e-01  1.68000e-01  7.25455e-02     3.944e-03
 0.00000e+00  1.68000e-01  7.25455e-02     3.944e-03
 1.02000e-01  1.68000e-01  7.25455e-02     3.944e-03
 2.04000e-01  1.68000e-01  7.25455e-02     3.944e-03
 3.06000e-01  1.68000e-01  7.25455e-02     3.944e-03
 4.08000e-01  1.68000e-01  7.25455e-02     3.944e-03
 5.10000e-01  1.68000e-01  7.25455e-02     0.000e+00
-5.10000e-01  2.10000e-01  7.25455e-02     0.000e+00
-4.08000e-01  2.10000e-01  7.25455e-02     0.000e+00
-3.06000e-01  2.10000e-01  7.25455e-02     0.000e+00
-2.04000e-01  2.10000e-01  7.25455e-02     0.000e+00
-1.02000e-01  2.10000e-01  7.25455e-02     0.000e+00
 0.00000e+00  2.10000e-01  7.25455e-02     0.000e+00
 1.02000e-01  2.10000e-01  7.25455e-02     0.000e+00
 2.04000e-01  2.10000e-01  7.25455e-02     0.000e+00
 3.06000e-01  2.10000e-01  7.25455e-02     0.000e+00
 4.08000e-01  2.10000e-01  7.25455e-02     0.000e+00
 5.10000e-01  2.10000e-01  7.25455e-02     0.000e+00
-5.10000e-01 -2.10000e-01  7.61727e-02     0.000e+00
-4.08000e-01 -2.10000e-01  7.61727e-02     0.000e+00
-3.06000e-01 -2.10000e-01  7.61727e-02     0.000e+00
-2.04000e-01 -2.10000e-01  7.61727e-02     0.000e+00
-1.02000e-01 -2.10000e-01  7.61727e-02     0.000e+00
 0.00000e+00 -2.10000e-01  7.61727e-02     0.000e+00
 1.02000e-01 -2.10000e-01  7.61727e-02     0.000e+00
 2.04000e-01 -2.10000e-01  7.61727e-02     0.000e+00
 3.06000e-01 -2.10000e-01  7.61727e-02     0.000e+00
 4.08000e-01 -2.10000e-01  7.61727e-02     0.000e+00
 5.10000e-01 -2.10000e-01  7.61727e-02     0.000e+00
-5.10000e-01 -1.68000e-01  7.61727e-02     0.000e+00
-4.08000e-01 -1.68000e-01  7.61727e-02     3.771e-03
-3.06000e-01 -1.68000e-01  7.61727e-02     3.771e-03
-2.04000e-01 -1.68000e-01  7.61727e-02     3.771e-03
-1.02000e-01 -1.68000e-01  7.61727e-02     3.771e-03
 0.00000e+00 -1.68000e-01  7.61727e-02     3.771e-03
 1.02000e-01 -1.68000e-01  7.61727e-02     3.771e-03
 2.04000e-01 -1.68000e-01  7.61727e-02     3.771e-03
 3.06000e-01 -1.68000e-01  7.61727e-02     3.771e-03
 4.08000e-01 -1.68000e-01  7.61727e-02     3.771e-03
 5.10000e-01 -1.68000e-01  7.61727e-02     0.000e+00
-5.10000e-01 -1.26000e-01  7.61727e-02     0.000e+00
-4.08000e-01 -1.26000e-01  7.61727e-02     3.786e-03
-3.06000e-01 -1.26000e-01  7.61727e-02     3.786e-03
-2.04000e-01 -1.26000e-01  7.61727e-02     3.786e-03
-1.02000e-01 -1.26000e-01  7.61727e-02     3.786e-03
 0.00000e+00 -1.26000e-01  7.61727e-02     3.786e-03
 1.02000e-01 -1.26000e-01  7.61727e-02     3.786e-03
 2.04000e-01 -1.26000e-01  7.61727e-02     3.786e-03
 3.06000e-01 -1.26000e-01  7.61727e-02     3.786e-03
 4.08000e-01 -1.26000e-01  7.61727e-02     3.786e-03
 5.10000e-01 -1.26000e-01  7.61727e-02     0.000e+00
-5.10000e-01 -8.40000e-02  7.61727e-02     0.000e+00
-4.08000e-01 -8.40000e-02  7.61727e-02     3.796e-03
-3.06000e-01 -8.40000e-02  7.61727e-02     3.796e-03
-2.04000e-01 -8.40000e-02  7.61727e-02     3.796e-03
-1.02000e-01 -8.40000e-02  7.61727e-02     3.796e-03
 0.00000e+00 -8.40000e-02  7.61727e-02     3.796e-03
 1.02000e-01 -8.40000e-02  7.61727e-02     3.796e-03
 2.04000e-01 -8.40000e-02  7.61727e-02     3.796e-03
 3.06000e-01 -8.40000e-02  7.61727e-02     3.796e-03
 4.08000e-01 -8.40000e-02  7.61727e-02     3.796e-03
 5.10000e-01 -8.40000e-02  7.61727e-02     0.000e+00
-5.10000e-01 -4.20000e-02  7.61727e-02     0.000e+00
-4.08000e-01 -4.20000e-02  7.61727e-02     3.802e-03
-3.06000e-01 -4.20000e-02  7.61727e-02     3.802e-03
-2.04000e-01 -4.20000e-02  7.61727e-02     3.802e-03
-1.02000e-01 -4.20000e-02  7.61727e-02     3.802e-03
 0.00000e+00 -4.20000e-02  7.61727e-02     3.802e-03
 1.02000e-01 -4.20000e-02  7.61727e-02     3.802e-03
 2.04000e-01 -4.20000e-02  7.61727e-02     3.802e-03
 3.06000e-01 -4.20000e-02  7.61727e-02     3.802e-03
 4.08000e-01 -4.20000e-02  7.61727e-02     3.802e-03
 5.10000e-01 -4.20000e-02  7.61727e-02     0.000e+00
-5.10000e-01  0.00000e+00  7.61727e-02     0.000e+00
-4.08000e-01  0.00000e+00  7.61727e-02     3.804e-03
-3.06000e-01  0.00000e+00  7.61727e-02     3.804e-03
-2.04000e-01  0.00000e+00  7.61727e-02     3.804e-03
-1.02000e-01  0.00000e+00  7.61727e-02     3.804e-03
 0.00000e+00  0.00000e+00  7.61727e-02     3.804e-03
 1.02000e-01  0.00000e+00  7.61727e-02     3.804e-03
 2.04000e-01  0.00000e+00  7.61727e-02     3.804e-03
 3.06000e-01  0.00000e+00  7.61727e-02     3.804e-03
 4.08000e-01  0.00000e+00  7.61727e-02     3.804e-03
 5.10000e-01  0.00000e+00  7.61727e-02     0.000e+00
-5.10000e-01  4.20000e-02  7.61727e-02     0.000e+00
-4.08000e-01  4.20000e-02  7.61727e-02     3.802e-03
-3.06000e-01  4.20000e-02  7.61727e-02     3.802e-03
-2.04000e-01  4.20000e-02  7.61727e-02     3.802e-03
-1.02000e-01  4.20000e-02  7.61727e-02     3.802e-03
 0.00000e+00  4.20000e-02  7.61727e-02     3.802e-03
 1.02000e-01  4.20000e-02  7.61727e-02     3.802e-03
 2.04000e-01  4.20000e-02  7.61727e-02     3.802e-03
 3.06000e-01  4.20000e-02  7.61727e-02     3.802e-03
 4.08000e-01  4.20000e-02  7.61727e-02     3.802e-03
 5.10000e-01  4.20000e-02  7.61727e-02     0.000e+00
-5.10000e-01  8.40000e-02  7.61727e-02     0.000e+00
-4.08000e-01  8.40000e-02  7.61727e-02     3.796e-03
-3.06000e-01  8.40000e-02  7.61727e-02     3.796e-03
-2.04000e-01  8.40000e-02  7.61727e-02     3.796e-03
-1.02000e-01  8.40000e-02  7.61727e-02     3.796e-03
 0.00000e+00  8.40000e-02  7.61727e-02     3.796e-03
 1.02000e-01  8.40000e-02  7.61727e-02     3.796e-03
 2.04000e-01  8.40000e-02  7.61727e-02     3.796e-03
 3.06000e-01  8.40000e-02  7.61727e-02     3.796e-03
 4.08000e-01  8.40000e-02  7.61727e-02     3.796e-03
 5.10000e-01  8.40000e-02  7.61727e-02     0.000e+00
-5.10000e-01  1.26000e-01  7.61727e-02     0.000e+00
-4.08000e-01  1.26000e-01  7.61727e-02     3.786e-03
-3.06000e-01  1.26000e-01  7.61727e-02     3.786e-03
-2.04000e-01  1.26000e-01  7.61727e-02     3.786e-03
-1.02000e-01  1.26000e-01  7.61727e-02     3.786e-03
 0.00000e+00  1.26000e-01  7.61727e-02     3.786e-03
 1.02000e-01  1.26000e-01  7.61727e-02     3.786e-03
 2.04000e-01  1.26000e-01  7.61727e-02     3.786e-03
 3.06000e-01  1.26000e-01  7.61727e-02     3.786e-03
 4.08000e-01  1.26000e-01  7.61727e-02     3.786e-03
 5.10000e-01  1.26000e-01  7.61727e-02     0.000e+00
-5.10000e-01  1.68000e-01  7.61727e-02     0.000e+00
-4.08000e-01  1.68000e-01  7.61727e-02     3.771e-03
-3.06000e-01  1.68000e-01  7.61727e-02     3.771e-03
-2.04000e-01  1.68000e-01  7.61727e-02     3.771e-03
-1.02000e-01  1.68000e-01  7.61727e-02     3.771e-03
 0.00000e+00  1.68000e-01  7.61727e-02     3.771e-03
 1.02000e-01  1.68000e-01  7.61727e-02     3.771e-03
 2.04000e-01  1.68000e-01  7.61727e-02     3.771e-03
 3.06000e-01  1.68000e-01  7.61727e-02     3.771e-03
 4.08000e-01  1.68000e-01  7.61727e-02     3.771e-03
 5.10000e-01  1.68000e-01  7.61727e-02     0.000e+00
-5.10000e-01  2.10000e-01  7.61727e-02     0.000e+00
-4.08000e-01  2.10000e-01  7.61727e-02     0.000e+00
-3.06000e-01  2.10000e-01  7.61727e-02     0.000e+00
-2.04000e-01  2.10000e-01  7.61727e-02     0.000e+00
-1.02000e-01  2.10000e-01  7.61727e-02     0.000e+00
 0.00000e+00  2.10000e-01  7.61727e-02     0.000e+00
 1.02000e-01  2.10000e-01  7.61727e-02     0.000e+00
 2.04000e-01  2.10000e-01  7.61727e-02     0.000e+00
 3.06000e-01  2.10000e-01  7.61727e-02     0.000e+00
 4.08000e-01  2.10000e-01  7.61727e-02     0.000e+00
 5.10000e-01  2.10000e-01  7.61727e-02     0.000e+00
-5.10000e-01 -2.10000e-01  7.98000e-02     0.000e+00
-4.08000e-01 -2.10000e-01  7.98000e-02     0.000e+00
-3.06000e-01 -2.10000e-01  7.98000e-02     0.000e+00
-2.04000e-01 -2.10000e-01  7.98000e-02     0.000e+00
-1.02000e-01 -2.10000e-01  7.98000e-02     0.000e+00
 0.00000e+00 -2.10000e-01  7.98000e-02     0.000e+00
 1.02000e-01 -2.10000e-01  7.98000e-02     0.000e+00
 2.04000e-01 -2.10000e-01  7.98000e-02     0.000e+00
 3.06000e-01 -2.10000e-01  7.98000e-02     0.000e+00
 4.08000e-01 -2.10000e-01  7.98000e-02     0.000e+00
 5.10000e-01 -2.10000e-01  7.98000e-02     0.000e+00
-5.10000e-01 -1.68000e-01  7.98000e-02     0.000e+00
-4.08000e-01 -1.68000e-01  7.98000e-02     3.611e-03
-3.06000e-01 -1.68000e-01  7.98000e-02     3.611e-03
-2.04000e-01 -1.68000e-01  7.98000e-02     3.611e-03
-1.02000e-01 -1.68000e-01  7.98000e-02     3.611e-03
 0.00000e+00 -1.68000e-01  7.98000e-02     3.611e-03
 1.02000e-01 -1.68000e-01  7.98000e-02     3.611e-03
 2.04000e-01 -1.68000e-01  7.98000e-02     3.611e-03
 3.06000e-01 -1.68000e-01  7.98000e-02     3.611e-03
 4.08000e-01 -1.68000e-01  7.98000e-02     3.611e-03
 5.10000e-01 -1.68000e-01  7.98000e-02     0.000e+00
-5.10000e-01 -1.26000e-01  7.98000e-02     0.000e+00
-4.08000e-01 -1.26000e-01  7.98000e-02     3.626e-03
-3.06000e-01 -1.26000e-01  7.98000e-02     3.626e-03
-2.04000e-01 -1.26000e-01  7.98000e-02     3.626e-03
-1.02000e-01 -1.26000e-01  7.98000e-02     3.626e-03
 0.00000e+00 -1.26000e-01  7.98000e-02     3.626e-03
 1.02000e-01 -1.26000e-01  7.98000e-02     3.626e-03
 2.04000e-01 -1.26000e-01  7.98000e-02     3.626e-03
 3.06000e-01 -1.26000e-01  7.98000e-02     3.626e-03
 4.08000e-01 -1.26000e-01  7.98000e-02     3.626e-03
 5.10000e-01 -1.26000e-01  7.98000e-02     0.000e+00
-5.10000e-01 -8.40000e-02  7.98000e-02     0.000e+00
-4.08000e-01 -8.40000e-02  7.98000e-02     3.636e-03
-3.06000e-01 -8.40000e-02  7.98000e-02     3.636e-03
-2.04000e-01 -8.40000e-02  7.98000e-02     3.636e-03
-1.02000e-01 -8.40000e-02  7.98000e-02     3.636e-03
 0.00000e+00 -8.40000e-02  7.98000e-02     3.636e-03
 1.02000e-01 -8.40000e-02  7.98000e-02     3.636e-03
 2.04000e-01 -8.40000e-02  7.98000e-02     3.636e-03
 3.06000e-01 -8.40000e-02  7.98000e-02     3.636e-03
 4.08000e-01 -8.40000e-02  7.98000e-02     3.636e-03
 5.10000e-01 -8.40000e-02  7.98000e-02     0.000e+00
-5.10000e-01 -4.20000e-02  7.98000e-02     0.000e+00
-4.08000e-01 -4.20000e-02  7.98000e-02     3.642e-03
-3.06000e-01 -4.20000e-02  7.98000e-02     3.642e-03
-2.04000e-01 -4.20000e-02  7.98000e-02     3.642e-03
-1.02000e-01 -4.20000e-02  7.98000e-02     3.642e-03
 0.00000e+00 -4.20000e-02  7.98000e-02     3.642e-03
 1.02000e-01 -4.20000e-02  7.98000e-02     3.642e-03
 2.04000e-01 -4.20000e-02  7.98000e-02     3.642e-03
 3.06000e-01 -4.20000e-02  7.98000e-02     3.642e-03
 4.08000e-01 -4.20000e-02  7.98000e-02     3.642e-03
 5.10000e-01 -4.20000e-02  7.98000e-02     0.000e+00
-5.10000e-01  0.00000e+00  7.98000e-02     0.000e+00
-4.08000e-01  0.00000e+00  7.98000e-02     3.644e-03
-3.06000e-01  0.00000e+00  7.98000e-02     3.644e-03
-2.04000e-01  0.00000e+00  7.98000e-02     3.644e-03
-1.02000e-01  0.00000e+00  7.98000e-02     3.644e-03
 0.00000e+00  0.00000e+00  7.98000e-02     3.644e-03
 1.02000e-01  0.00000e+00  7.98000e-02     3.644e-03
 2.04000e-01  0.00000e+00  7.98000e-02     3.644e-03
 3.06000e-01  0.00000e+00  7.98000e-02     3.644e-03
 4.08000e-01  0.00000e+00  7.98000e-02     3.644e-03
 5.10000e-01  0.00000e+00  7.98000e-02     0.000e+00
-5.10000e-01  4.20000e-02  7.98000e-02     0.000e+00
-4.08000e-01  4.20000e-02  7.98000e-02     3.642e-03
-3.06000e-01  4.20000e-02  7.98000e-02     3.642e-03
-2.04000e-01  4.20000e-02  7.98000e-02     3.642e-03
-1.02000e-01  4.20000e-02  7.98000e-02     3.642e-03
 0.00000e+00  4.20000e-02  7.98000e-02     3.642e-03
 1.02000e-01  4.20000e-02  7.98000e-02     3.642e-03
 2.04000e-01  4.20000e-02  7.98000e-02     3.642e-03
 3.06000e-01  4.20000e-02  7.98000e-02     3.642e-03
 4.08000e-01  4.20000e-02  7.98000e-02     3.642e-03
 5.10000e-01  4.20000e-02  7.98000e-02     0.000e+00
-5.10000e-01  8.40000e-02  7.98000e-02     0.000e+00
-4.08000e-01  8.40000e-02  7.98000e-02     3.636e-03
-3.06000e-01  8.40000e-02  7.98000e-02     3.636e-03
-2.04000e-01  8.40000e-02  7.98000e-02     3.636e-03
-1.02000e-01  8.40000e-02  7.98000e-02     3.636e-03
 0.00000e+00  8.40000e-02  7.98000e-02     3.636e-03
 1.02000e-01  8.40000e-02  7.98000e-02     3.636e-03
 2.04000e-01  8.40000e-02  7.98000e-02     3.636e-03
 3.06000e-01  8.40000e-02  7.98000e-02     3.636e-03
 4.08000e-01  8.40000e-02  7.98000e-02     3.636e-03
 5.10000e-01  8.40000e-02  7.98000e-02     0.000e+00
-5.10000e-01  1.26000e-01  7.98000e-02     0.000e+00
-4.08000e-01  1.26000e-01  7.98000e-02     3.626e-03
-3.06000e-01  1.26000e-01  7.98000e-02     3.626e-03
-2.04000e-01  1.26000e-01  7.98000e-02     3.626e-03
-1.02000e-01  1.26000e-01  7.98000e-02     3.626e-03
 0.00000e+00  1.26000e-01  7.98000e-02     3.626e-03
 1.02000e-01  1.26000e-01  7.98000e-02     3.626e-03
 2.04000e-01  1.26000e-01  7.98000e-02     3.626e-03
 3.06000e-01  1.26000e-01  7.98000e-02     3.626e-03
 4.08000e-01  1.26000e-01  7.98000e-02     3.626e-03
 5.10000e-01  1.26000e-01  7.98000e-02     0.000e+00
-5.10000e-01  1.68000e-01  7.98000e-02     0.000e+00
-4.08000e-01  1.68000e-01  7.98000e-02     3.611e-03
-3.06000e-01  1.68000e-01  7.98000e-02     3.611e-03
-2.04000e-01  1.68000e-01  7.98000e-02     3.611e-03
-1.02000e-01  1.68000e-01  7.98000e-02     3.611e-03
 0.00000e+00  1.68000e-01  7.98000e-02     3.611e-03
 1.02000e-01  1.68000e-01  7.98000e-02     3.611e-03
 2.04000e-01  1.68000e-01  7.98000e-02     3.611e-03
 3.06000e-01  1.68000e-01  7.98000e-02     3.611e-03
 4.08000e-01  1.68000e-01  7.98000e-02     3.611e-03
 5.10000e-01  1.68000e-01  7.98000e-02     0.000e+00
-5.10000e-01  2.10000e-01  7.98000e-02     0.000e+00
-4.08000e-01  2.10000e-01  7.98000e-02     0.000e+00
-3.06000e-01  2.10000e-01  7.98000e-02     0.000e+00
-2.04000e-01  2.10000e-01  7.98000e-02     0.000e+00
-1.02000e-01  2.10000e-01  7.98000e-02     0.000e+00
 0.00000e+00  2.10000e-01  7.98000e-02     0.000e+00
 1.02000e-01  2.10000e-01  7.98000e-02     0.000e+00
 2.04000e-01  2.10000e-01  7.98000e-02     0.000e+00
 3.06000e-01  2.10000e-01  7.98000e-02     0.000e+00
 4.08000e-01  2.10000e-01  7.98000e-02     0.000e+00
 5.10000e-01  2.10000e-01  7.98000e-02     0.000e+00
-5.10000e-01 -2.10000e-01  8.34273e-02     0.000e+00
-4.08000e-01 -2.10000e-01  8.34273e-02     0.000e+00
-3.06000e-01 -2.10000e-01  8.34273e-02     0.000e+00
-2.04000e-01 -2.10000e-01  8.34273e-02     0.000e+00
-1.02000e-01 -2.10000e-01  8.34273e-02     0.000e+00
 0.00000e+00 -2.10000e-01  8.34273e-02     0.000e+00
 1.02000e-01 -2.10000e-01  8.34273e-02     0.000e+00
 2.04000e-01 -2.10000e-01  8.34273e-02     0.000e+00
 3.06000e-01 -2.10000e-01  8.34273e-02     0.000e+00
 4.08000e-01 -2.10000e-01  8.34273e-02     0.000e+00
 5.10000e-01 -2.10000e-01  8.34273e-02     0.000e+00
-5.10000e-01 -1.68000e-01  8.34273e-02     0.000e+00
-4.08000e-01 -1.68000e-01  8.34273e-02     3.464e-03
-3.06000e-01 -1.68000e-01  8.34273e-02     3.464e-03
-2.04000e-01 -1.68000e-01  8.34273e-02     3.464e-03
-1.02000e-01 -1.68000e-01  8.34273e-02     3.464e-03
 0.00000e+00 -1.68000e-01  8.34273e-02     3.464e-03
 1.02000e-01 -1.68000e-01  8.34273e-02     3.464e-03
 2.04000e-01 -1.68000e-01  8.34273e-02     3.464e-03
 3.06000e-01 -1.68000e-01  8.34273e-02     3.464e-03
 4.08000e-01 -1.68000e-01  8.34273e-02     3.464e-03
 5.10000e-01 -1.68000e-01  8.34273e-02     0.000e+00
-5.10000e-01 -1.26000e-01  8.34273e-02     0.000e+00
-4.08000e-01 -1.26000e-01  8.34273e-02     3.478e-03
-3.06000e-01 -1.26000e-01  8.34273e-02     3.478e-03
-2.04000e-01 -1.26000e-01  8.34273e-02     3.478e-03
-1.02000e-01 -1.26000e-01  8.34273e-02     3.478e-03
 0.00000e+00 -1.26000e-01  8.34273e-02     3.478e-03
 1.02000e-01 -1.26000e-01  8.34273e-02     3.478e-03
 2.04000e-01 -1.26000e-01  8.34273e-02     3.478e-03
 3.06000e-01 -1.26000e-01  8.34273e-02     3.478e-03
 4.08000e-01 -1.26000e-01  8.34273e-02     3.478e-03
 5.10000e-01 -1.26000e-01  8.34273e-02     0.000e+00
-5.10000e-01 -8.40000e-02  8.34273e-02     0.000e+00
-4.08000e-01 -8.40000e-02  8.34273e-02     3.487e-03
-3.06000e-01 -8.40000e-02  8.34273e-02     3.487e-03
-2.04000e-01 -8.40000e-02  8.34273e-02     3.487e-03
-1.02000e-01 -8.40000e-02  8.34273e-02     3.487e-03
 0.00000e+00 -8.40000e-02  8.34273e-02     3.487e-03
 1.02000e-01 -8.40000e-02  8.34273e-02     3.487e-03
 2.04000e-01 -8.40000e-02  8.34273e-02     3.487e-03
 3.06000e-01 -8.40000e-02  8.34273e-02     3.487e-03
 4.08000e-01 -8.40000e-02  8.34273e-02     3.487e-03
 5.10000e-01 -8.40000e-02  8.34273e-02     0.000e+00
-5.10000e-01 -4.20000e-02  8.34273e-02     0.000e+00
-4.08000e-01 -4.20000e-02  8.34273e-02     3.493e-03
-3.06000e-01 -4.20000e-02  8.34273e-02     3.493e-03
-2.04000e-01 -4.20000e-02  8.34273e-02     3.493e-03
-1.02000e-01 -4.20000e-02  8.34273e-02     3.493e-03
 0.00000e+00 -4.20000e-02  8.34273e-02     3.493e-03
 1.02000e-01 -4.20000e-02  8.34273e-02     3.493e-03
 2.04000e-01 -4.20000e-02  8.34273e-02     3.493e-03
 3.06000e-01 -4.20000e-02  8.34273e-02     3.493e-03
 4.08000e-01 -4.20000e-02  8.34273e-02     3.493e-03
 5.10000e-01 -4.20000e-02  8.34273e-02     0.000e+00
-5.10000e-01  0.00000e+00  8.34273e-02     0.000e+00
-4.08000e-01  0.00000e+00  8.34273e-02     3.495e-03
-3.06000e-01  0.00000e+00  8.34273e-02     3.495e-03
-2.04000e-01  0.00000e+00  8.34273e-02     3.495e-03
-1.02000e-01  0.00000e+00  8.34273e-02     3.495e-03
 0.00000e+00  0.00000e+00  8.34273e-02     3.495e-03
 1.02000e-01  0.00000e+00  8.34273e-02     3.495e-03
 2.04000e-01  0.00000e+00  8.34273e-02     3.495e-03
 3.06000e-01  0.00000e+00  8.34273e-02     3.495e-03
 4.08000e-01  0.00000e+00  8.34273e-02     3.495e-03
 5.10000e-01  0.00000e+00  8.34273e-02     0.000e+00
-5.10000e-01  4.20000e-02  8.34273e-02     0.000e+00
-4.08000e-01  4.20000e-02  8.34273e-02     3.493e-03
-3.06000e-01  4.20000e-02  8.34273e-02     3.493e-03
-2.04000e-01  4.20000e-02  8.34273e-02     3.493e-03
-1.02000e-01  4.20000e-02  8.34273e-02     3.493e-03
 0.00000e+00  4.20000e-02  8.34273e-02     3.493e-03
 1.02000e-01  4.20000e-02  8.34273e-02     3.493e-03
 2.04000e-01  4.20000e-02  8.34273e-02     3.493e-03
 3.06000e-01  4.20000e-02  8.34273e-02     3.493e-03
 4.08000e-01  4.20000e-02  8.34273e-02     3.493e-03
 5.10000e-01  4.20000e-02  8.34273e-02     0.000e+00
-5.10000e-01  8.40000e-02  8.34273e-02     0.000e+00
-4.08000e-01  8.40000e-02  8.34273e-02     3.487e-03
-3.06000e-01  8.40000e-02  8.34273e-02     3.487e-03
-2.04000e-01  8.40000e-02  8.34273e-02     3.487e-03
-1.02000e-01  8.40000e-02  8.34273e-02     3.487e-03
 0.00000e+00  8.40000e-02  8.34273e-02     3.487e-03
 1.02000e-01  8.40000e-02  8.34273e-02     3.487e-03
 2.04000e-01  8.40000e-02  8.34273e-02     3.487e-03
 3.06000e-01  8.40000e-02  8.34273e-02     3.487e-03
 4.08000e-01  8.40000e-02  8.34273e-02     3.487e-03
 5.10000e-01  8.40000e-02  8.34273e-02     0.000e+00
-5.10000e-01  1.26000e-01  8.34273e-02     0.000e+00
-4.08000e-01  1.26000e-01  8.34273e-02     3.478e-03
-3.06000e-01  1.26000e-01  8.34273e-02     3.478e-03
-2.04000e-01  1.26000e-01  8.34273e-02     3.478e-03
-1.02000e-01  1.26000e-01  8.34273e-02     3.478e-03
 0.00000e+00  1.26000e-01  8.34273e-02     3.478e-03
 1.02000e-01  1.26000e-01  8.34273e-02     3.478e-03
 2.04000e-01  1.26000e-01  8.34273e-02     3.478e-03
 3.06000e-01  1.26000e-01  8.34273e-02     3.478e-03
 4.08000e-01  1.26000e-01  8.34273e-02     3.478e-03
 5.10000e-01  1.26000e-01  8.34273e-02     0.000e+00
-5.10000e-01  1.68000e-01  8.34273e-02     0.000e+00
-4.08000e-01  1.68000e-01  8.34273e-02     3.464e-03
-3.06000e-01  1.68000e-01  8.34273e-02     3.464e-03
-2.04000e-01  1.68000e-01  8.34273e-02     3.464e-03
-1.02000e-01  1.68000e-01  8.34273e-02     3.464e-03
 0.00000e+00  1.68000e-01  8.34273e-02     3.464e-03
 1.02000e-01  1.68000e-01  8.34273e-02     3.464e-03
 2.04000e-01  1.68000e-01  8.34273e-02     3.464e-03
 3.06000e-01  1.68000e-01  8.34273e-02     3.464e-03
 4.08000e-01  1.68000e-01  8.34273e-02     3.464e-03
 5.10000e-01  1.68000e-01  8.34273e-02     0.000e+00
-5.10000e-01  2.10000e-01  8.34273e-02     0.000e+00
-4.08000e-01  2.10000e-01  8.34273e-02     0.000e+00
-3.06000e-01  2.10000e-01  8.34273e-02     0.000e+00
-2.04000e-01  2.10000e-01  8.34273e-02     0.000e+00
-1.02000e-01  2.10000e-01  8.34273e-02     0.000e+00
 0.00000e+00  2.10000e-01  8.34273e-02     0.000e+00
 1.02000e-01  2.10000e-01  8.34273e-02     0.000e+00
 2.04000e-01  2.10000e-01  8.34273e-02     0.000e+00
 3.06000e-01  2.10000e-01  8.34273e-02     0.000e+00
 4.08000e-01  2.10000e-01  8.34273e-02     0.000e+00
 5.10000e-01  2.10000e-01  8.34273e-02     0.000e+00
-5.10000e-01 -2.10000e-01  8.70545e-02     0.000e+00
-4.08000e-01 -2.10000e-01  8.70545e-02     0.000e+00
-3.06000e-01 -2.10000e-01  8.70545e-02     0.000e+00
-2.04000e-01 -2.10000e-01  8.70545e-02     0.000e+00
-1.02000e-01 -2.10000e-01  8.70545e-02     0.000e+00
 0.00000e+00 -2.10000e-01  8.70545e-02     0.000e+00
 1.02000e-01 -2.10000e-01  8.70545e-02     0.000e+00
 2.04000e-01 -2.10000e-01  8.70545e-02     0.000e+00
 3.06000e-01 -2.10000e-01  8.70545e-02     0.000e+00
 4.08000e-01 -2.10000e-01  8.70545e-02     0.000e+00
 5.10000e-01 -2.10000e-01  8.70545e-02     0.000e+00
-5.10000e-01 -1.68000e-01  8.70545e-02     0.000e+00
-4.08000e-01 -1.68000e-01  8.70545e-02     3.327e-03
-3.06000e-01 -1.68000e-01  8.70545e-02     3.327e-03
-2.04000e-01 -1.68000e-01  8.70545e-02     3.327e-03
-1.02000e-01 -1.68000e-01  8.70545e-02     3.327e-03
 0.00000e+00 -1.68000e-01  8.70545e-02     3.327e-03
 1.02000e-01 -1.68000e-01  8.70545e-02     3.327e-03
 2.04000e-01 -1.68000e-01  8.70545e-02     3.327e-03
 3.06000e-01 -1.68000e-01  8.70545e-02     3.327e-03
 4.08000e-01 -1.68000e-01  8.70545e-02     3.327e-03
 5.10000e-01 -1.68000e-01  8.70545e-02     0.000e+00
-5.10000e-01 -1.26000e-01  8.70545e-02     0.000e+00
-4.08000e-01 -1.26000e-01  8.70545e-02     3.340e-03
-3.06000e-01 -1.26000e-01  8.70545e-02     3.340e-03
-2.04000e-01 -1.26000e-01  8.70545e-02     3.340e-03
-1.02000e-01 -1.26000e-01  8.70545e-02     3.340e-03
 0.00000e+00 -1.26000e-01  8.70545e-02     3.340e-03
 1.02000e-01 -1.26000e-01  8.70545e-02     3.340e-03
 2.04000e-01 -1.26000e-01  8.70545e-02     3.340e-03
 3.06000e-01 -1.26000e-01  8.70545e-02     3.340e-03
 4.08000e-01 -1.26000e-01  8.70545e-02     3.340e-03
 5.10000e-01 -1.26000e-01  8.70545e-02     0.000e+00
-5.10000e-01 -8.40000e-02  8.70545e-02     0.000e+00
-4.08000e-01 -8.40000e-02  8.70545e-02     3.350e-03
-3.06000e-01 -8.40000e-02  8.70545e-02     3.350e-03
-2.04000e-01 -8.40000e-02  8.70545e-02     3.350e-03
-1.02000e-01 -8.40000e-02  8.70545e-02     3.350e-03
 0.00000e+00 -8.40000e-02  8.70545e-02     3.350e-03
 1.02000e-01 -8.40000e-02  8.70545e-02     3.350e-03
 2.04000e-01 -8.40000e-02  8.70545e-02     3.350e-03
 3.06000e-01 -8.40000e-02  8.70545e-02     3.350e-03
 4.08000e-01 -8.40000e-02  8.70545e-02     3.350e-03
 5.10000e-01 -8.40000e-02  8.70545e-02     0.000e+00
-5.10000e-01 -4.20000e-02  8.70545e-02     0.000e+00
-4.08000e-01 -4.20000e-02  8.70545e-02     3.355e-03
-3.06000e-01 -4.20000e-02  8.70545e-02     3.355e-03
-2.04000e-01 -4.20000e-02  8.70545e-02     3.355e-03
-1.02000e-01 -4.20000e-02  8.70545e-02     3.355e-03
 0.00000e+00 -4.20000e-02  8.70545e-02     3.355e-03
 1.02000e-01 -4.20000e-02  8.70545e-02     3.355e-03
 2.04000e-01 -4.20000e-02  8.70545e-02     3.355e-03
 3.06000e-01 -4.20000e-02  8.70545e-02     3.355e-03
 4.08000e-01 -4.20000e-02  8.70545e-02     3.355e-03
 5.10000e-01 -4.20000e-02  8.70545e-02     0.000e+00
-5.10000e-01  0.00000e+00  8.70545e-02     0.000e+00
-4.08000e-01  0.00000e+00  8.70545e-02     3.357e-03
-3.06000e-01  0.00000e+00  8.70545e-02     3.357e-03
-2.04000e-01  0.00000e+00  8.70545e-02     3.357e-03
-1.02000e-01  0.00000e+00  8.70545e-02     3.357e-03
 0.00000e+00  0.00000e+00  8.70545e-02     3.357e-03
 1.02000e-01  0.00000e+00  8.70545e-02     3.357e-03
 2.04000e-01  0.00000e+00  8.70545e-02     3.357e-03
 3.06000e-01  0.00000e+00  8.70545e-02     3.357e-03
 4.08000e-01  0.00000e+00  8.70545e-02     3.357e-03
 5.10000e-01  0.00000e+00  8.70545e-02     0.000e+00
-5.10000e-01  4.20000e-02  8.70545e-02     0.000e+00
-4.08000e-01  4.20000e-02  8.70545e-02     3.355e-03
-3.06000e-01  4.20000e-02  8.70545e-02     3.355e-03
-2.04000e-01  4.20000e-02  8.70545e-02     3.355e-03
-1.02000e-01  4.20000e-02  8.70545e-02     3.355e-03
 0.00000e+00  4.20000e-02  8.70545e-02     3.355e-03
 1.02000e-01  4.20000e-02  8.70545e-02     3.355e-03
 2.04000e-01  4.20000e-02  8.70545e-02     3.355e-03
 3.06000e-01  4.20000e-02  8.70545e-02     3.355e-03
 4.08000e-01  4.20000e-02  8.70545e-02     3.355e-03
 5.10000e-01  4.20000e-02  8.70545e-02     0.000e+00
-5.10000e-01  8.40000e-02  8.70545e-02     0.000e+00
-4.08000e-01  8.40000e-02  8.70545e-02     3.350e-03
-3.06000e-01  8.40000e-02  8.70545e-02     3.350e-03
-2.04000e-01  8.40000e-02  8.70545e-02     3.350e-03
-1.02000e-01  8.40000e-02  8.70545e-02     3.350e-03
 0.00000e+00  8.40000e-02  8.70545e-02     3.350e-03
 1.02000e-01  8.40000e-02  8.70545e-02     3.350e-03
 2.04000e-01  8.40000e-02  8.70545e-02     3.350e-03
 3.06000e-01  8.40000e-02  8.70545e-02     3.350e-03
 4.08000e-01  8.40000e-02  8.70545e-02     3.350e-03
 5.10000e-01  8.40000e-02  8.70545e-02     0.000e+00
-5.10000e-01  1.26000e-01  8.70545e-02     0.000e+00
-4.08000e-01  1.26000e-01  8.70545e-02     3.340e-03
-3.06000e-01  1.26000e-01  8.70545e-02     3.340e-03
-2.04000e-01  1.26000e-01  8.70545e-02     3.340e-03
-1.02000e-01  1.26000e-01  8.70545e-02     3.340e-03
 0.00000e+00  1.26000e-01  8.70545e-02     3.340e-03
 1.02000e-01  1.26000e-01  8.70545e-02     3.340e-03
 2.04000e-01  1.26000e-01  8.70545e-02     3.340e-03
 3.06000e-01  1.26000e-01  8.70545e-02     3.340e-03
 4.08000e-01  1.26000e-01  8.70545e-02     3.340e-03
 5.10000e-01  1.26000e-01  8.70545e-02     0.000e+00
-5.10000e-01  1.68000e-01  8.70545e-02     0.000e+00
-4.08000e-01  1.68000e-01  8.70545e-02     3.327e-03
-3.06000e-01  1.68000e-01  8.70545e-02     3.327e-03
-2.04000e-01  1.68000e-01  8.70545e-02     3.327e-03
-1.02000e-01  1.68000e-01  8.70545e-02     3.327e-03
 0.00000e+00  1.68000e-01  8.70545e-02     3.327e-03
 1.02000e-01  1.68000e-01  8.70545e-02     3.327e-03
 2.04000e-01  1.68000e-01  8.70545e-02     3.327e-03
 3.06000e-01  1.68000e-01  8.70545e-02     3.327e-03
 4.08000e-01  1.68000e-01  8.70545e-02     3.327e-03
 5.10000e-01  1.68000e-01  8.70545e-02     0.000e+00
-5.10000e-01  2.10000e-01  8.70545e-02     0.000e+00
-4.08000e-01  2.10000e-01  8.70545e-02     0.000e+00
-3.06000e-01  2.10000e-01  8.70545e-02     0.000e+00
-2.04000e-01  2.10000e-01  8.70545e-02     0.000e+00
-1.02000e-01  2.10000e-01  8.70545e-02     0.000e+00
 0.00000e+00  2.10000e-01  8.70545e-02     0.000e+00
 1.02000e-01  2.10000e-01  8.70545e-02     0.000e+00
 2.04000e-01  2.10000e-01  8.70545e-02     0.000e+00
 3.06000e-01  2.10000e-01  8.70545e-02     0.000e+00
 4.08000e-01  2.10000e-01  8.70545e-02     0.000e+00
 5.10000e-01  2.10000e-01  8.70545e-02     0.000e+00
-5.10000e-01 -2.10000e-01  9.06818e-02     0.000e+00
-4.08000e-01 -2.10000e-01  9.06818e-02     0.000e+00
-3.06000e-01 -2.10000e-01  9.06818e-02     0.000e+00
-2.04000e-01 -2.10000e-01  9.06818e-02     0.000e+00
-1.02000e-01 -2.10000e-01  9.06818e-02     0.000e+00
 0.00000e+00 -2.10000e-01  9.06818e-02     0.000e+00
 1.02000e-01 -2.10000e-01  9.06818e-02     0.000e+00
 2.04000e-01 -2.10000e-01  9.06818e-02     0.000e+00
 3.06000e-01 -2.10000e-01  9.06818e-02     0.000e+00
 4.08000e-01 -2.10000e-01  9.06818e-02     0.000e+00
 5.10000e-01 -2.10000e-01  9.06818e-02     0.000e+00
-5.10000e-01 -1.68000e-01  9.06818e-02     0.000e+00
-4.08000e-01 -1.68000e-01  9.06818e-02     3.199e-03
-3.06000e-01 -1.68000e-01  9.06818e-02     3.199e-03
-2.04000e-01 -1.68000e-01  9.06818e-02     3.199e-03
-1.02000e-01 -1.68000e-01  9.06818e-02     3.199e-03
 0.00000e+00 -1.68000e-01  9.06818e-02     3.199e-03
 1.02000e-01 -1.68000e-01  9.06818e-02     3.199e-03
 2.04000e-01 -1.68000e-01  9.06818e-02     3.199e-03
 3.06000e-01 -1.68000e-01  9.06818e-02     3.199e-03
 4.08000e-01 -1.68000e-01  9.06818e-02     3.199e-03
 5.10000e-01 -1.68000e-01  9.06818e-02     0.000e+00
-5.10000e-01 -1.26000e-01  9.06818e-02     0.000e+00
-4.08000e-01 -1.26000e-01  9.06818e-02     3.212e-03
-3.06000e-01 -1.26000e-01  9.06818e-02     3.212e-03
-2.04000e-01 -1.26000e-01  9.06818e-02     3.212e-03
-1.02000e-01 -1.26000e-01  9.06818e-02     3.212e-03
 0.00000e+00 -1.26000e-01  9.06818e-02     3.212e-03
 1.02000e-01 -1.26000e-01  9.06818e-02     3.212e-03
 2.04000e-01 -1.26000e-01  9.06818e-02     3.212e-03
 3.06000e-01 -1.26000e-01  9.06818e-02     3.212e-03
 4.08000e-01 -1.26000e-01  9.06818e-02     3.212e-03
 5.10000e-01 -1.26000e-01  9.06818e-02     0.000e+00
-5.10000e-01 -8.40000e-02  9.06818e-02     0.000e+00
-4.08000e-01 -8.40000e-02  9.06818e-02     3.221e-03
-3.06000e-01 -8.40000e-02  9.06818e-02     3.221e-03
-2.04000e-01 -8.40000e-02  9.06818e-02     3.221e-03
-1.02000e-01 -8.40000e-02  9.06818e-02     3.221e-03
 0.00000e+00 -8.40000e-02  9.06818e-02     3.221e-03
 1.02000e-01 -8.40000e-02  9.06818e-02     3.221e-03
 2.04000e-01 -8.40000e-02  9.06818e-02     3.221e-03
 3.06000e-01 -8.40000e-02  9.06818e-02     3.221e-03
 4.08000e-01 -8.40000e-02  9.06818e-02     3.221e-03
 5.10000e-01 -8.40000e-02  9.06818e-02     0.000e+00
-5.10000e-01 -4.20000e-02  9.06818e-02     0.000e+00
-4.08000e-01 -4.20000e-02  9.06818e-02     3.227e-03
-3.06000e-01 -4.20000e-02  9.06818e-02     3.227e-03
-2.04000e-01 -4.20000e-02  9.06818e-02     3.227e-03
-1.02000e-01 -4.20000e-02  9.06818e-02     3.227e-03
 0.00000e+00 -4.20000e-02  9.06818e-02     3.227e-03
 1.02000e-01 -4.20000e-02  9.06818e-02     3.227e-03
 2.04000e-01 -4.20000e-02  9.06818e-02     3.227e-03
 3.06000e-01 -4.20000e-02  9.06818e-02     3.227e-03
 4.08000e-01 -4.20000e-02  9.06818e-02     3.227e-03
 5.10000e-01 -4.20000e-02  9.06818e-02     0.000e+00
-5.10000e-01  0.00000e+00  9.06818e-02     0.000e+00
-4.08000e-01  0.00000e+00  9.06818e-02     3.229e-03
-3.06000e-01  0.00000e+00  9.06818e-02     3.229e-03
-2.04000e-01  0.00000e+00  9.06818e-02     3.229e-03
-1.02000e-01  0.00000e+00  9.06818e-02     3.229e-03
 0.00000e+00  0.00000e+00  9.06818e-02     3.229e-03
 1.02000e-01  0.00000e+00  9.06818e-02     3.229e-03
 2.04000e-01  0.00000e+00  9.06818e-02     3.229e-03
 3.06000e-01  0.00000e+00  9.06818e-02     3.229e-03
 4.08000e-01  0.00000e+00  9.06818e-02     3.229e-03
 5.10000e-01  0.00000e+00  9.06818e-02     0.000e+00
-5.10000e-01  4.20000e-02  9.06818e-02     0.000e+00
-4.08000e-01  4.20000e-02  9.06818e-02     3.227e-03
-3.06000e-01  4.20000e-02  9.06818e-02     3.227e-03
-2.04000e-01  4.20000e-02  9.06818e-02     3.227e-03
-1.02000e-01  4.20000e-02  9.06818e-02     3.227e-03
 0.00000e+00  4.20000e-02  9.06818e-02     3.227e-03
 1.02000e-01  4.20000e-02  9.06818e-02     3.227e-03
 2.04000e-01  4.20000e-02  9.06818e-02     3.227e-03
 3.06000e-01  4.20000e-02  9.06818e-02     3.227e-03
 4.08000e-01  4.20000e-02  9.06818e-02     3.227e-03
 5.10000e-01  4.20000e-02  9.06818e-02     0.000e+00
-5.10000e-01  8.40000e-02  9.06818e-02     0.000e+00
-4.08000e-01  8.40000e-02  9.06818e-02     3.221e-03
-3.06000e-01  8.40000e-02  9.06818e-02     3.221e-03
-2.04000e-01  8.40000e-02  9.06818e-02     3.221e-03
-1.02000e-01  8.40000e-02  9.06818e-02     3.221e-03
 0.00000e+00  8.40000e-02  9.06818e-02     3.221e-03
 1.02000e-01  8.40000e-02  9.06818e-02     3.221e-03
 2.04000e-01  8.40000e-02  9.06818e-02     3.221e-03
 3.06000e-01  8.40000e-02  9.06818e-02     3.221e-03
 4.08000e-01  8.40000e-02  9.06818e-02     3.221e-03
 5.10000e-01  8.40000e-02  9.06818e-02     0.000e+00
-5.10000e-01  1.26000e-01  9.06818e-02     0.000e+00
-4.08000e-01  1.26000e-01  9.06818e-02     3.212e-03
-3.06000e-01  1.26000e-01  9.06818e-02     3.212e-03
-2.04000e-01  1.26000e-01  9.06818e-02     3.212e-03
-1.02000e-01  1.26000e-01  9.06818e-02     3.212e-03
 0.00000e+00  1.26000e-01  9.06818e-02     3.212e-03
 1.02000e-01  1.26000e-01  9.06818e-02     3.212e-03
 2.04000e-01  1.26000e-01  9.06818e-02     3.212e-03
 3.06000e-01  1.26000e-01  9.06818e-02     3.212e-03
 4.08000e-01  1.26000e-01  9.06818e-02     3.212e-03
 5.10000e-01  1.26000e-01  9.06818e-02     0.000e+00
-5.10000e-01  1.68000e-01  9.06818e-02     0.000e+00
-4.08000e-01  1.68000e-01  9.06818e-02     3.199e-03
-3.06000e-01  1.68000e-01  9.06818e-02     3.199e-03
-2.04000e-01  1.68000e-01  9.06818e-02     3.199e-03
-1.02000e-01  1.68000e-01  9.06818e-02     3.199e-03
 0.00000e+00  1.68000e-01  9.06818e-02     3.199e-03
 1.02000e-01  1.68000e-01  9.06818e-02     3.199e-03
 2.04000e-01  1.68000e-01  9.06818e-02     3.199e-03
 3.06000e-01  1.68000e-01  9.06818e-02     3.199e-03
 4.08000e-01  1.68000e-01  9.06818e-02     3.199e-03
 5.10000e-01  1.68000e-01  9.06818e-02     0.000e+00
-5.10000e-01  2.10000e-01  9.06818e-02     0.000e+00
-4.08000e-01  2.10000e-01  9.06818e-02     0.000e+00
-3.06000e-01  2.10000e-01  9.06818e-02     0.000e+00
-2.04000e-01  2.10000e-01  9.06818e-02     0.000e+00
-1.02000e-01  2.10000e-01  9.06818e-02     0.000e+00
 0.00000e+00  2.10000e-01  9.06818e-02     0.000e+00
 1.02000e-01  2.10000e-01  9.06818e-02     0.000e+00
 2.04000e-01  2.10000e-01  9.06818e-02     0.000e+00
 3.06000e-01  2.10000e-01  9.06818e-02     0.000e+00
 4.08000e-01  2.10000e-01  9.06818e-02     0.000e+00
 5.10000e-01  2.10000e-01  9.06818e-02     0.000e+00
-5.10000e-01 -2.10000e-01  9.43091e-02     0.000e+00
-4.08000e-01 -2.10000e-01  9.43091e-02     0.000e+00
-3.06000e-01 -2.10000e-01  9.43091e-02     0.000e+00
-2.04000e-01 -2.10000e-01  9.43091e-02     0.000e+00
-1.02000e-01 -2.10000e-01  9.43091e-02     0.000e+00
 0.00000e+00 -2.10000e-01  9.43091e-02     0.000e+00
 1.02000e-01 -2.10000e-01  9.43091e-02     0.000e+00
 2.04000e-01 -2.10000e-01  9.43091e-02     0.000e+00
 3.06000e-01 -2.10000e-01  9.43091e-02     0.000e+00
 4.08000e-01 -2.10000e-01  9.43091e-02     0.000e+00
 5.10000e-01 -2.10000e-01  9.43091e-02     0.000e+00
-5.10000e-01 -1.68000e-01  9.43091e-02     0.000e+00
-4.08000e-01 -1.68000e-01  9.43091e-02     3.080e-03
-3.06000e-01 -1.68000e-01  9.43091e-02     3.080e-03
-2.04000e-01 -1.68000e-01  9.43091e-02     3.080e-03
-1.02000e-01 -1.68000e-01  9.43091e-02     3.080e-03
 0.00000e+00 -1.68000e-01  9.43091e-02     3.080e-03
 1.02000e-01 -1.68000e-01  9.43091e-02     3.080e-03
 2.04000e-01 -1.68000e-01  9.43091e-02     3.080e-03
 3.06000e-01 -1.68000e-01  9.43091e-02     3.080e-03
 4.08000e-01 -1.68000e-01  9.43091e-02     3.080e-03
 5.10000e-01 -1.68000e-01  9.43091e-02     0.000e+00
-5.10000e-01 -1.26000e-01  9.43091e-02     0.000e+00
-4.08000e-01 -1.26000e-01  9.43091e-02     3.092e-03
-3.06000e-01 -1.26000e-01  9.43091e-02     3.092e-03
-2.04000e-01 -1.26000e-01  9.43091e-02     3.092e-03
-1.02000e-01 -1.26000e-01  9.43091e-02     3.092e-03
 0.00000e+00 -1.26000e-01  9.43091e-02     3.092e-03
 1.02000e-01 -1.26000e-01  9.43091e-02     3.092e-03
 2.04000e-01 -1.26000e-01  9.43091e-02     3.092e-03
 3.06000e-01 -1.26000e-01  9.43091e-02     3.092e-03
 4.08000e-01 -1.26000e-01  9.43091e-02     3.092e-03
 5.10000e-01 -1.26000e-01  9.43091e-02     0.000e+00
-5.10000e-01 -8.40000e-02  9.43091e-02     0.000e+00
-4.08000e-01 -8.40000e-02  9.43091e-02     3.101e-03
-3.06000e-01 -8.40000e-02  9.43091e-02     3.101e-03
-2.04000e-01 -8.40000e-02  9.43091e-02     3.101e-03
-1.02000e-01 -8.40000e-02  9.43091e-02     3.101e-03
 0.00000e+00 -8.40000e-02  9.43091e-02     3.101e-03
 1.02000e-01 -8.40000e-02  9.43091e-02     3.101e-03
 2.04000e-01 -8.40000e-02  9.43091e-02     3.101e-03
 3.06000e-01 -8.40000e-02  9.43091e-02     3.101e-03
 4.08000e-01 -8.40000e-02  9.43091e-02     3.101e-03
 5.10000e-01 -8.40000e-02  9.43091e-02     0.000e+00
-5.10000e-01 -4.20000e-02  9.43091e-02     0.000e+00
-4.08000e-01 -4.20000e-02  9.43091e-02     3.107e-03
-3.06000e-01 -4.20000e-02  9.43091e-02     3.107e-03
-2.04000e-01 -4.20000e-02  9.43091e-02     3.107e-03
-1.02000e-01 -4.20000e-02  9.43091e-02     3.107e-03
 0.00000e+00 -4.20000e-02  9.43091e-02     3.107e-03
 1.02000e-01 -4.20000e-02  9.43091e-02     3.107e-03
 2.04000e-01 -4.20000e-02  9.43091e-02     3.107e-03
 3.06000e-01 -4.20000e-02  9.43091e-02     3.107e-03
 4.08000e-01 -4.20000e-02  9.43091e-02     3.107e-03
 5.10000e-01 -4.20000e-02  9.43091e-02     0.000e+00
-5.10000e-01  0.00000e+00  9.43091e-02     0.000e+00
-4.08000e-01  0.00000e+00  9.43091e-02     3.109e-03
-3.06000e-01  0.00000e+00  9.43091e-02     3.109e-03
-2.04000e-01  0.00000e+00  9.43091e-02     3.109e-03
-1.02000e-01  0.00000e+00  9.43091e-02     3.109e-03
 0.00000e+00  0.00000e+00  9.43091e-02     3.109e-03
 1.02000e-01  0.00000e+00  9.43091e-02     3.109e-03
 2.04000e-01  0.00000e+00  9.43091e-02     3.109e-03
 3.06000e-01  0.00000e+00  9.43091e-02     3.109e-03
 4.08000e-01  0.00000e+00  9.43091e-02     3.109e-03
 5.10000e-01  0.00000e+00  9.43091e-02     0.000e+00
-5.10000e-01  4.20000e-02  9.43091e-02     0.000e+00
-4.08000e-01  4.20000e-02  9.43091e-02     3.107e-03
-3.06000e-01  4.20000e-02  9.43091e-02     3.107e-03
-2.04000e-01  4.20000e-02  9.43091e-02     3.107e-03
-1.02000e-01  4.20000e-02  9.43091e-02     3.107e-03
 0.00000e+00  4.20000e-02  9.43091e-02     3.107e-03
 1.02000e-01  4.20000e-02  9.43091e-02     3.107e-03
 2.04000e-01  4.20000e-02  9.43091e-02     3.107e-03
 3.06000e-01  4.20000e-02  9.43091e-02     3.107e-03
 4.08000e-01  4.20000e-02  9.43091e-02     3.107e-03
 5.10000e-01  4.20000e-02  9.43091e-02     0.000e+00
-5.10000e-01  8.40000e-02  9.43091e-02     0.000e+00
-4.08000e-01  8.40000e-02  9.43091e-02     3.101e-03
-3.06000e-01  8.40000e-02  9.43091e-02     3.101e-03
-2.04000e-01  8.40000e-02  9.43091e-02     3.101e-03
-1.02000e-01  8.40000e-02  9.43091e-02     3.101e-03
 0.00000e+00  8.40000e-02  9.43091e-02     3.101e-03
 1.02000e-01  8.40000e-02  9.43091e-02     3.101e-03
 2.04000e-01  8.40000e-02  9.43091e-02     3.101e-03
 3.06000e-01  8.40000e-02  9.43091e-02     3.101e-03
 4.08000e-01  8.40000e-02  9.43091e-02     3.101e-03
 5.10000e-01  8.40000e-02  9.43091e-02     0.000e+00
-5.10000e-01  1.26000e-01  9.43091e-02     0.000e+00
-4.08000e-01  1.26000e-01  9.43091e-02     3.092e-03
-3.06000e-01  1.26000e-01  9.43091e-02     3.092e-03
-2.04000e-01  1.26000e-01  9.43091e-02     3.092e-03
-1.02000e-01  1.26000e-01  9.43091e-02     3.092e-03
 0.00000e+00  1.26000e-01  9.43091e-02     3.092e-03
 1.02000e-01  1.26000e-01  9.43091e-02     3.092e-03
 2.04000e-01  1.26000e-01  9.43091e-02     3.092e-03
 3.06000e-01  1.26000e-01  9.43091e-02     3.092e-03
 4.08000e-01  1.26000e-01  9.43091e-02     3.092e-03
 5.10000e-01  1.26000e-01  9.43091e-02     0.000e+00
-5.10000e-01  1.68000e-01  9.43091e-02     0.000e+00
-4.08000e-01  1.68000e-01  9.43091e-02     3.080e-03
-3.06000e-01  1.68000e-01  9.43091e-02     3.080e-03
-2.04000e-01  1.68000e-01  9.43091e-02     3.080e-03
-1.02000e-01  1.68000e-01  9.43091e-02     3.080e-03
 0.00000e+00  1.68000e-01  9.43091e-02     3.080e-03
 1.02000e-01  1.68000e-01  9.43091e-02     3.080e-03
 2.04000e-01  1.68000e-01  9.43091e-02     3.080e-03
 3.06000e-01  1.68000e-01  9.43091e-02     3.080e-03
 4.08000e-01  1.68000e-01  9.43091e-02     3.080e-03
 5.10000e-01  1.68000e-01  9.43091e-02     0.000e+00
-5.10000e-01  2.10000e-01  9.43091e-02     0.000e+00
-4.08000e-01  2.10000e-01  9.43091e-02     0.000e+00
-3.06000e-01  2.10000e-01  9.43091e-02     0.000e+00
-2.04000e-01  2.10000e-01  9.43091e-02     0.000e+00
-1.02000e-01  2.10000e-01  9.43091e-02     0.000e+00
 0.00000e+00  2.10000e-01  9.43091e-02     0.000e+00
 1.02000e-01  2.10000e-01  9.43091e-02     0.000e+00
 2.04000e-01  2.10000e-01  9.43091e-02     0.000e+00
 3.06000e-01  2.10000e-01  9.43091e-02     0.000e+00
 4.08000e-01  2.10000e-01  9.43091e-02     0.000e+00
 5.10000e-01  2.10000e-01  9.43091e-02     0.000e+00
-5.10000e-01 -2.10000e-01  9.79364e-02     0.000e+00
-4.08000e-01 -2.10000e-01  9.79364e-02     0.000e+00
-3.06000e-01 -2.10000e-01  9.79364e-02     0.000e+00
-2.04000e-01 -2.10000e-01  9.79364e-02     0.000e+00
-1.02000e-01 -2.10000e-01  9.79364e-02     0.000e+00
 0.00000e+00 -2.10000e-01  9.79364e-02     0.000e+00
 1.02000e-01 -2.10000e-01  9.79364e-02     0.000e+00
 2.04000e-01 -2.10000e-01  9.79364e-02     0.000e+00
 3.06000e-01 -2.10000e-01  9.79364e-02     0.000e+00
 4.08000e-01 -2.10000e-01  9.79364e-02     0.000e+00
 5.10000e-01 -2.10000e-01  9.79364e-02     0.000e+00
-5.10000e-01 -1.68000e-01  9.79364e-02     0.000e+00
-4.08000e-01 -1.68000e-01  9.79364e-02     2.968e-03
-3.06000e-01 -1.68000e-01  9.79364e-02     2.968e-03
-2.04000e-01 -1.68000e-01  9.79364e-02     2.968e-03
-1.02000e-01 -1.68000e-01  9.79364e-02     2.968e-03
 0.00000e+00 -1.68000e-01  9.79364e-02     2.968e-03
 1.02000e-01 -1.68000e-01  9.79364e-02     2.968e-03
 2.04000e-01 -1.68000e-01  9.79364e-02     2.968e-03
 3.06000e-01 -1.68000e-01  9.79364e-02     2.968e-03
 4.08000e-01 -1.68000e-01  9.79364e-02     2.968e-03
 5.10000e-01 -1.68000e-01  9.79364e-02     0.000e+00
-5.10000e-01 -1.26000e-01  9.79364e-02     0.000e+00
-4.08000e-01 -1.26000e-01  9.79364e-02     2.980e-03
-3.06000e-01 -1.26000e-01  9.79364e-02     2.980e-03
-2.04000e-01 -1.26000e-01  9.79364e-02     2.980e-03
-1.02000e-01 -1.26000e-01  9.79364e-02     2.980e-03
 0.00000e+00 -1.26000e-01  9.79364e-02     2.980e-03
 1.02000e-01 -1.26000e-01  9.79364e-02     2.980e-03
 2.04000e-01 -1.26000e-01  9.79364e-02     2.980e-03
 3.06000e-01 -1.26000e-01  9.79364e-02     2.980e-03
 4.08000e-01 -1.26000e-01  9.79364e-02     2.980e-03
 5.10000e-01 -1.26000e-01  9.79364e-02     0.000e+00
-5.10000e-01 -8.40000e-02  9.79364e-02     0.000e+00
-4.08000e-01 -8.40000e-02  9.79364e-02     2.989e-03
-3.06000e-01 -8.40000e-02  9.79364e-02     2.989e-03
-2.04000e-01 -8.40000e-02  9.79364e-02     2.989e-03
-1.02000e-01 -8.40000e-02  9.79364e-02     2.989e-03
 0.00000e+00 -8.40000e-02  9.79364e-02     2.989e-03
 1.02000e-01 -8.40000e-02  9.79364e-02     2.989e-03
 2.04000e-01 -8.40000e-02  9.79364e-02     2.989e-03
 3.06000e-01 -8.40000e-02  9.79364e-02     2.989e-03
 4.08000e-01 -8.40000e-02  9.79364e-02     2.989e-03
 5.10000e-01 -8.40000e-02  9.79364e-02     0.000e+00
-5.10000e-01 -4.20000e-02  9.79364e-02     0.000e+00
-4.08000e-01 -4.20000e-02  9.79364e-02     2.994e-03
-3.06000e-01 -4.20000e-02  9.79364e-02     2.994e-03
-2.04000e-01 -4.20000e-02  9.79364e-02     2.994e-03
-1.02000e-01 -4.20000e-02  9.79364e-02     2.994e-03
 0.00000e+00 -4.20000e-02  9.79364e-02     2.994e-03
 1.02000e-01 -4.20000e-02  9.79364e-02     2.994e-03
 2.04000e-01 -4.20000e-02  9.79364e-02     2.994e-03
 3.06000e-01 -4.20000e-02  9.79364e-02     2.994e-03
 4.08000e-01 -4.20000e-02  9.79364e-02     2.994e-03
 5.10000e-01 -4.20000e-02  9.79364e-02     0.000e+00
-5.10000e-01  0.00000e+00  9.79364e-02     0.000e+00
-4.08000e-01  0.00000e+00  9.79364e-02     2.996e-03
-3.06000e-01  0.00000e+00  9.79364e-02     2.996e-03
-2.04000e-01  0.00000e+00  9.79364e-02     2.996e-03
-1.02000e-01  0.00000e+00  9.79364e-02     2.996e-03
 0.00000e+00  0.00000e+00  9.79364e-02     2.996e-03
 1.02000e-01  0.00000e+00  9.79364e-02     2.996e-03
 2.04000e-01  0.00000e+00  9.79364e-02     2.996e-03
 3.06000e-01  0.00000e+00  9.79364e-02     2.996e-03
 4.08000e-01  0.00000e+00  9.79364e-02     2.996e-03
 5.10000e-01  0.00000e+00  9.79364e-02     0.000e+00
-5.10000e-01  4.20000e-02  9.79364e-02     0.000e+00
-4.08000e-01  4.20000e-02  9.79364e-02     2.994e-03
-3.06000e-01  4.20000e-02  9.79364e-02     2.994e-03
-2.04000e-01  4.20000e-02  9.79364e-02     2.994e-03
-1.02000e-01  4.20000e-02  9.79364e-02     2.994e-03
 0.00000e+00  4.20000e-02  9.79364e-02     2.994e-03
 1.02000e-01  4.20000e-02  9.79364e-02     2.994e-03
 2.04000e-01  4.20000e-02  9.79364e-02     2.994e-03
 3.06000e-01  4.20000e-02  9.79364e-02     2.994e-03
 4.08000e-01  4.20000e-02  9.79364e-02     2.994e-03
 5.10000e-01  4.20000e-02  9.79364e-02     0.000e+00
-5.10000e-01  8.40000e-02  9.79364e-02     0.000e+00
-4.08000e-01  8.40000e-02  9.79364e-02     2.989e-03
-3.06000e-01  8.40000e-02  9.79364e-02     2.989e-03
-2.04000e-01  8.40000e-02  9.79364e-02     2.989e-03
-1.02000e-01  8.40000e-02  9.79364e-02     2.989e-03
 0.00000e+00  8.40000e-02  9.79364e-02     2.989e-03
 1.02000e-01  8.40000e-02  9.79364e-02     2.989e-03
 2.04000e-01  8.40000e-02  9.79364e-02     2.989e-03
 3.06000e-01  8.40000e-02  9.79364e-02     2.989e-03
 4.08000e-01  8.40000e-02  9.79364e-02     2.989e-03
 5.10000e-01  8.40000e-02  9.79364e-02     0.000e+00
-5.10000e-01  1.26000e-01  9.79364e-02     0.000e+00
-4.08000e-01  1.26000e-01  9.79364e-02     2.980e-03
-3.06000e-01  1.26000e-01  9.79364e-02     2.980e-03
-2.04000e-01  1.26000e-01  9.79364e-02     2.980e-03
-1.02000e-01  1.26000e-01  9.79364e-02     2.980e-03
 0.00000e+00  1.26000e-01  9.79364e-02     2.980e-03
 1.02000e-01  1.26000e-01  9.79364e-02     2.980e-03
 2.04000e-01  1.26000e-01  9.79364e-02     2.980e-03
 3.06000e-01  1.26000e-01  9.79364e-02     2.980e-03
 4.08000e-01  1.26000e-01  9.79364e-02     2.980e-03
 5.10000e-01  1.26000e-01  9.79364e-02     0.000e+00
-5.10000e-01  1.68000e-01  9.79364e-02     0.000e+00
-4.08000e-01  1.68000e-01  9.79364e-02     2.968e-03
-3.06000e-01  1.68000e-01  9.79364e-02     2.968e-03
-2.04000e-01  1.68000e-01  9.79364e-02     2.968e-03
-1.02000e-01  1.68000e-01  9.79364e-02     2.968e-03
 0.00000e+00  1.68000e-01  9.79364e-02     2.968e-03
 1.02000e-01  1.68000e-01  9.79364e-02     2.968e-03
 2.04000e-01  1.68000e-01  9.79364e-02     2.968e-03
 3.06000e-01  1.68000e-01  9.79364e-02     2.968e-03
 4.08000e-01  1.68000e-01  9.79364e-02     2.968e-03
 5.10000e-01  1.68000e-01  9.79364e-02     0.000e+00
-5.10000e-01  2.10000e-01  9.79364e-02     0.000e+00
-4.08000e-01  2.10000e-01  9.79364e-02     0.000e+00
-3.06000e-01  2.10000e-01  9.79364e-02     0.000e+00
-2.04000e-01  2.10000e-01  9.79364e-02     0.000e+00
-1.02000e-01  2.10000e-01  9.79364e-02     0.000e+00
 0.00000e+00  2.10000e-01  9.79364e-02     0.000e+00
 1.02000e-01  2.10000e-01  9.79364e-02     0.000e+00
 2.04000e-01  2.10000e-01  9.79364e-02     0.000e+00
 3.06000e-01  2.10000e-01  9.79364e-02     0.000e+00
 4.08000e-01  2.10000e-01  9.79364e-02     0.000e+00
 5.10000e-01  2.10000e-01  9.79364e-02     0.000e+00
-5.10000e-01 -2.10000e-01  1.01564e-01     0.000e+00
-4.08000e-01 -2.10000e-01  1.01564e-01     0.000e+00
-3.06000e-01 -2.10000e-01  1.01564e-01     0.000e+00
-2.04000e-01 -2.10000e-01  1.01564e-01     0.000e+00
-1.02000e-01 -2.10000e-01  1.01564e-01     0.000e+00
 0.00000e+00 -2.10000e-01  1.01564e-01     0.000e+00
 1.02000e-01 -2.10000e-01  1.01564e-01     0.000e+00
 2.04000e-01 -2.10000e-01  1.01564e-01     0.000e+00
 3.06000e-01 -2.10000e-01  1.01564e-01     0.000e+00
 4.08000e-01 -2.10000e-01  1.01564e-01     0.000e+00
 5.10000e-01 -2.10000e-01  1.01564e-01     0.000e+00
-5.10000e-01 -1.68000e-01  1.01564e-01     0.000e+00
-4.08000e-01 -1.68000e-01  1.01564e-01     2.863e-03
-3.06000e-01 -1.68000e-01  1.01564e-01     2.863e-03
-2.04000e-01 -1.68000e-01  1.01564e-01     2.863e-03
-1.02000e-01 -1.68000e-01  1.01564e-01     2.863e-03
 0.00000e+00 -1.68000e-01  1.01564e-01     2.863e-03
 1.02000e-01 -1.68000e-01  1.01564e-01     2.863e-03
 2.04000e-01 -1.68000e-01  1.01564e-01     2.863e-03
 3.06000e-01 -1.68000e-01  1.01564e-01     2.863e-03
 4.08000e-01 -1.68000e-01  1.01564e-01     2.863e-03
 5.10000e-01 -1.68000e-01  1.01564e-01     0.000e+00
-5.10000e-01 -1.26000e-01  1.01564e-01     0.000e+00
-4.08000e-01 -1.26000e-01  1.01564e-01     2.875e-03
-3.06000e-01 -1.26000e-01  1.01564e-01     2.875e-03
-2.04000e-01 -1.26000e-01  1.01564e-01     2.875e-03
-1.02000e-01 -1.26000e-01  1.01564e-01     2.875e-03
 0.00000e+00 -1.26000e-01  1.01564e-01     2.875e-03
 1.02000e-01 -1.26000e-01  1.01564e-01     2.875e-03
 2.04000e-01 -1.26000e-01  1.01564e-01     2.875e-03
 3.06000e-01 -1.26000e-01  1.01564e-01     2.875e-03
 4.08000e-01 -1.26000e-01  1.01564e-01     2.875e-03
 5.10000e-01 -1.26000e-01  1.01564e-01     0.000e+00
-5.10000e-01 -8.40000e-02  1.01564e-01     0.000e+00
-4.08000e-01 -8.40000e-02  1.01564e-01     2.884e-03
-3.06000e-01 -8.40000e-02  1.01564e-01     2.884e-03
-2.04000e-01 -8.40000e-02  1.01564e-01     2.884e-03
-1.02000e-01 -8.40000e-02  1.01564e-01     2.884e-03
 0.00000e+00 -8.40000e-02  1.01564e-01     2.884e-03
 1.02000e-01 -8.40000e-02  1.01564e-01     2.884e-03
 2.04000e-01 -8.40000e-02  1.01564e-01     2.884e-03
 3.06000e-01 -8.40000e-02  1.01564e-01     2.884e-03
 4.08000e-01 -8.40000e-02  1.01564e-01     2.884e-03
 5.10000e-01 -8.40000e-02  1.01564e-01     0.000e+00
-5.10000e-01 -4.20000e-02  1.01564e-01     0.000e+00
-4.08000e-01 -4.20000e-02  1.01564e-01     2.889e-03
-3.06000e-01 -4.20000e-02  1.01564e-01     2.889e-03
-2.04000e-01 -4.20000e-02  1.01564e-01     2.889e-03
-1.02000e-01 -4.20000e-02  1.01564e-01     2.889e-03
 0.00000e+00 -4.20000e-02  1.01564e-01     2.889e-03
 1.02000e-01 -4.20000e-02  1.01564e-01     2.889e-03
 2.04000e-01 -4.20000e-02  1.01564e-01     2.889e-03
 3.06000e-01 -4.20000e-02  1.01564e-01     2.889e-03
 4.08000e-01 -4.20000e-02  1.01564e-01     2.889e-03
 5.10000e-01 -4.20000e-02  1.01564e-01     0.000e+00
-5.10000e-01  0.00000e+00  1.01564e-01     0.000e+00
-4.08000e-01  0.00000e+00  1.01564e-01     2.891e-03
-3.06000e-01  0.00000e+00  1.01564e-01     2.891e-03
-2.04000e-01  0.00000e+00  1.01564e-01     2.891e-03
-1.02000e-01  0.00000e+00  1.01564e-01     2.891e-03
 0.00000e+00  0.00000e+00  1.01564e-01     2.891e-03
 1.02000e-01  0.00000e+00  1.01564e-01     2.891e-03
 2.04000e-01  0.00000e+00  1.01564e-01     2.891e-03
 3.06000e-01  0.00000e+00  1.01564e-01     2.891e-03
 4.08000e-01  0.00000e+00  1.01564e-01     2.891e-03
 5.10000e-01  0.00000e+00  1.01564e-01     0.000e+00
-5.10000e-01  4.20000e-02  1.01564e-01     0.000e+00
-4.08000e-01  4.20000e-02  1.01564e-01     2.889e-03
-3.06000e-01  4.20000e-02  1.01564e-01     2.889e-03
-2.04000e-01  4.20000e-02  1.01564e-01     2.889e-03
-1.02000e-01  4.20000e-02  1.01564e-01     2.889e-03
 0.00000e+00  4.20000e-02  1.01564e-01     2.889e-03
 1.02000e-01  4.20000e-02  1.01564e-01     2.889e-03
 2.04000e-01  4.20000e-02  1.01564e-01     2.889e-03
 3.06000e-01  4.20000e-02  1.01564e-01     2.889e-03
 4.08000e-01  4.20000e-02  1.01564e-01     2.889e-03
 5.10000e-01  4.20000e-02  1.01564e-01     0.000e+00
-5.10000e-01  8.40000e-02  1.01564e-01     0.000e+00
-4.08000e-01  8.40000e-02  1.01564e-01     2.884e-03
-3.06000e-01  8.40000e-02  1.01564e-01     2.884e-03
-2.04000e-01  8.40000e-02  1.01564e-01     2.884e-03
-1.02000e-01  8.40000e-02  1.01564e-01     2.884e-03
 0.00000e+00  8.40000e-02  1.01564e-01     2.884e-03
 1.02000e-01  8.40000e-02  1.01564e-01     2.884e-03
 2.04000e-01  8.40000e-02  1.01564e-01     2.884e-03
 3.06000e-01  8.40000e-02  1.01564e-01     2.884e-03
 4.08000e-01  8.40000e-02  1.01564e-01     2.884e-03
 5.10000e-01  8.40000e-02  1.01564e-01     0.000e+00
-5.10000e-01  1.26000e-01  1.01564e-01     0.000e+00
-4.08000e-01  1.26000e-01  1.01564e-01     2.875e-03
-3.06000e-01  1.26000e-01  1.01564e-01     2.875e-03
-2.04000e-01  1.26000e-01  1.01564e-01     2.875e-03
-1.02000e-01  1.26000e-01  1.01564e-01     2.875e-03
 0.00000e+00  1.26000e-01  1.01564e-01     2.875e-03
 1.02000e-01  1.26000e-01  1.01564e-01     2.875e-03
 2.04000e-01  1.26000e-01  1.01564e-01     2.875e-03
 3.06000e-01  1.26000e-01  1.01564e-01     2.875e-03
 4.08000e-01  1.26000e-01  1.01564e-01     2.875e-03
 5.10000e-01  1.26000e-01  1.01564e-01     0.000e+00
-5.10000e-01  1.68000e-01  1.01564e-01     0.000e+00
-4.08000e-01  1.68000e-01  1.01564e-01     2.863e-03
-3.06000e-01  1.68000e-01  1.01564e-01     2.863e-03
-2.04000e-01  1.68000e-01  1.01564e-01     2.863e-03
-1.02000e-01  1.68000e-01  1.01564e-01     2.863e-03
 0.00000e+00  1.68000e-01  1.01564e-01     2.863e-03
 1.02000e-01  1.68000e-01  1.01564e-01     2.863e-03
 2.04000e-01  1.68000e-01  1.01564e-01     2.863e-03
 3.06000e-01  1.68000e-01  1.01564e-01     2.863e-03
 4.08000e-01  1.68000e-01  1.01564e-01     2.863e-03
 5.10000e-01  1.68000e-01  1.01564e-01     0.000e+00
-5.10000e-01  2.10000e-01  1.01564e-01     0.000e+00
-4.08000e-01  2.10000e-01  1.01564e-01     0.000e+00
-3.06000e-01  2.10000e-01  1.01564e-01     0.000e+00
-2.04000e-01  2.10000e-01  1.01564e-01     0.000e+00
-1.02000e-01  2.10000e-01  1.01564e-01     0.000e+00
 0.00000e+00  2.10000e-01  1.01564e-01     0.000e+00
 1.02000e-01  2.10000e-01  1.01564e-01     0.000e+00
 2.04000e-01  2.10000e-01  1.01564e-01     0.000e+00
 3.06000e-01  2.10000e-01  1.01564e-01     0.000e+00
 4.08000e-01  2.10000e-01  1.01564e-01     0.000e+00
 5.10000e-01  2.10000e-01  1.01564e-01     0.000e+00
-5.10000e-01 -2.10000e-01  1.05191e-01     0.000e+00
-4.08000e-01 -2.10000e-01  1.05191e-01     0.000e+00
-3.06000e-01 -2.10000e-01  1.05191e-01     0.000e+00
-2.04000e-01 -2.10000e-01  1.05191e-01     0.000e+00
-1.02000e-01 -2.10000e-01  1.05191e-01     0.000e+00
 0.00000e+00 -2.10000e-01  1.05191e-01     0.000e+00
 1.02000e-01 -2.10000e-01  1.05191e-01     0.000e+00
 2.04000e-01 -2.10000e-01  1.05191e-01     0.000e+00
 3.06000e-01 -2.10000e-01  1.05191e-01     0.000e+00
 4.08000e-01 -2.10000e-01  1.05191e-01     0.000e+00
 5.10000e-01 -2.10000e-01  1.05191e-01     0.000e+00
-5.10000e-01 -1.68000e-01  1.05191e-01     0.000e+00
-4.08000e-01 -1.68000e-01  1.05191e-01     2.765e-03
-3.06000e-01 -1.68000e-01  1.05191e-01     2.765e-03
-2.04000e-01 -1.68000e-01  1.05191e-01     2.765e-03
-1.02000e-01 -1.68000e-01  1.05191e-01     2.765e-03
 0.00000e+00 -1.68000e-01  1.05191e-01     2.765e-03
 1.02000e-01 -1.68000e-01  1.05191e-01     2.765e-03
 2.04000e-01 -1.68000e-01  1.05191e-01     2.765e-03
 3.06000e-01 -1.68000e-01  1.05191e-01     2.765e-03
 4.08000e-01 -1.68000e-01  1.05191e-01     2.765e-03
 5.10000e-01 -1.68000e-01  1.05191e-01     0.000e+00
-5.10000e-01 -1.26000e-01  1.05191e-01     0.000e+00
-4.08000e-01 -1.26000e-01  1.05191e-01     2.777e-03
-3.06000e-01 -1.26000e-01  1.05191e-01     2.777e-03
-2.04000e-01 -1.26000e-01  1.05191e-01     2.777e-03
-1.02000e-01 -1.26000e-01  1.05191e-01     2.777e-03
 0.00000e+00 -1.26000e-01  1.05191e-01     2.777e-03
 1.02000e-01 -1.26000e-01  1.05191e-01     2.777e-03
 2.04000e-01 -1.26000e-01  1.05191e-01     2.777e-03
 3.06000e-01 -1.26000e-01  1.05191e-01     2.777e-03
 4.08000e-01 -1.26000e-01  1.05191e-01     2.777e-03
 5.10000e-01 -1.26000e-01  1.05191e-01     0.000e+00
-5.10000e-01 -8.40000e-02  1.05191e-01     0.000e+00
-4.08000e-01 -8.40000e-02  1.05191e-01     2.785e-03
-3.06000e-01 -8.40000e-02  1.05191e-01     2.785e-03
-2.04000e-01 -8.40000e-02  1.05191e-01     2.785e-03
-1.02000e-01 -8.40000e-02  1.05191e-01     2.785e-03
 0.00000e+00 -8.40000e-02  1.05191e-01     2.785e-03
 1.02000e-01 -8.40000e-02  1.05191e-01     2.785e-03
 2.04000e-01 -8.40000e-02  1.05191e-01     2.785e-03
 3.06000e-01 -8.40000e-02  1.05191e-01     2.785e-03
 4.08000e-01 -8.40000e-02  1.05191e-01     2.785e-03
 5.10000e-01 -8.40000e-02  1.05191e-01     0.000e+00
-5.10000e-01 -4.20000e-02  1.05191e-01     0.000e+00
-4.08000e-01 -4.20000e-02  1.05191e-01     2.790e-03
-3.06000e-01 -4.20000e-02  1.05191e-01     2.790e-03
-2.04000e-01 -4.20000e-02  1.05191e-01     2.790e-03
-1.02000e-01 -4.20000e-02  1.05191e-01     2.790e-03
 0.00000e+00 -4.20000e-02  1.05191e-01     2.790e-03
 1.02000e-01 -4.20000e-02  1.05191e-01     2.790e-03
 2.04000e-01 -4.20000e-02  1.05191e-01     2.790e-03
 3.06000e-01 -4.20000e-02  1.05191e-01     2.790e-03
 4.08000e-01 -4.20000e-02  1.05191e-01     2.790e-03
 5.10000e-01 -4.20000e-02  1.05191e-01     0.000e+00
-5.10000e-01  0.00000e+00  1.05191e-01     0.000e+00
-4.08000e-01  0.00000e+00  1.05191e-01     2.792e-03
-3.06000e-01  0.00000e+00  1.05191e-01     2.792e-03
-2.04000e-01  0.00000e+00  1.05191e-01     2.792e-03
-1.02000e-01  0.00000e+00  1.05191e-01     2.792e-03
 0.00000e+00  0.00000e+00  1.05191e-01     2.792e-03
 1.02000e-01  0.00000e+00  1.05191e-01     2.792e-03
 2.04000e-01  0.00000e+00  1.05191e-01     2.792e-03
 3.06000e-01  0.00000e+00  1.05191e-01     2.792e-03
 4.08000e-01  0.00000e+00  1.05191e-01     2.792e-03
 5.10000e-01  0.00000e+00  1.05191e-01     0.000e+00
-5.10000e-01  4.20000e-02  1.05191e-01     0.000e+00
-4.08000e-01  4.20000e-02  1.05191e-01     2.790e-03
-3.06000e-01  4.20000e-02  1.05191e-01     2.790e-03
-2.04000e-01  4.20000e-02  1.05191e-01     2.790e-03
-1.02000e-01  4.20000e-02  1.05191e-01     2.790e-03
 0.00000e+00  4.20000e-02  1.05191e-01     2.790e-03
 1.02000e-01  4.20000e-02  1.05191e-01     2.790e-03
 2.04000e-01  4.20000e-02  1.05191e-01     2.790e-03
 3.06000e-01  4.20000e-02  1.05191e-01     2.790e-03
 4.08000e-01  4.20000e-02  1.05191e-01     2.790e-03
 5.10000e-01  4.20000e-02  1.05191e-01     0.000e+00
-5.10000e-01  8.40000e-02  1.05191e-01     0.000e+00
-4.08000e-01  8.40000e-02  1.05191e-01     2.785e-03
-3.06000e-01  8.40000e-02  1.05191e-01     2.785e-03
-2.04000e-01  8.40000e-02  1.05191e-01     2.785e-03
-1.02000e-01  8.40000e-02  1.05191e-01     2.785e-03
 0.00000e+00  8.40000e-02  1.05191e-01     2.785e-03
 1.02000e-01  8.40000e-02  1.05191e-01     2.785e-03
 2.04000e-01  8.40000e-02  1.05191e-01     2.785e-03
 3.06000e-01  8.40000e-02  1.05191e-01     2.785e-03
 4.08000e-01  8.40000e-02  1.05191e-01     2.785e-03
 5.10000e-01  8.40000e-02  1.05191e-01     0.000e+00
-5.10000e-01  1.26000e-01  1.05191e-01     0.000e+00
-4.08000e-01  1.26000e-01  1.05191e-01     2.777e-03
-3.06000e-01  1.26000e-01  1.05191e-01     2.777e-03
-2.04000e-01  1.26000e-01  1.05191e-01     2.777e-03
-1.02000e-01  1.26000e-01  1.05191e-01     2.777e-03
 0.00000e+00  1.26000e-01  1.05191e-01     2.777e-03
 1.02000e-01  1.26000e-01  1.05191e-01     2.777e-03
 2.04000e-01  1.26000e-01  1.05191e-01     2.777e-03
 3.06000e-01  1.26000e-01  1.05191e-01     2.777e-03
 4.08000e-01  1.26000e-01  1.05191e-01     2.777e-03
 5.10000e-01  1.26000e-01  1.05191e-01     0.000e+00
-5.10000e-01  1.68000e-01  1.05191e-01     0.000e+00
-4.08000e-01  1.68000e-01  1.05191e-01     2.765e-03
-3.06000e-01  1.68000e-01  1.05191e-01     2.765e-03
-2.04000e-01  1.68000e-01  1.05191e-01     2.765e-03
-1.02000e-01  1.68000e-01  1.05191e-01     2.765e-03
 0.00000e+00  1.68000e-01  1.05191e-01     2.765e-03
 1.02000e-01  1.68000e-01  1.05191e-01     2.765e-03
 2.04000e-01  1.68000e-01  1.05191e-01     2.765e-03
 3.06000e-01  1.68000e-01  1.05191e-01     2.765e-03
 4.08000e-01  1.68000e-01  1.05191e-01     2.765e-03
 5.10000e-01  1.68000e-01  1.05191e-01     0.000e+00
-5.10000e-01  2.10000e-01  1.05191e-01     0.000e+00
-4.08000e-01  2.10000e-01  1.05191e-01     0.000e+00
-3.06000e-01  2.10000e-01  1.05191e-01     0.000e+00
-2.04000e-01  2.10000e-01  1.05191e-01     0.000e+00
-1.02000e-01  2.10000e-01  1.05191e-01     0.000e+00
 0.00000e+00  2.10000e-01  1.05191e-01     0.000e+00
 1.02000e-01  2.10000e-01  1.05191e-01     0.000e+00
 2.04000e-01  2.10000e-01  1.05191e-01     0.000e+00
 3.06000e-01  2.10000e-01  1.05191e-01     0.000e+00
 4.08000e-01  2.10000e-01  1.05191e-01     0.000e+00
 5.10000e-01  2.10000e-01  1.05191e-01     0.000e+00
-5.10000e-01 -2.10000e-01  1.08818e-01     0.000e+00
-4.08000e-01 -2.10000e-01  1.08818e-01     0.000e+00
-3.06000e-01 -2.10000e-01  1.08818e-01     0.000e+00
-2.04000e-01 -2.10000e-01  1.08818e-01     0.000e+00
-1.02000e-01 -2.10000e-01  1.08818e-01     0.000e+00
 0.00000e+00 -2.10000e-01  1.08818e-01     0.000e+00
 1.02000e-01 -2.10000e-01  1.08818e-01     0.000e+00
 2.04000e-01 -2.10000e-01  1.08818e-01     0.000e+00
 3.06000e-01 -2.10000e-01  1.08818e-01     0.000e+00
 4.08000e-01 -2.10000e-01  1.08818e-01     0.000e+00
 5.10000e-01 -2.10000e-01  1.08818e-01     0.000e+00
-5.10000e-01 -1.68000e-01  1.08818e-01     0.000e+00
-4.08000e-01 -1.68000e-01  1.08818e-01     2.673e-03
-3.06000e-01 -1.68000e-01  1.08818e-01     2.673e-03
-2.04000e-01 -1.68000e-01  1.08818e-01     2.673e-03
-1.02000e-01 -1.68000e-01  1.08818e-01     2.673e-03
 0.00000e+00 -1.68000e-01  1.08818e-01     2.673e-03
 1.02000e-01 -1.68000e-01  1.08818e-01     2.673e-03
 2.04000e-01 -1.68000e-01  1.08818e-01     2.673e-03
 3.06000e-01 -1.68000e-01  1.08818e-01     2.673e-03
 4.08000e-01 -1.68000e-01  1.08818e-01     2.673e-03
 5.10000e-01 -1.68000e-01  1.08818e-01     0.000e+00
-5.10000e-01 -1.26000e-01  1.08818e-01     0.000e+00
-4.08000e-01 -1.26000e-01  1.08818e-01     2.684e-03
-3.06000e-01 -1.26000e-01  1.08818e-01     2.684e-03
-2.04000e-01 -1.26000e-01  1.08818e-01     2.684e-03
-1.02000e-01 -1.26000e-01  1.08818e-01     2.684e-03
 0.00000e+00 -1.26000e-01  1.08818e-01     2.684e-03
 1.02000e-01 -1.26000e-01  1.08818e-01     2.684e-03
 2.04000e-01 -1.26000e-01  1.08818e-01     2.684e-03
 3.06000e-01 -1.26000e-01  1.08818e-01     2.684e-03
 4.08000e-01 -1.26000e-01  1.08818e-01     2.684e-03
 5.10000e-01 -1.26000e-01  1.08818e-01     0.000e+00
-5.10000e-01 -8.40000e-02  1.08818e-01     0.000e+00
-4.08000e-01 -8.40000e-02  1.08818e-01     2.693e-03
-3.06000e-01 -8.40000e-02  1.08818e-01     2.693e-03
-2.04000e-01 -8.40000e-02  1.08818e-01     2.693e-03
-1.02000e-01 -8.40000e-02  1.08818e-01     2.693e-03
 0.00000e+00 -8.40000e-02  1.08818e-01     2.693e-03
 1.02000e-01 -8.40000e-02  1.08818e-01     2.693e-03
 2.04000e-01 -8.40000e-02  1.08818e-01     2.693e-03
 3.06000e-01 -8.40000e-02  1.08818e-01     2.693e-03
 4.08000e-01 -8.40000e-02  1.08818e-01     2.693e-03
 5.10000e-01 -8.40000e-02  1.08818e-01     0.000e+00
-5.10000e-01 -4.20000e-02  1.08818e-01     0.000e+00
-4.08000e-01 -4.20000e-02  1.08818e-01     2.697e-03
-3.06000e-01 -4.20000e-02  1.08818e-01     2.697e-03
-2.04000e-01 -4.20000e-02  1.08818e-01     2.697e-03
-1.02000e-01 -4.20000e-02  1.08818e-01     2.697e-03
 0.00000e+00 -4.20000e-02  1.08818e-01     2.697e-03
 1.02000e-01 -4.20000e-02  1.08818e-01     2.697e-03
 2.04000e-01 -4.20000e-02  1.08818e-01     2.697e-03
 3.06000e-01 -4.20000e-02  1.08818e-01     2.697e-03
 4.08000e-01 -4.20000e-02  1.08818e-01     2.697e-03
 5.10000e-01 -4.20000e-02  1.08818e-01     0.000e+00
-5.10000e-01  0.00000e+00  1.08818e-01     0.000e+00
-4.08000e-01  0.00000e+00  1.08818e-01     2.699e-03
-3.06000e-01  0.00000e+00  1.08818e-01     2.699e-03
-2.04000e-01  0.00000e+00  1.08818e-01     2.699e-03
-1.02000e-01  0.00000e+00  1.08818e-01     2.699e-03
 0.00000e+00  0.00000e+00  1.08818e-01     2.699e-03
 1.02000e-01  0.00000e+00  1.08818e-01     2.699e-03
 2.04000e-01  0.00000e+00  1.08818e-01     2.699e-03
 3.06000e-01  0.00000e+00  1.08818e-01     2.699e-03
 4.08000e-01  0.00000e+00  1.08818e-01     2.699e-03
 5.10000e-01  0.00000e+00  1.08818e-01     0.000e+00
-5.10000e-01  4.20000e-02  1.08818e-01     0.000e+00
-4.08000e-01  4.20000e-02  1.08818e-01     2.697e-03
-3.06000e-01  4.20000e-02  1.08818e-01     2.697e-03
-2.04000e-01  4.20000e-02  1.08818e-01     2.697e-03
-1.02000e-01  4.20000e-02  1.08818e-01     2.697e-03
 0.00000e+00  4.20000e-02  1.08818e-01     2.697e-03
 1.02000e-01  4.20000e-02  1.08818e-01     2.697e-03
 2.04000e-01  4.20000e-02  1.08818e-01     2.697e-03
 3.06000e-01  4.20000e-02  1.08818e-01     2.697e-03
 4.08000e-01  4.20000e-02  1.08818e-01     2.697e-03
 5.10000e-01  4.20000e-02  1.08818e-01     0.000e+00
-5.10000e-01  8.40000e-02  1.08818e-01     0.000e+00
-4.08000e-01  8.40000e-02  1.08818e-01     2.693e-03
-3.06000e-01  8.40000e-02  1.08818e-01     2.693e-03
-2.04000e-01  8.40000e-02  1.08818e-01     2.693e-03
-1.02000e-01  8.40000e-02  1.08818e-01     2.693e-03
 0.00000e+00  8.40000e-02  1.08818e-01     2.693e-03
 1.02000e-01  8.40000e-02  1.08818e-01     2.693e-03
 2.04000e-01  8.40000e-02  1.08818e-01     2.693e-03
 3.06000e-01  8.40000e-02  1.08818e-01     2.693e-03
 4.08000e-01  8.40000e-02  1.08818e-01     2.693e-03
 5.10000e-01  8.40000e-02  1.08818e-01     0.000e+00
-5.10000e-01  1.26000e-01  1.08818e-01     0.000e+00
-4.08000e-01  1.26000e-01  1.08818e-01     2.684e-03
-3.06000e-01  1.26000e-01  1.08818e-01     2.684e-03
-2.04000e-01  1.26000e-01  1.08818e-01     2.684e-03
-1.02000e-01  1.26000e-01  1.08818e-01     2.684e-03
 0.00000e+00  1.26000e-01  1.08818e-01     2.684e-03
 1.02000e-01  1.26000e-01  1.08818e-01     2.684e-03
 2.04000e-01  1.26000e-01  1.08818e-01     2.684e-03
 3.06000e-01  1.26000e-01  1.08818e-01     2.684e-03
 4.08000e-01  1.26000e-01  1.08818e-01     2.684e-03
 5.10000e-01  1.26000e-01  1.08818e-01     0.000e+00
-5.10000e-01  1.68000e-01  1.08818e-01     0.000e+00
-4.08000e-01  1.68000e-01  1.08818e-01     2.673e-03
-3.06000e-01  1.68000e-01  1.08818e-01     2.673e-03
-2.04000e-01  1.68000e-01  1.08818e-01     2.673e-03
-1.02000e-01  1.68000e-01  1.08818e-01     2.673e-03
 0.00000e+00  1.68000e-01  1.08818e-01     2.673e-03
 1.02000e-01  1.68000e-01  1.08818e-01     2.673e-03
 2.04000e-01  1.68000e-01  1.08818e-01     2.673e-03
 3.06000e-01  1.68000e-01  1.08818e-01     2.673e-03
 4.08000e-01  1.68000e-01  1.08818e-01     2.673e-03
 5.10000e-01  1.68000e-01  1.08818e-01     0.000e+00
-5.10000e-01  2.10000e-01  1.08818e-01     0.000e+00
-4.08000e-01  2.10000e-01  1.08818e-01     0.000e+00
-3.06000e-01  2.10000e-01  1.08818e-01     0.000e+00
-2.04000e-01  2.10000e-01  1.08818e-01     0.000e+00
-1.02000e-01  2.10000e-01  1.08818e-01     0.000e+00
 0.00000e+00  2.10000e-01  1.08818e-01     0.000e+00
 1.02000e-01  2.10000e-01  1.08818e-01     0.000e+00
 2.04000e-01  2.10000e-01  1.08818e-01     0.000e+00
 3.06000e-01  2.10000e-01  1.08818e-01     0.000e+00
 4.08000e-01  2.10000e-01  1.08818e-01     0.000e+00
 5.10000e-01  2.10000e-01  1.08818e-01     0.000e+00
-5.10000e-01 -2.10000e-01  1.12445e-01     0.000e+00
-4.08000e-01 -2.10000e-01  1.12445e-01     0.000e+00
-3.06000e-01 -2.10000e-01  1.12445e-01     0.000e+00
-2.04000e-01 -2.10000e-01  1.12445e-01     0.000e+00
-1.02000e-01 -2.10000e-01  1.12445e-01     0.000e+00
 0.00000e+00 -2.10000e-01  1.12445e-01     0.000e+00
 1.02000e-01 -2.10000e-01  1.12445e-01     0.000e+00
 2.04000e-01 -2.10000e-01  1.12445e-01     0.000e+00
 3.06000e-01 -2.10000e-01  1.12445e-01     0.000e+00
 4.08000e-01 -2.10000e-01  1.12445e-01     0.000e+00
 5.10000e-01 -2.10000e-01  1.12445e-01     0.000e+00
-5.10000e-01 -1.68000e-01  1.12445e-01     0.000e+00
-4.08000e-01 -1.68000e-01  1.12445e-01     2.586e-03
-3.06000e-01 -1.68000e-01  1.12445e-01     2.586e-03
-2.04000e-01 -1.68000e-01  1.12445e-01     2.586e-03
-1.02000e-01 -1.68000e-01  1.12445e-01     2.586e-03
 0.00000e+00 -1.68000e-01  1.12445e-01     2.586e-03
 1.02000e-01 -1.68000e-01  1.12445e-01     2.586e-03
 2.04000e-01 -1.68000e-01  1.12445e-01     2.586e-03
 3.06000e-01 -1.68000e-01  1.12445e-01     2.586e-03
 4.08000e-01 -1.68000e-01  1.12445e-01     2.586e-03
 5.10000e-01 -1.68000e-01  1.12445e-01     0.000e+00
-5.10000e-01 -1.26000e-01  1.12445e-01     0.000e+00
-4.08000e-01 -1.26000e-01  1.12445e-01     2.597e-03
-3.06000e-01 -1.26000e-01  1.12445e-01     2.597e-03
-2.04000e-01 -1.26000e-01  1.12445e-01     2.597e-03
-1.02000e-01 -1.26000e-01  1.12445e-01     2.597e-03
 0.00000e+00 -1.26000e-01  1.12445e-01     2.597e-03
 1.02000e-01 -1.26000e-01  1.12445e-01     2.597e-03
 2.04000e-01 -1.26000e-01  1.12445e-01     2.597e-03
 3.06000e-01 -1.26000e-01  1.12445e-01     2.597e-03
 4.08000e-01 -1.26000e-01  1.12445e-01     2.597e-03
 5.10000e-01 -1.26000e-01  1.12445e-01     0.000e+00
-5.10000e-01 -8.40000e-02  1.12445e-01     0.000e+00
-4.08000e-01 -8.40000e-02  1.12445e-01     2.605e-03
-3.06000e-01 -8.40000e-02  1.12445e-01     2.605e-03
-2.04000e-01 -8.40000e-02  1.12445e-01     2.605e-03
-1.02000e-01 -8.40000e-02  1.12445e-01     2.605e-03
 0.00000e+00 -8.40000e-02  1.12445e-01     2.605e-03
 1.02000e-01 -8.40000e-02  1.12445e-01     2.605e-03
 2.04000e-01 -8.40000e-02  1.12445e-01     2.605e-03
 3.06000e-01 -8.40000e-02  1.12445e-01     2.605e-03
 4.08000e-01 -8.40000e-02  1.12445e-01     2.605e-03
 5.10000e-01 -8.40000e-02  1.12445e-01     0.000e+00
-5.10000e-01 -4.20000e-02  1.12445e-01     0.000e+00
-4.08000e-01 -4.20000e-02  1.12445e-01     2.610e-03
-3.06000e-01 -4.20000e-02  1.12445e-01     2.610e-03
-2.04000e-01 -4.20000e-02  1.12445e-01     2.610e-03
-1.02000e-01 -4.20000e-02  1.12445e-01     2.610e-03
 0.00000e+00 -4.20000e-02  1.12445e-01     2.610e-03
 1.02000e-01 -4.20000e-02  1.12445e-01     2.610e-03
 2.04000e-01 -4.20000e-02  1.12445e-01     2.610e-03
 3.06000e-01 -4.20000e-02  1.12445e-01     2.610e-03
 4.08000e-01 -4.20000e-02  1.12445e-01     2.610e-03
 5.10000e-01 -4.20000e-02  1.12445e-01     0.000e+00
-5.10000e-01  0.00000e+00  1.12445e-01     0.000e+00
-4.08000e-01  0.00000e+00  1.12445e-01     2.611e-03
-3.06000e-01  0.00000e+00  1.12445e-01     2.611e-03
-2.04000e-01  0.00000e+00  1.12445e-01     2.611e-03
-1.02000e-01  0.00000e+00  1.12445e-01     2.611e-03
 0.00000e+00  0.00000e+00  1.12445e-01     2.611e-03
 1.02000e-01  0.00000e+00  1.12445e-01     2.611e-03
 2.04000e-01  0.00000e+00  1.12445e-01     2.611e-03
 3.06000e-01  0.00000e+00  1.12445e-01     2.611e-03
 4.08000e-01  0.00000e+00  1.12445e-01     2.611e-03
 5.10000e-01  0.00000e+00  1.12445e-01     0.000e+00
-5.10000e-01  4.20000e-02  1.12445e-01     0.000e+00
-4.08000e-01  4.20000e-02  1.12445e-01     2.610e-03
-3.06000e-01  4.20000e-02  1.12445e-01     2.610e-03
-2.04000e-01  4.20000e-02  1.12445e-01     2.610e-03
-1.02000e-01  4.20000e-02  1.12445e-01     2.610e-03
 0.00000e+00  4.20000e-02  1.12445e-01     2.610e-03
 1.02000e-01  4.20000e-02  1.12445e-01     2.610e-03
 2.04000e-01  4.20000e-02  1.12445e-01     2.610e-03
 3.06000e-01  4.20000e-02  1.12445e-01     2.610e-03
 4.08000e-01  4.20000e-02  1.12445e-01     2.610e-03
 5.10000e-01  4.20000e-02  1.12445e-01     0.000e+00
-5.10000e-01  8.40000e-02  1.12445e-01     0.000e+00
-4.08000e-01  8.40000e-02  1.12445e-01     2.605e-03
-3.06000e-01  8.40000e-02  1.12445e-01     2.605e-03
-2.04000e-01  8.40000e-02  1.12445e-01     2.605e-03
-1.02000e-01  8.40000e-02  1.12445e-01     2.605e-03
 0.00000e+00  8.40000e-02  1.12445e-01     2.605e-03
 1.02000e-01  8.40000e-02  1.12445e-01     2.605e-03
 2.04000e-01  8.40000e-02  1.12445e-01     2.605e-03
 3.06000e-01  8.40000e-02  1.12445e-01     2.605e-03
 4.08000e-01  8.40000e-02  1.12445e-01     2.605e-03
 5.10000e-01  8.40000e-02  1.12445e-01     0.000e+00
-5.10000e-01  1.26000e-01  1.12445e-01     0.000e+00
-4.08000e-01  1.26000e-01  1.12445e-01     2.597e-03
-3.06000e-01  1.26000e-01  1.12445e-01     2.597e-03
-2.04000e-01  1.26000e-01  1.12445e-01     2.597e-03
-1.02000e-01  1.26000e-01  1.12445e-01     2.597e-03
 0.00000e+00  1.26000e-01  1.12445e-01     2.597e-03
 1.02000e-01  1.26000e-01  1.12445e-01     2.597e-03
 2.04000e-01  1.26000e-01  1.12445e-01     2.597e-03
 3.06000e-01  1.26000e-01  1.12445e-01     2.597e-03
 4.08000e-01  1.26000e-01  1.12445e-01     2.597e-03
 5.10000e-01  1.26000e-01  1.12445e-01     0.000e+00
-5.10000e-01  1.68000e-01  1.12445e-01     0.000e+00
-4.08000e-01  1.68000e-01  1.12445e-01     2.586e-03
-3.06000e-01  1.68000e-01  1.12445e-01     2.586e-03
-2.04000e-01  1.68000e-01  1.12445e-01     2.586e-03
-1.02000e-01  1.68000e-01  1.12445e-01     2.586e-03
 0.00000e+00  1.68000e-01  1.12445e-01     2.586e-03
 1.02000e-01  1.68000e-01  1.12445e-01     2.586e-03
 2.04000e-01  1.68000e-01  1.12445e-01     2.586e-03
 3.06000e-01  1.68000e-01  1.12445e-01     2.586e-03
 4.08000e-01  1.68000e-01  1.12445e-01     2.586e-03
 5.10000e-01  1.68000e-01  1.12445e-01     0.000e+00
-5.10000e-01  2.10000e-01  1.12445e-01     0.000e+00
-4.08000e-01  2.10000e-01  1.12445e-01     0.000e+00
-3.06000e-01  2.10000e-01  1.12445e-01     0.000e+00
-2.04000e-01  2.10000e-01  1.12445e-01     0.000e+00
-1.02000e-01  2.10000e-01  1.12445e-01     0.000e+00
 0.00000e+00  2.10000e-01  1.12445e-01     0.000e+00
 1.02000e-01  2.10000e-01  1.12445e-01     0.000e+00
 2.04000e-01  2.10000e-01  1.12445e-01     0.000e+00
 3.06000e-01  2.10000e-01  1.12445e-01     0.000e+00
 4.08000e-01  2.10000e-01  1.12445e-01     0.000e+00
 5.10000e-01  2.10000e-01  1.12445e-01     0.000e+00
-5.10000e-01 -2.10000e-01  1.16073e-01     0.000e+00
-4.08000e-01 -2.10000e-01  1.16073e-01     0.000e+00
-3.06000e-01 -2.10000e-01  1.16073e-01     0.000e+00
-2.04000e-01 -2.10000e-01  1.16073e-01     0.000e+00
-1.02000e-01 -2.10000e-01  1.16073e-01     0.000e+00
 0.00000e+00 -2.10000e-01  1.16073e-01     0.000e+00
 1.02000e-01 -2.10000e-01  1.16073e-01     0.000e+00
 2.04000e-01 -2.10000e-01  1.16073e-01     0.000e+00
 3.06000e-01 -2.10000e-01  1.16073e-01     0.000e+00
 4.08000e-01 -2.10000e-01  1.16073e-01     0.000e+00
 5.10000e-01 -2.10000e-01  1.16073e-01     0.000e+00
-5.10000e-01 -1.68000e-01  1.16073e-01     0.000e+00
-4.08000e-01 -1.68000e-01  1.16073e-01     2.504e-03
-3.06000e-01 -1.68000e-01  1.16073e-01     2.504e-03
-2.04000e-01 -1.68000e-01  1.16073e-01     2.504e-03
-1.02000e-01 -1.68000e-01  1.16073e-01     2.504e-03
 0.00000e+00 -1.68000e-01  1.16073e-01     2.504e-03
 1.02000e-01 -1.68000e-01  1.16073e-01     2.504e-03
 2.04000e-01 -1.68000e-01  1.16073e-01     2.504e-03
 3.06000e-01 -1.68000e-01  1.16073e-01     2.504e-03
 4.08000e-01 -1.68000e-01  1.16073e-01     2.504e-03
 5.10000e-01 -1.68000e-01  1.16073e-01     0.000e+00
-5.10000e-01 -1.26000e-01  1.16073e-01     0.000e+00
-4.08000e-01 -1.26000e-01  1.16073e-01     2.515e-03
-3.06000e-01 -1.26000e-01  1.16073e-01     2.515e-03
-2.04000e-01 -1.26000e-01  1.16073e-01     2.515e-03
-1.02000e-01 -1.26000e-01  1.16073e-01     2.515e-03
 0.00000e+00 -1.26000e-01  1.16073e-01     2.515e-03
 1.02000e-01 -1.26000e-01  1.16073e-01     2.515e-03
 2.04000e-01 -1.26000e-01  1.16073e-01     2.515e-03
 3.06000e-01 -1.26000e-01  1.16073e-01     2.515e-03
 4.08000e-01 -1.26000e-01  1.16073e-01     2.515e-03
 5.10000e-01 -1.26000e-01  1.16073e-01     0.000e+00
-5.10000e-01 -8.40000e-02  1.16073e-01     0.000e+00
-4.08000e-01 -8.40000e-02  1.16073e-01     2.522e-03
-3.06000e-01 -8.40000e-02  1.16073e-01     2.522e-03
-2.04000e-01 -8.40000e-02  1.16073e-01     2.522e-03
-1.02000e-01 -8.40000e-02  1.16073e-01     2.522e-03
 0.00000e+00 -8.40000e-02  1.16073e-01     2.522e-03
 1.02000e-01 -8.40000e-02  1.16073e-01     2.522e-03
 2.04000e-01 -8.40000e-02  1.16073e-01     2.522e-03
 3.06000e-01 -8.40000e-02  1.16073e-01     2.522e-03
 4.08000e-01 -8.40000e-02  1.16073e-01     2.522e-03
 5.10000e-01 -8.40000e-02  1.16073e-01     0.000e+00
-5.10000e-01 -4.20000e-02  1.16073e-01     0.000e+00
-4.08000e-01 -4.20000e-02  1.16073e-01     2.527e-03
-3.06000e-01 -4.20000e-02  1.16073e-01     2.527e-03
-2.04000e-01 -4.20000e-02  1.16073e-01     2.527e-03
-1.02000e-01 -4.20000e-02  1.16073e-01     2.527e-03
 0.00000e+00 -4.20000e-02  1.16073e-01     2.527e-03
 1.02000e-01 -4.20000e-02  1.16073e-01     2.527e-03
 2.04000e-01 -4.20000e-02  1.16073e-01     2.527e-03
 3.06000e-01 -4.20000e-02  1.16073e-01     2.527e-03
 4.08000e-01 -4.20000e-02  1.16073e-01     2.527e-03
 5.10000e-01 -4.20000e-02  1.16073e-01     0.000e+00
-5.10000e-01  0.00000e+00  1.16073e-01     0.000e+00
-4.08000e-01  0.00000e+00  1.16073e-01     2.529e-03
-3.06000e-01  0.00000e+00  1.16073e-01     2.529e-03
-2.04000e-01  0.00000e+00  1.16073e-01     2.529e-03
-1.02000e-01  0.00000e+00  1.16073e-01     2.529e-03
 0.00000e+00  0.00000e+00  1.16073e-01     2.529e-03
 1.02000e-01  0.00000e+00  1.16073e-01     2.529e-03
 2.04000e-01  0.00000e+00  1.16073e-01     2.529e-03
 3.06000e-01  0.00000e+00  1.16073e-01     2.529e-03
 4.08000e-01  0.00000e+00  1.16073e-01     2.529e-03
 5.10000e-01  0.00000e+00  1.16073e-01     0.000e+00
-5.10000e-01  4.20000e-02  1.16073e-01     0.000e+00
-4.08000e-01  4.20000e-02  1.16073e-01     2.527e-03
-3.06000e-01  4.20000e-02  1.16073e-01     2.527e-03
-2.04000e-01  4.20000e-02  1.16073e-01     2.527e-03
-1.02000e-01  4.20000e-02  1.16073e-01     2.527e-03
 0.00000e+00  4.20000e-02  1.16073e-01     2.527e-03
 1.02000e-01  4.20000e-02  1.16073e-01     2.527e-03
 2.04000e-01  4.20000e-02  1.16073e-01     2.527e-03
 3.06000e-01  4.20000e-02  1.16073e-01     2.527e-03
 4.08000e-01  4.20000e-02  1.16073e-01     2.527e-03
 5.10000e-01  4.20000e-02  1.16073e-01     0.000e+00
-5.10000e-01  8.40000e-02  1.16073e-01     0.000e+00
-4.08000e-01  8.40000e-02  1.16073e-01     2.522e-03
-3.06000e-01  8.40000e-02  1.16073e-01     2.522e-03
-2.04000e-01  8.40000e-02  1.16073e-01     2.522e-03
-1.02000e-01  8.40000e-02  1.16073e-01     2.522e-03
 0.00000e+00  8.40000e-02  1.16073e-01     2.522e-03
 1.02000e-01  8.40000e-02  1.16073e-01     2.522e-03
 2.04000e-01  8.40000e-02  1.16073e-01     2.522e-03
 3.06000e-01  8.40000e-02  1.16073e-01     2.522e-03
 4.08000e-01  8.40000e-02  1.16073e-01     2.522e-03
 5.10000e-01  8.40000e-02  1.16073e-01     0.000e+00
-5.10000e-01  1.26000e-01  1.16073e-01     0.000e+00
-4.08000e-01  1.26000e-01  1.16073e-01     2.515e-03
-3.06000e-01  1.26000e-01  1.16073e-01     2.515e-03
-2.04000e-01  1.26000e-01  1.16073e-01     2.515e-03
-1.02000e-01  1.26000e-01  1.16073e-01     2.515e-03
 0.00000e+00  1.26000e-01  1.16073e-01     2.515e-03
 1.02000e-01  1.26000e-01  1.16073e-01     2.515e-03
 2.04000e-01  1.26000e-01  1.16073e-01     2.515e-03
 3.06000e-01  1.26000e-01  1.16073e-01     2.515e-03
 4.08000e-01  1.26000e-01  1.16073e-01     2.515e-03
 5.10000e-01  1.26000e-01  1.16073e-01     0.000e+00
-5.10000e-01  1.68000e-01  1.16073e-01     0.000e+00
-4.08000e-01  1.68000e-01  1.16073e-01     2.504e-03
-3.06000e-01  1.68000e-01  1.16073e-01     2.504e-03
-2.04000e-01  1.68000e-01  1.16073e-01     2.504e-03
-1.02000e-01  1.68000e-01  1.16073e-01     2.504e-03
 0.00000e+00  1.68000e-01  1.16073e-01     2.504e-03
 1.02000e-01  1.68000e-01  1.16073e-01     2.504e-03
 2.04000e-01  1.68000e-01  1.16073e-01     2.504e-03
 3.06000e-01  1.68000e-01  1.16073e-01     2.504e-03
 4.08000e-01  1.68000e-01  1.16073e-01     2.504e-03
 5.10000e-01  1.68000e-01  1.16073e-01     0.000e+00
-5.10000e-01  2.10000e-01  1.16073e-01     0.000e+00
-4.08000e-01  2.10000e-01  1.16073e-01     0.000e+00
-3.06000e-01  2.10000e-01  1.16073e-01     0.000e+00
-2.04000e-01  2.10000e-01  1.16073e-01     0.000e+00
-1.02000e-01  2.10000e-01  1.16073e-01     0.000e+00
 0.00000e+00  2.10000e-01  1.16073e-01     0.000e+00
 1.02000e-01  2.10000e-01  1.16073e-01     0.000e+00
 2.04000e-01  2.10000e-01  1.16073e-01     0.000e+00
 3.06000e-01  2.10000e-01  1.16073e-01     0.000e+00
 4.08000e-01  2.10000e-01  1.16073e-01     0.000e+00
 5.10000e-01  2.10000e-01  1.16073e-01     0.000e+00
-5.10000e-01 -2.10000e-01  1.19700e-01     0.000e+00
-4.08000e-01 -2.10000e-01  1.19700e-01     0.000e+00
-3.06000e-01 -2.10000e-01  1.19700e-01     0.000e+00
-2.04000e-01 -2.10000e-01  1.19700e-01     0.000e+00
-1.02000e-01 -2.10000e-01  1.19700e-01     0.000e+00
 0.00000e+00 -2.10000e-01  1.19700e-01     0.000e+00
 1.02000e-01 -2.10000e-01  1.19700e-01     0.000e+00
 2.04000e-01 -2.10000e-01  1.19700e-01     0.000e+00
 3.06000e-01 -2.10000e-01  1.19700e-01     0.000e+00
 4.08000e-01 -2.10000e-01  1.19700e-01     0.000e+00
 5.10000e-01 -2.10000e-01  1.19700e-01     0.000e+00
-5.10000e-01 -1.68000e-01  1.19700e-01     0.000e+00
-4.08000e-01 -1.68000e-01  1.19700e-01     2.426e-03
-3.06000e-01 -1.68000e-01  1.19700e-01     2.426e-03
-2.04000e-01 -1.68000e-01  1.19700e-01     2.426e-03
-1.02000e-01 -1.68000e-01  1.19700e-01     2.426e-03
 0.00000e+00 -1.68000e-01  1.19700e-01     2.426e-03
 1.02000e-01 -1.68000e-01  1.19700e-01     2.426e-03
 2.04000e-01 -1.68000e-01  1.19700e-01     2.426e-03
 3.06000e-01 -1.68000e-01  1.19700e-01     2.426e-03
 4.08000e-01 -1.68000e-01  1.19700e-01     2.426e-03
 5.10000e-01 -1.68000e-01  1.19700e-01     0.000e+00
-5.10000e-01 -1.26000e-01  1.19700e-01     0.000e+00
-4.08000e-01 -1.26000e-01  1.19700e-01     2.437e-03
-3.06000e-01 -1.26000e-01  1.19700e-01     2.437e-03
-2.04000e-01 -1.26000e-01  1.19700e-01     2.437e-03
-1.02000e-01 -1.26000e-01  1.19700e-01     2.437e-03
 0.00000e+00 -1.26000e-01  1.19700e-01     2.437e-03
 1.02000e-01 -1.26000e-01  1.19700e-01     2.437e-03
 2.04000e-01 -1.26000e-01  1.19700e-01     2.437e-03
 3.06000e-01 -1.26000e-01  1.19700e-01     2.437e-03
 4.08000e-01 -1.26000e-01  1.19700e-01     2.437e-03
 5.10000e-01 -1.26000e-01  1.19700e-01     0.000e+00
-5.10000e-01 -8.40000e-02  1.19700e-01     0.000e+00
-4.08000e-01 -8.40000e-02  1.19700e-01     2.444e-03
-3.06000e-01 -8.40000e-02  1.19700e-01     2.444e-03
-2.04000e-01 -8.40000e-02  1.19700e-01     2.444e-03
-1.02000e-01 -8.40000e-02  1.19700e-01     2.444e-03
 0.00000e+00 -8.40000e-02  1.19700e-01     2.444e-03
 1.02000e-01 -8.40000e-02  1.19700e-01     2.444e-03
 2.04000e-01 -8.40000e-02  1.19700e-01     2.444e-03
 3.06000e-01 -8.40000e-02  1.19700e-01     2.444e-03
 4.08000e-01 -8.40000e-02  1.19700e-01     2.444e-03
 5.10000e-01 -8.40000e-02  1.19700e-01     0.000e+00
-5.10000e-01 -4.20000e-02  1.19700e-01     0.000e+00
-4.08000e-01 -4.20000e-02  1.19700e-01     2.449e-03
-3.06000e-01 -4.20000e-02  1.19700e-01     2.449e-03
-2.04000e-01 -4.20000e-02  1.19700e-01     2.449e-03
-1.02000e-01 -4.20000e-02  1.19700e-01     2.449e-03
 0.00000e+00 -4.20000e-02  1.19700e-01     2.449e-03
 1.02000e-01 -4.20000e-02  1.19700e-01     2.449e-03
 2.04000e-01 -4.20000e-02  1.19700e-01     2.449e-03
 3.06000e-01 -4.20000e-02  1.19700e-01     2.449e-03
 4.08000e-01 -4.20000e-02  1.19700e-01     2.449e-03
 5.10000e-01 -4.20000e-02  1.19700e-01     0.000e+00
-5.10000e-01  0.00000e+00  1.19700e-01     0.000e+00
-4.08000e-01  0.00000e+00  1.19700e-01     2.450e-03
-3.06000e-01  0.00000e+00  1.19700e-01     2.450e-03
-2.04000e-01  0.00000e+00  1.19700e-01     2.450e-03
-1.02000e-01  0.00000e+00  1.19700e-01     2.450e-03
 0.00000e+00  0.00000e+00  1.19700e-01     2.450e-03
 1.02000e-01  0.00000e+00  1.19700e-01     2.450e-03
 2.04000e-01  0.00000e+00  1.19700e-01     2.450e-03
 3.06000e-01  0.00000e+00  1.19700e-01     2.450e-03
 4.08000e-01  0.00000e+00  1.19700e-01     2.450e-03
 5.10000e-01  0.00000e+00  1.19700e-01     0.000e+00
-5.10000e-01  4.20000e-02  1.19700e-01     0.000e+00
-4.08000e-01  4.20000e-02  1.19700e-01     2.449e-03
-3.06000e-01  4.20000e-02  1.19700e-01     2.449e-03
-2.04000e-01  4.20000e-02  1.19700e-01     2.449e-03
-1.02000e-01  4.20000e-02  1.19700e-01     2.449e-03
 0.00000e+00  4.20000e-02  1.19700e-01     2.449e-03
 1.02000e-01  4.20000e-02  1.19700e-01     2.449e-03
 2.04000e-01  4.20000e-02  1.19700e-01     2.449e-03
 3.06000e-01  4.20000e-02  1.19700e-01     2.449e-03
 4.08000e-01  4.20000e-02  1.19700e-01     2.449e-03
 5.10000e-01  4.20000e-02  1.19700e-01     0.000e+00
-5.10000e-01  8.40000e-02  1.19700e-01     0.000e+00
-4.08000e-01  8.40000e-02  1.19700e-01     2.444e-03
-3.06000e-01  8.40000e-02  1.19700e-01     2.444e-03
-2.04000e-01  8.40000e-02  1.19700e-01     2.444e-03
-1.02000e-01  8.40000e-02  1.19700e-01     2.444e-03
 0.00000e+00  8.40000e-02  1.19700e-01     2.444e-03
 1.02000e-01  8.40000e-02  1.19700e-01     2.444e-03
 2.04000e-01  8.40000e-02  1.19700e-01     2.444e-03
 3.06000e-01  8.40000e-02  1.19700e-01     2.444e-03
 4.08000e-01  8.40000e-02  1.19700e-01     2.444e-03
 5.10000e-01  8.40000e-02  1.19700e-01     0.000e+00
-5.10000e-01  1.26000e-01  1.19700e-01     0.000e+00
-4.08000e-01  1.26000e-01  1.19700e-01     2.437e-03
-3.06000e-01  1.26000e-01  1.19700e-01     2.437e-03
-2.04000e-01  1.26000e-01  1.19700e-01     2.437e-03
-1.02000e-01  1.26000e-01  1.19700e-01     2.437e-03
 0.00000e+00  1.26000e-01  1.19700e-01     2.437e-03
 1.02000e-01  1.26000e-01  1.19700e-01     2.437e-03
 2.04000e-01  1.26000e-01  1.19700e-01     2.437e-03
 3.06000e-01  1.26000e-01  1.19700e-01     2.437e-03
 4.08000e-01  1.26000e-01  1.19700e-01     2.437e-03
 5.10000e-01  1.26000e-01  1.19700e-01     0.000e+00
-5.10000e-01  1.68000e-01  1.19700e-01     0.000e+00
-4.08000e-01  1.68000e-01  1.19700e-01     2.426e-03
-3.06000e-01  1.68000e-01  1.19700e-01     2.426e-03
-2.04000e-01  1.68000e-01  1.19700e-01     2.426e-03
-1.02000e-01  1.68000e-01  1.19700e-01     2.426e-03
 0.00000e+00  1.68000e-01  1.19700e-01     2.426e-03
 1.02000e-01  1.68000e-01  1.19700e-01     2.426e-03
 2.04000e-01  1.68000e-01  1.19700e-01     2.426e-03
 3.06000e-01  1.68000e-01  1.19700e-01     2.426e-03
 4.08000e-01  1.68000e-01  1.19700e-01     2.426e-03
 5.10000e-01  1.68000e-01  1.19700e-01     0.000e+00
-5.10000e-01  2.10000e-01  1.19700e-01     0.000e+00
-4.08000e-01  2.10000e-01  1.19700e-01     0.000e+00
-3.06000e-01  2.10000e-01  1.19700e-01     0.000e+00
-2.04000e-01  2.10000e-01  1.19700e-01     0.000e+00
-1.02000e-01  2.10000e-01  1.19700e-01     0.000e+00
 0.00000e+00  2.10000e-01  1.19700e-01     0.000e+00
 1.02000e-01  2.10000e-01  1.19700e-01     0.000e+00
 2.04000e-01  2.10000e-01  1.19700e-01     0.000e+00
 3.06000e-01  2.10000e-01  1.19700e-01     0.000e+00
 4.08000e-01  2.10000e-01  1.19700e-01     0.000e+00
 5.10000e-01  2.10000e-01  1.19700e-01     0.000e+00
-5.10000e-01 -2.10000e-01  1.23327e-01     0.000e+00
-4.08000e-01 -2.10000e-01  1.23327e-01     0.000e+00
-3.06000e-01 -2.10000e-01  1.23327e-01     0.000e+00
-2.04000e-01 -2.10000e-01  1.23327e-01     0.000e+00
-1.02000e-01 -2.10000e-01  1.23327e-01     0.000e+00
 0.00000e+00 -2.10000e-01  1.23327e-01     0.000e+00
 1.02000e-01 -2.10000e-01  1.23327e-01     0.000e+00
 2.04000e-01 -2.10000e-01  1.23327e-01     0.000e+00
 3.06000e-01 -2.10000e-01  1.23327e-01     0.000e+00
 4.08000e-01 -2.10000e-01  1.23327e-01     0.000e+00
 5.10000e-01 -2.10000e-01  1.23327e-01     0.000e+00
-5.10000e-01 -1.68000e-01  1.23327e-01     0.000e+00
-4.08000e-01 -1.68000e-01  1.23327e-01     2.353e-03
-3.06000e-01 -1.68000e-01  1.23327e-01     2.353e-03
-2.04000e-01 -1.68000e-01  1.23327e-01     2.353e-03
-1.02000e-01 -1.68000e-01  1.23327e-01     2.353e-03
 0.00000e+00 -1.68000e-01  1.23327e-01     2.353e-03
 1.02000e-01 -1.68000e-01  1.23327e-01     2.353e-03
 2.04000e-01 -1.68000e-01  1.23327e-01     2.353e-03
 3.06000e-01 -1.68000e-01  1.23327e-01     2.353e-03
 4.08000e-01 -1.68000e-01  1.23327e-01     2.353e-03
 5.10000e-01 -1.68000e-01  1.23327e-01     0.000e+00
-5.10000e-01 -1.26000e-01  1.23327e-01     0.000e+00
-4.08000e-01 -1.26000e-01  1.23327e-01     2.363e-03
-3.06000e-01 -1.26000e-01  1.23327e-01     2.363e-03
-2.04000e-01 -1.26000e-01  1.23327e-01     2.363e-03
-1.02000e-01 -1.26000e-01  1.23327e-01     2.363e-03
 0.00000e+00 -1.26000e-01  1.23327e-01     2.363e-03
 1.02000e-01 -1.26000e-01  1.23327e-01     2.363e-03
 2.04000e-01 -1.26000e-01  1.23327e-01     2.363e-03
 3.06000e-01 -1.26000e-01  1.23327e-01     2.363e-03
 4.08000e-01 -1.26000e-01  1.23327e-01     2.363e-03
 5.10000e-01 -1.26000e-01  1.23327e-01     0.000e+00
-5.10000e-01 -8.40000e-02  1.23327e-01     0.000e+00
-4.08000e-01 -8.40000e-02  1.23327e-01     2.370e-03
-3.06000e-01 -8.40000e-02  1.23327e-01     2.370e-03
-2.04000e-01 -8.40000e-02  1.23327e-01     2.370e-03
-1.02000e-01 -8.40000e-02  1.23327e-01     2.370e-03
 0.00000e+00 -8.40000e-02  1.23327e-01     2.370e-03
 1.02000e-01 -8.40000e-02  1.23327e-01     2.370e-03
 2.04000e-01 -8.40000e-02  1.23327e-01     2.370e-03
 3.06000e-01 -8.40000e-02  1.23327e-01     2.370e-03
 4.08000e-01 -8.40000e-02  1.23327e-01     2.370e-03
 5.10000e-01 -8.40000e-02  1.23327e-01     0.000e+00
-5.10000e-01 -4.20000e-02  1.23327e-01     0.000e+00
-4.08000e-01 -4.20000e-02  1.23327e-01     2.375e-03
-3.06000e-01 -4.20000e-02  1.23327e-01     2.375e-03
-2.04000e-01 -4.20000e-02  1.23327e-01     2.375e-03
-1.02000e-01 -4.20000e-02  1.23327e-01     2.375e-03
 0.00000e+00 -4.20000e-02  1.23327e-01     2.375e-03
 1.02000e-01 -4.20000e-02  1.23327e-01     2.375e-03
 2.04000e-01 -4.20000e-02  1.23327e-01     2.375e-03
 3.06000e-01 -4.20000e-02  1.23327e-01     2.375e-03
 4.08000e-01 -4.20000e-02  1.23327e-01     2.375e-03
 5.10000e-01 -4.20000e-02  1.23327e-01     0.000e+00
-5.10000e-01  0.00000e+00  1.23327e-01     0.000e+00
-4.08000e-01  0.00000e+00  1.23327e-01     2.376e-03
-3.06000e-01  0.00000e+00  1.23327e-01     2.376e-03
-2.04000e-01  0.00000e+00  1.23327e-01     2.376e-03
-1.02000e-01  0.00000e+00  1.23327e-01     2.376e-03
 0.00000e+00  0.00000e+00  1.23327e-01     2.376e-03
 1.02000e-01  0.00000e+00  1.23327e-01     2.376e-03
 2.04000e-01  0.00000e+00  1.23327e-01     2.376e-03
 3.06000e-01  0.00000e+00  1.23327e-01     2.376e-03
 4.08000e-01  0.00000e+00  1.23327e-01     2.376e-03
 5.10000e-01  0.00000e+00  1.23327e-01     0.000e+00
-5.10000e-01  4.20000e-02  1.23327e-01     0.000e+00
-4.08000e-01  4.20000e-02  1.23327e-01     2.375e-03
-3.06000e-01  4.20000e-02  1.23327e-01     2.375e-03
-2.04000e-01  4.20000e-02  1.23327e-01     2.375e-03
-1.02000e-01  4.20000e-02  1.23327e-01     2.375e-03
 0.00000e+00  4.20000e-02  1.23327e-01     2.375e-03
 1.02000e-01  4.20000e-02  1.23327e-01     2.375e-03
 2.04000e-01  4.20000e-02  1.23327e-01     2.375e-03
 3.06000e-01  4.20000e-02  1.23327e-01     2.375e-03
 4.08000e-01  4.20000e-02  1.23327e-01     2.375e-03
 5.10000e-01  4.20000e-02  1.23327e-01     0.000e+00
-5.10000e-01  8.40000e-02  1.23327e-01     0.000e+00
-4.08000e-01  8.40000e-02  1.23327e-01     2.370e-03
-3.06000e-01  8.40000e-02  1.23327e-01     2.370e-03
-2.04000e-01  8.40000e-02  1.23327e-01     2.370e-03
-1.02000e-01  8.40000e-02  1.23327e-01     2.370e-03
 0.00000e+00  8.40000e-02  1.23327e-01     2.370e-03
 1.02000e-01  8.40000e-02  1.23327e-01     2.370e-03
 2.04000e-01  8.40000e-02  1.23327e-01     2.370e-03
 3.06000e-01  8.40000e-02  1.23327e-01     2.370e-03
 4.08000e-01  8.40000e-02  1.23327e-01     2.370e-03
 5.10000e-01  8.40000e-02  1.23327e-01     0.000e+00
-5.10000e-01  1.26000e-01  1.23327e-01     0.000e+00
-4.08000e-01  1.26000e-01  1.23327e-01     2.363e-03
-3.06000e-01  1.26000e-01  1.23327e-01     2.363e-03
-2.04000e-01  1.26000e-01  1.23327e-01     2.363e-03
-1.02000e-01  1.26000e-01  1.23327e-01     2.363e-03
 0.00000e+00  1.26000e-01  1.23327e-01     2.363e-03
 1.02000e-01  1.26000e-01  1.23327e-01     2.363e-03
 2.04000e-01  1.26000e-01  1.23327e-01     2.363e-03
 3.06000e-01  1.26000e-01  1.23327e-01     2.363e-03
 4.08000e-01  1.26000e-01  1.23327e-01     2.363e-03
 5.10000e-01  1.26000e-01  1.23327e-01     0.000e+00
-5.10000e-01  1.68000e-01  1.23327e-01     0.000e+00
-4.08000e-01  1.68000e-01  1.23327e-01     2.353e-03
-3.06000e-01  1.68000e-01  1.23327e-01     2.353e-03
-2.04000e-01  1.68000e-01  1.23327e-01     2.353e-03
-1.02000e-01  1.68000e-01  1.23327e-01     2.353e-03
 0.00000e+00  1.68000e-01  1.23327e-01     2.353e-03
 1.02000e-01  1.68000e-01  1.23327e-01     2.353e-03
 2.04000e-01  1.68000e-01  1.23327e-01     2.353e-03
 3.06000e-01  1.68000e-01  1.23327e-01     2.353e-03
 4.08000e-01  1.68000e-01  1.23327e-01     2.353e-03
 5.10000e-01  1.68000e-01  1.23327e-01     0.000e+00
-5.10000e-01  2.10000e-01  1.23327e-01     0.000e+00
-4.08000e-01  2.10000e-01  1.23327e-01     0.000e+00
-3.06000e-01  2.10000e-01  1.23327e-01     0.000e+00
-2.04000e-01  2.10000e-01  1.23327e-01     0.000e+00
-1.02000e-01  2.10000e-01  1.23327e-01     0.000e+00
 0.00000e+00  2.10000e-01  1.23327e-01     0.000e+00
 1.02000e-01  2.10000e-01  1.23327e-01     0.000e+00
 2.04000e-01  2.10000e-01  1.23327e-01     0.000e+00
 3.06000e-01  2.10000e-01  1.23327e-01     0.000e+00
 4.08000e-01  2.10000e-01  1.23327e-01     0.000e+00
 5.10000e-01  2.10000e-01  1.23327e-01     0.000e+00
-5.10000e-01 -2.10000e-01  1.26955e-01     0.000e+00
-4.08000e-01 -2.10000e-01  1.26955e-01     0.000e+00
-3.06000e-01 -2.10000e-01  1.26955e-01     0.000e+00
-2.04000e-01 -2.10000e-01  1.26955e-01     0.000e+00
-1.02000e-01 -2.10000e-01  1.26955e-01     0.000e+00
 0.00000e+00 -2.10000e-01  1.26955e-01     0.000e+00
 1.02000e-01 -2.10000e-01  1.26955e-01     0.000e+00
 2.04000e-01 -2.10000e-01  1.26955e-01     0.000e+00
 3.06000e-01 -2.10000e-01  1.26955e-01     0.000e+00
 4.08000e-01 -2.10000e-01  1.26955e-01     0.000e+00
 5.10000e-01 -2.10000e-01  1.26955e-01     0.000e+00
-5.10000e-01 -1.68000e-01  1.26955e-01     0.000e+00
-4.08000e-01 -1.68000e-01  1.26955e-01     2.283e-03
-3.06000e-01 -1.68000e-01  1.26955e-01     2.283e-03
-2.04000e-01 -1.68000e-01  1.26955e-01     2.283e-03
-1.02000e-01 -1.68000e-01  1.26955e-01     2.283e-03
 0.00000e+00 -1.68000e-01  1.26955e-01     2.283e-03
 1.02000e-01 -1.68000e-01  1.26955e-01     2.283e-03
 2.04000e-01 -1.68000e-01  1.26955e-01     2.283e-03
 3.06000e-01 -1.68000e-01  1.26955e-01     2.283e-03
 4.08000e-01 -1.68000e-01  1.26955e-01     2.283e-03
 5.10000e-01 -1.68000e-01  1.26955e-01     0.000e+00
-5.10000e-01 -1.26000e-01  1.26955e-01     0.000e+00
-4.08000e-01 -1.26000e-01  1.26955e-01     2.293e-03
-3.06000e-01 -1.26000e-01  1.26955e-01     2.293e-03
-2.04000e-01 -1.26000e-01  1.26955e-01     2.293e-03
-1.02000e-01 -1.26000e-01  1.26955e-01     2.293e-03
 0.00000e+00 -1.26000e-01  1.26955e-01     2.293e-03
 1.02000e-01 -1.26000e-01  1.26955e-01     2.293e-03
 2.04000e-01 -1.26000e-01  1.26955e-01     2.293e-03
 3.06000e-01 -1.26000e-01  1.26955e-01     2.293e-03
 4.08000e-01 -1.26000e-01  1.26955e-01     2.293e-03
 5.10000e-01 -1.26000e-01  1.26955e-01     0.000e+00
-5.10000e-01 -8.40000e-02  1.26955e-01     0.000e+00
-4.08000e-01 -8.40000e-02  1.26955e-01     2.300e-03
-3.06000e-01 -8.40000e-02  1.26955e-01     2.300e-03
-2.04000e-01 -8.40000e-02  1.26955e-01     2.300e-03
-1.02000e-01 -8.40000e-02  1.26955e-01     2.300e-03
 0.00000e+00 -8.40000e-02  1.26955e-01     2.300e-03
 1.02000e-01 -8.40000e-02  1.26955e-01     2.300e-03
 2.04000e-01 -8.40000e-02  1.26955e-01     2.300e-03
 3.06000e-01 -8.40000e-02  1.26955e-01     2.300e-03
 4.08000e-01 -8.40000e-02  1.26955e-01     2.300e-03
 5.10000e-01 -8.40000e-02  1.26955e-01     0.000e+00
-5.10000e-01 -4.20000e-02  1.26955e-01     0.000e+00
-4.08000e-01 -4.20000e-02  1.26955e-01     2.305e-03
-3.06000e-01 -4.20000e-02  1.26955e-01     2.305e-03
-2.04000e-01 -4.20000e-02  1.26955e-01     2.305e-03
-1.02000e-01 -4.20000e-02  1.26955e-01     2.305e-03
 0.00000e+00 -4.20000e-02  1.26955e-01     2.305e-03
 1.02000e-01 -4.20000e-02  1.26955e-01     2.305e-03
 2.04000e-01 -4.20000e-02  1.26955e-01     2.305e-03
 3.06000e-01 -4.20000e-02  1.26955e-01     2.305e-03
 4.08000e-01 -4.20000e-02  1.26955e-01     2.305e-03
 5.10000e-01 -4.20000e-02  1.26955e-01     0.000e+00
-5.10000e-01  0.00000e+00  1.26955e-01     0.000e+00
-4.08000e-01  0.00000e+00  1.26955e-01     2.306e-03
-3.06000e-01  0.00000e+00  1.26955e-01     2.306e-03
-2.04000e-01  0.00000e+00  1.26955e-01     2.306e-03
-1.02000e-01  0.00000e+00  1.26955e-01     2.306e-03
 0.00000e+00  0.00000e+00  1.26955e-01     2.306e-03
 1.02000e-01  0.00000e+00  1.26955e-01     2.306e-03
 2.04000e-01  0.00000e+00  1.26955e-01     2.306e-03
 3.06000e-01  0.00000e+00  1.26955e-01     2.306e-03
 4.08000e-01  0.00000e+00  1.26955e-01     2.306e-03
 5.10000e-01  0.00000e+00  1.26955e-01     0.000e+00
-5.10000e-01  4.20000e-02  1.26955e-01     0.000e+00
-4.08000e-01  4.20000e-02  1.26955e-01     2.305e-03
-3.06000e-01  4.20000e-02  1.26955e-01     2.305e-03
-2.04000e-01  4.20000e-02  1.26955e-01     2.305e-03
-1.02000e-01  4.20000e-02  1.26955e-01     2.305e-03
 0.00000e+00  4.20000e-02  1.26955e-01     2.305e-03
 1.02000e-01  4.20000e-02  1.26955e-01     2.305e-03
 2.04000e-01  4.20000e-02  1.26955e-01     2.305e-03
 3.06000e-01  4.20000e-02  1.26955e-01     2.305e-03
 4.08000e-01  4.20000e-02  1.26955e-01     2.305e-03
 5.10000e-01  4.20000e-02  1.26955e-01     0.000e+00
-5.10000e-01  8.40000e-02  1.26955e-01     0.000e+00
-4.08000e-01  8.40000e-02  1.26955e-01     2.300e-03
-3.06000e-01  8.40000e-02  1.26955e-01     2.300e-03
-2.04000e-01  8.40000e-02  1.26955e-01     2.300e-03
-1.02000e-01  8.40000e-02  1.26955e-01     2.300e-03
 0.00000e+00  8.40000e-02  1.26955e-01     2.300e-03
 1.02000e-01  8.40000e-02  1.26955e-01     2.300e-03
 2.04000e-01  8.40000e-02  1.26955e-01     2.300e-03
 3.06000e-01  8.40000e-02  1.26955e-01     2.300e-03
 4.08000e-01  8.40000e-02  1.26955e-01     2.300e-03
 5.10000e-01  8.40000e-02  1.26955e-01     0.000e+00
-5.10000e-01  1.26000e-01  1.26955e-01     0.000e+00
-4.08000e-01  1.26000e-01  1.26955e-01     2.293e-03
-3.06000e-01  1.26000e-01  1.26955e-01     2.293e-03
-2.04000e-01  1.26000e-01  1.26955e-01     2.293e-03
-1.02000e-01  1.26000e-01  1.26955e-01     2.293e-03
 0.00000e+00  1.26000e-01  1.26955e-01     2.293e-03
 1.02000e-01  1.26000e-01  1.26955e-01     2.293e-03
 2.04000e-01  1.26000e-01  1.26955e-01     2.293e-03
 3.06000e-01  1.26000e-01  1.26955e-01     2.293e-03
 4.08000e-01  1.26000e-01  1.26955e-01     2.293e-03
 5.10000e-01  1.26000e-01  1.26955e-01     0.000e+00
-5.10000e-01  1.68000e-01  1.26955e-01     0.000e+00
-4.08000e-01  1.68000e-01  1.26955e-01     2.283e-03
-3.06000e-01  1.68000e-01  1.26955e-01     2.283e-03
-2.04000e-01  1.68000e-01  1.26955e-01     2.283e-03
-1.02000e-01  1.68000e-01  1.26955e-01     2.283e-03
 0.00000e+00  1.68000e-01  1.26955e-01     2.283e-03
 1.02000e-01  1.68000e-01  1.26955e-01     2.283e-03
 2.04000e-01  1.68000e-01  1.26955e-01     2.283e-03
 3.06000e-01  1.68000e-01  1.26955e-01     2.283e-03
 4.08000e-01  1.68000e-01  1.26955e-01     2.283e-03
 5.10000e-01  1.68000e-01  1.26955e-01     0.000e+00
-5.10000e-01  2.10000e-01  1.26955e-01     0.000e+00
-4.08000e-01  2.10000e-01  1.26955e-01     0.000e+00
-3.06000e-01  2.10000e-01  1.26955e-01     0.000e+00
-2.04000e-01  2.10000e-01  1.26955e-01     0.000e+00
-1.02000e-01  2.10000e-01  1.26955e-01     0.000e+00
 0.00000e+00  2.10000e-01  1.26955e-01     0.000e+00
 1.02000e-01  2.10000e-01  1.26955e-01     0.000e+00
 2.04000e-01  2.10000e-01  1.26955e-01     0.000e+00
 3.06000e-01  2.10000e-01  1.26955e-01     0.000e+00
 4.08000e-01  2.10000e-01  1.26955e-01     0.000e+00
 5.10000e-01  2.10000e-01  1.26955e-01     0.000e+00
-5.10000e-01 -2.10000e-01  1.30582e-01     0.000e+00
-4.08000e-01 -2.10000e-01  1.30582e-01     0.000e+00
-3.06000e-01 -2.10000e-01  1.30582e-01     0.000e+00
-2.04000e-01 -2.10000e-01  1.30582e-01     0.000e+00
-1.02000e-01 -2.10000e-01  1.30582e-01     0.000e+00
 0.00000e+00 -2.10000e-01  1.30582e-01     0.000e+00
 1.02000e-01 -2.10000e-01  1.30582e-01     0.000e+00
 2.04000e-01 -2.10000e-01  1.30582e-01     0.000e+00
 3.06000e-01 -2.10000e-01  1.30582e-01     0.000e+00
 4.08000e-01 -2.10000e-01  1.30582e-01     0.000e+00
 5.10000e-01 -2.10000e-01  1.30582e-01     0.000e+00
-5.10000e-01 -1.68000e-01  1.30582e-01     0.000e+00
-4.08000e-01 -1.68000e-01  1.30582e-01     2.217e-03
-3.06000e-01 -1.68000e-01  1.30582e-01     2.217e-03
-2.04000e-01 -1.68000e-01  1.30582e-01     2.217e-03
-1.02000e-01 -1.68000e-01  1.30582e-01     2.217e-03
 0.00000e+00 -1.68000e-01  1.30582e-01     2.217e-03
 1.02000e-01 -1.68000e-01  1.30582e-01     2.217e-03
 2.04000e-01 -1.68000e-01  1.30582e-01     2.217e-03
 3.06000e-01 -1.68000e-01  1.30582e-01     2.217e-03
 4.08000e-01 -1.68000e-01  1.30582e-01     2.217e-03
 5.10000e-01 -1.68000e-01  1.30582e-01     0.000e+00
-5.10000e-01 -1.26000e-01  1.30582e-01     0.000e+00
-4.08000e-01 -1.26000e-01  1.30582e-01     2.227e-03
-3.06000e-01 -1.26000e-01  1.30582e-01     2.227e-03
-2.04000e-01 -1.26000e-01  1.30582e-01     2.227e-03
-1.02000e-01 -1.26000e-01  1.30582e-01     2.227e-03
 0.00000e+00 -1.26000e-01  1.30582e-01     2.227e-03
 1.02000e-01 -1.26000e-01  1.30582e-01     2.227e-03
 2.04000e-01 -1.26000e-01  1.30582e-01     2.227e-03
 3.06000e-01 -1.26000e-01  1.30582e-01     2.227e-03
 4.08000e-01 -1.26000e-01  1.30582e-01     2.227e-03
 5.10000e-01 -1.26000e-01  1.30582e-01     0.000e+00
-5.10000e-01 -8.40000e-02  1.30582e-01     0.000e+00
-4.08000e-01 -8.40000e-02  1.30582e-01     2.234e-03
-3.06000e-01 -8.40000e-02  1.30582e-01     2.234e-03
-2.04000e-01 -8.40000e-02  1.30582e-01     2.234e-03
-1.02000e-01 -8.40000e-02  1.30582e-01     2.234e-03
 0.00000e+00 -8.40000e-02  1.30582e-01     2.234e-03
 1.02000e-01 -8.40000e-02  1.30582e-01     2.234e-03
 2.04000e-01 -8.40000e-02  1.30582e-01     2.234e-03
 3.06000e-01 -8.40000e-02  1.30582e-01     2.234e-03
 4.08000e-01 -8.40000e-02  1.30582e-01     2.234e-03
 5.10000e-01 -8.40000e-02  1.30582e-01     0.000e+00
-5.10000e-01 -4.20000e-02  1.30582e-01     0.000e+00
-4.08000e-01 -4.20000e-02  1.30582e-01     2.238e-03
-3.06000e-01 -4.20000e-02  1.30582e-01     2.238e-03
-2.04000e-01 -4.20000e-02  1.30582e-01     2.238e-03
-1.02000e-01 -4.20000e-02  1.30582e-01     2.238e-03
 0.00000e+00 -4.20000e-02  1.30582e-01     2.238e-03
 1.02000e-01 -4.20000e-02  1.30582e-01     2.238e-03
 2.04000e-01 -4.20000e-02  1.30582e-01     2.238e-03
 3.06000e-01 -4.20000e-02  1.30582e-01     2.238e-03
 4.08000e-01 -4.20000e-02  1.30582e-01     2.238e-03
 5.10000e-01 -4.20000e-02  1.30582e-01     0.000e+00
-5.10000e-01  0.00000e+00  1.30582e-01     0.000e+00
-4.08000e-01  0.00000e+00  1.30582e-01     2.240e-03
-3.06000e-01  0.00000e+00  1.30582e-01     2.240e-03
-2.04000e-01  0.00000e+00  1.30582e-01     2.240e-03
-1.02000e-01  0.00000e+00  1.30582e-01     2.240e-03
 0.00000e+00  0.00000e+00  1.30582e-01     2.240e-03
 1.02000e-01  0.00000e+00  1.30582e-01     2.240e-03
 2.04000e-01  0.00000e+00  1.30582e-01     2.240e-03
 3.06000e-01  0.00000e+00  1.30582e-01     2.240e-03
 4.08000e-01  0.00000e+00  1.30582e-01     2.240e-03
 5.10000e-01  0.00000e+00  1.30582e-01     0.000e+00
-5.10000e-01  4.20000e-02  1.30582e-01     0.000e+00
-4.08000e-01  4.20000e-02  1.30582e-01     2.238e-03
-3.06000e-01  4.20000e-02  1.30582e-01     2.238e-03
-2.04000e-01  4.20000e-02  1.30582e-01     2.238e-03
-1.02000e-01  4.20000e-02  1.30582e-01     2.238e-03
 0.00000e+00  4.20000e-02  1.30582e-01     2.238e-03
 1.02000e-01  4.20000e-02  1.30582e-01     2.238e-03
 2.04000e-01  4.20000e-02  1.30582e-01     2.238e-03
 3.06000e-01  4.20000e-02  1.30582e-01     2.238e-03
 4.08000e-01  4.20000e-02  1.30582e-01     2.238e-03
 5.10000e-01  4.20000e-02  1.30582e-01     0.000e+00
-5.10000e-01  8.40000e-02  1.30582e-01     0.000e+00
-4.08000e-01  8.40000e-02  1.30582e-01     2.234e-03
-3.06000e-01  8.40000e-02  1.30582e-01     2.234e-03
-2.04000e-01  8.40000e-02  1.30582e-01     2.234e-03
-1.02000e-01  8.40000e-02  1.30582e-01     2.234e-03
 0.00000e+00  8.40000e-02  1.30582e-01     2.234e-03
 1.02000e-01  8.40000e-02  1.30582e-01     2.234e-03
 2.04000e-01  8.40000e-02  1.30582e-01     2.234e-03
 3.06000e-01  8.40000e-02  1.30582e-01     2.234e-03
 4.08000e-01  8.40000e-02  1.30582e-01     2.234e-03
 5.10000e-01  8.40000e-02  1.30582e-01     0.000e+00
-5.10000e-01  1.26000e-01  1.30582e-01     0.000e+00
-4.08000e-01  1.26000e-01  1.30582e-01     2.227e-03
-3.06000e-01  1.26000e-01  1.30582e-01     2.227e-03
-2.04000e-01  1.26000e-01  1.30582e-01     2.227e-03
-1.02000e-01  1.26000e-01  1.30582e-01     2.227e-03
 0.00000e+00  1.26000e-01  1.30582e-01     2.227e-03
 1.02000e-01  1.26000e-01  1.30582e-01     2.227e-03
 2.04000e-01  1.26000e-01  1.30582e-01     2.227e-03
 3.06000e-01  1.26000e-01  1.30582e-01     2.227e-03
 4.08000e-01  1.26000e-01  1.30582e-01     2.227e-03
 5.10000e-01  1.26000e-01  1.30582e-01     0.000e+00
-5.10000e-01  1.68000e-01  1.30582e-01     0.000e+00
-4.08000e-01  1.68000e-01  1.30582e-01     2.217e-03
-3.06000e-01  1.68000e-01  1.30582e-01     2.217e-03
-2.04000e-01  1.68000e-01  1.30582e-01     2.217e-03
-1.02000e-01  1.68000e-01  1.30582e-01     2.217e-03
 0.00000e+00  1.68000e-01  1.30582e-01     2.217e-03
 1.02000e-01  1.68000e-01  1.30582e-01     2.217e-03
 2.04000e-01  1.68000e-01  1.30582e-01     2.217e-03
 3.06000e-01  1.68000e-01  1.30582e-01     2.217e-03
 4.08000e-01  1.68000e-01  1.30582e-01     2.217e-03
 5.10000e-01  1.68000e-01  1.30582e-01     0.000e+00
-5.10000e-01  2.10000e-01  1.30582e-01     0.000e+00
-4.08000e-01  2.10000e-01  1.30582e-01     0.000e+00
-3.06000e-01  2.10000e-01  1.30582e-01     0.000e+00
-2.04000e-01  2.10000e-01  1.30582e-01     0.000e+00
-1.02000e-01  2.10000e-01  1.30582e-01     0.000e+00
 0.00000e+00  2.10000e-01  1.30582e-01     0.000e+00
 1.02000e-01  2.10000e-01  1.30582e-01     0.000e+00
 2.04000e-01  2.10000e-01  1.30582e-01     0.000e+00
 3.06000e-01  2.10000e-01  1.30582e-01     0.000e+00
 4.08000e-01  2.10000e-01  1.30582e-01     0.000e+00
 5.10000e-01  2.10000e-01  1.30582e-01     0.000e+00
-5.10000e-01 -2.10000e-01  1.34209e-01     0.000e+00
-4.08000e-01 -2.10000e-01  1.34209e-01     0.000e+00
-3.06000e-01 -2.10000e-01  1.34209e-01     0.000e+00
-2.04000e-01 -2.10000e-01  1.34209e-01     0.000e+00
-1.02000e-01 -2.10000e-01  1.34209e-01     0.000e+00
 0.00000e+00 -2.10000e-01  1.34209e-01     0.000e+00
 1.02000e-01 -2.10000e-01  1.34209e-01     0.000e+00
 2.04000e-01 -2.10000e-01  1.34209e-01     0.000e+00
 3.06000e-01 -2.10000e-01  1.34209e-01     0.000e+00
 4.08000e-01 -2.10000e-01  1.34209e-01     0.000e+00
 5.10000e-01 -2.10000e-01  1.34209e-01     0.000e+00
-5.10000e-01 -1.68000e-01  1.34209e-01     0.000e+00
-4.08000e-01 -1.68000e-01  1.34209e-01     2.154e-03
-3.06000e-01 -1.68000e-01  1.34209e-01     2.154e-03
-2.04000e-01 -1.68000e-01  1.34209e-01     2.154e-03
-1.02000e-01 -1.68000e-01  1.34209e-01     2.154e-03
 0.00000e+00 -1.68000e-01  1.34209e-01     2.154e-03
 1.02000e-01 -1.68000e-01  1.34209e-01     2.154e-03
 2.04000e-01 -1.68000e-01  1.34209e-01     2.154e-03
 3.06000e-01 -1.68000e-01  1.34209e-01     2.154e-03
 4.08000e-01 -1.68000e-01  1.34209e-01     2.154e-03
 5.10000e-01 -1.68000e-01  1.34209e-01     0.000e+00
-5.10000e-01 -1.26000e-01  1.34209e-01     0.000e+00
-4.08000e-01 -1.26000e-01  1.34209e-01     2.164e-03
-3.06000e-01 -1.26000e-01  1.34209e-01     2.164e-03
-2.04000e-01 -1.26000e-01  1.34209e-01     2.164e-03
-1.02000e-01 -1.26000e-01  1.34209e-01     2.164e-03
 0.00000e+00 -1.26000e-01  1.34209e-01     2.164e-03
 1.02000e-01 -1.26000e-01  1.34209e-01     2.164e-03
 2.04000e-01 -1.26000e-01  1.34209e-01     2.164e-03
 3.06000e-01 -1.26000e-01  1.34209e-01     2.164e-03
 4.08000e-01 -1.26000e-01  1.34209e-01     2.164e-03
 5.10000e-01 -1.26000e-01  1.34209e-01     0.000e+00
-5.10000e-01 -8.40000e-02  1.34209e-01     0.000e+00
-4.08000e-01 -8.40000e-02  1.34209e-01     2.171e-03
-3.06000e-01 -8.40000e-02  1.34209e-01     2.171e-03
-2.04000e-01 -8.40000e-02  1.34209e-01     2.171e-03
-1.02000e-01 -8.40000e-02  1.34209e-01     2.171e-03
 0.00000e+00 -8.40000e-02  1.34209e-01     2.171e-03
 1.02000e-01 -8.40000e-02  1.34209e-01     2.171e-03
 2.04000e-01 -8.40000e-02  1.34209e-01     2.171e-03
 3.06000e-01 -8.40000e-02  1.34209e-01     2.171e-03
 4.08000e-01 -8.40000e-02  1.34209e-01     2.171e-03
 5.10000e-01 -8.40000e-02  1.34209e-01     0.000e+00
-5.10000e-01 -4.20000e-02  1.34209e-01     0.000e+00
-4.08000e-01 -4.20000e-02  1.34209e-01     2.175e-03
-3.06000e-01 -4.20000e-02  1.34209e-01     2.175e-03
-2.04000e-01 -4.20000e-02  1.34209e-01     2.175e-03
-1.02000e-01 -4.20000e-02  1.34209e-01     2.175e-03
 0.00000e+00 -4.20000e-02  1.34209e-01     2.175e-03
 1.02000e-01 -4.20000e-02  1.34209e-01     2.175e-03
 2.04000e-01 -4.20000e-02  1.34209e-01     2.175e-03
 3.06000e-01 -4.20000e-02  1.34209e-01     2.175e-03
 4.08000e-01 -4.20000e-02  1.34209e-01     2.175e-03
 5.10000e-01 -4.20000e-02  1.34209e-01     0.000e+00
-5.10000e-01  0.00000e+00  1.34209e-01     0.000e+00
-4.08000e-01  0.00000e+00  1.34209e-01     2.176e-03
-3.06000e-01  0.00000e+00  1.34209e-01     2.176e-03
-2.04000e-01  0.00000e+00  1.34209e-01     2.176e-03
-1.02000e-01  0.00000e+00  1.34209e-01     2.176e-03
 0.00000e+00  0.00000e+00  1.34209e-01     2.176e-03
 1.02000e-01  0.00000e+00  1.34209e-01     2.176e-03
 2.04000e-01  0.00000e+00  1.34209e-01     2.176e-03
 3.06000e-01  0.00000e+00  1.34209e-01     2.176e-03
 4.08000e-01  0.00000e+00  1.34209e-01     2.176e-03
 5.10000e-01  0.00000e+00  1.34209e-01     0.000e+00
-5.10000e-01  4.20000e-02  1.34209e-01     0.000e+00
-4.08000e-01  4.20000e-02  1.34209e-01     2.175e-03
-3.06000e-01  4.20000e-02  1.34209e-01     2.175e-03
-2.04000e-01  4.20000e-02  1.34209e-01     2.175e-03
-1.02000e-01  4.20000e-02  1.34209e-01     2.175e-03
 0.00000e+00  4.20000e-02  1.34209e-01     2.175e-03
 1.02000e-01  4.20000e-02  1.34209e-01     2.175e-03
 2.04000e-01  4.20000e-02  1.34209e-01     2.175e-03
 3.06000e-01  4.20000e-02  1.34209e-01     2.175e-03
 4.08000e-01  4.20000e-02  1.34209e-01     2.175e-03
 5.10000e-01  4.20000e-02  1.34209e-01     0.000e+00
-5.10000e-01  8.40000e-02  1.34209e-01     0.000e+00
-4.08000e-01  8.40000e-02  1.34209e-01     2.171e-03
-3.06000e-01  8.40000e-02  1.34209e-01     2.171e-03
-2.04000e-01  8.40000e-02  1.34209e-01     2.171e-03
-1.02000e-01  8.40000e-02  1.34209e-01     2.171e-03
 0.00000e+00  8.40000e-02  1.34209e-01     2.171e-03
 1.02000e-01  8.40000e-02  1.34209e-01     2.171e-03
 2.04000e-01  8.40000e-02  1.34209e-01     2.171e-03
 3.06000e-01  8.40000e-02  1.34209e-01     2.171e-03
 4.08000e-01  8.40000e-02  1.34209e-01     2.171e-03
 5.10000e-01  8.40000e-02  1.34209e-01     0.000e+00
-5.10000e-01  1.26000e-01  1.34209e-01     0.000e+00
-4.08000e-01  1.26000e-01  1.34209e-01     2.164e-03
-3.06000e-01  1.26000e-01  1.34209e-01     2.164e-03
-2.04000e-01  1.26000e-01  1.34209e-01     2.164e-03
-1.02000e-01  1.26000e-01  1.34209e-01     2.164e-03
 0.00000e+00  1.26000e-01  1.34209e-01     2.164e-03
 1.02000e-01  1.26000e-01  1.34209e-01     2.164e-03
 2.04000e-01  1.26000e-01  1.34209e-01     2.164e-03
 3.06000e-01  1.26000e-01  1.34209e-01     2.164e-03
 4.08000e-01  1.26000e-01  1.34209e-01     2.164e-03
 5.10000e-01  1.26000e-01  1.34209e-01     0.000e+00
-5.10000e-01  1.68000e-01  1.34209e-01     0.000e+00
-4.08000e-01  1.68000e-01  1.34209e-01     2.154e-03
-3.06000e-01  1.68000e-01  1.34209e-01     2.154e-03
-2.04000e-01  1.68000e-01  1.34209e-01     2.154e-03
-1.02000e-01  1.68000e-01  1.34209e-01     2.154e-03
 0.00000e+00  1.68000e-01  1.34209e-01     2.154e-03
 1.02000e-01  1.68000e-01  1.34209e-01     2.154e-03
 2.04000e-01  1.68000e-01  1.34209e-01     2.154e-03
 3.06000e-01  1.68000e-01  1.34209e-01     2.154e-03
 4.08000e-01  1.68000e-01  1.34209e-01     2.154e-03
 5.10000e-01  1.68000e-01  1.34209e-01     0.000e+00
-5.10000e-01  2.10000e-01  1.34209e-01     0.000e+00
-4.08000e-01  2.10000e-01  1.34209e-01     0.000e+00
-3.06000e-01  2.10000e-01  1.34209e-01     0.000e+00
-2.04000e-01  2.10000e-01  1.34209e-01     0.000e+00
-1.02000e-01  2.10000e-01  1.34209e-01     0.000e+00
 0.00000e+00  2.10000e-01  1.34209e-01     0.000e+00
 1.02000e-01  2.10000e-01  1.34209e-01     0.000e+00
 2.04000e-01  2.10000e-01  1.34209e-01     0.000e+00
 3.06000e-01  2.10000e-01  1.34209e-01     0.000e+00
 4.08000e-01  2.10000e-01  1.34209e-01     0.000e+00
 5.10000e-01  2.10000e-01  1.34209e-01     0.000e+00
-5.10000e-01 -2.10000e-01  1.37836e-01     0.000e+00
-4.08000e-01 -2.10000e-01  1.37836e-01     0.000e+00
-3.06000e-01 -2.10000e-01  1.37836e-01     0.000e+00
-2.04000e-01 -2.10000e-01  1.37836e-01     0.000e+00
-1.02000e-01 -2.10000e-01  1.37836e-01     0.000e+00
 0.00000e+00 -2.10000e-01  1.37836e-01     0.000e+00
 1.02000e-01 -2.10000e-01  1.37836e-01     0.000e+00
 2.04000e-01 -2.10000e-01  1.37836e-01     0.000e+00
 3.06000e-01 -2.10000e-01  1.37836e-01     0.000e+00
 4.08000e-01 -2.10000e-01  1.37836e-01     0.000e+00
 5.10000e-01 -2.10000e-01  1.37836e-01     0.000e+00
-5.10000e-01 -1.68000e-01  1.37836e-01     0.000e+00
-4.08000e-01 -1.68000e-01  1.37836e-01     2.094e-03
-3.06000e-01 -1.68000e-01  1.37836e-01     2.094e-03
-2.04000e-01 -1.68000e-01  1.37836e-01     2.094e-03
-1.02000e-01 -1.68000e-01  1.37836e-01     2.094e-03
 0.00000e+00 -1.68000e-01  1.37836e-01     2.094e-03
 1.02000e-01 -1.68000e-01  1.37836e-01     2.094e-03
 2.04000e-01 -1.68000e-01  1.37836e-01     2.094e-03
 3.06000e-01 -1.68000e-01  1.37836e-01     2.094e-03
 4.08000e-01 -1.68000e-01  1.37836e-01     2.094e-03
 5.10000e-01 -1.68000e-01  1.37836e-01     0.000e+00
-5.10000e-01 -1.26000e-01  1.37836e-01     0.000e+00
-4.08000e-01 -1.26000e-01  1.37836e-01     2.104e-03
-3.06000e-01 -1.26000e-01  1.37836e-01     2.104e-03
-2.04000e-01 -1.26000e-01  1.37836e-01     2.104e-03
-1.02000e-01 -1.26000e-01  1.37836e-01     2.104e-03
 0.00000e+00 -1.26000e-01  1.37836e-01     2.104e-03
 1.02000e-01 -1.26000e-01  1.37836e-01     2.104e-03
 2.04000e-01 -1.26000e-01  1.37836e-01     2.104e-03
 3.06000e-01 -1.26000e-01  1.37836e-01     2.104e-03
 4.08000e-01 -1.26000e-01  1.37836e-01     2.104e-03
 5.10000e-01 -1.26000e-01  1.37836e-01     0.000e+00
-5.10000e-01 -8.40000e-02  1.37836e-01     0.000e+00
-4.08000e-01 -8.40000e-02  1.37836e-01     2.110e-03
-3.06000e-01 -8.40000e-02  1.37836e-01     2.110e-03
-2.04000e-01 -8.40000e-02  1.37836e-01     2.110e-03
-1.02000e-01 -8.40000e-02  1.37836e-01     2.110e-03
 0.00000e+00 -8.40000e-02  1.37836e-01     2.110e-03
 1.02000e-01 -8.40000e-02  1.37836e-01     2.110e-03
 2.04000e-01 -8.40000e-02  1.37836e-01     2.110e-03
 3.06000e-01 -8.40000e-02  1.37836e-01     2.110e-03
 4.08000e-01 -8.40000e-02  1.37836e-01     2.110e-03
 5.10000e-01 -8.40000e-02  1.37836e-01     0.000e+00
-5.10000e-01 -4.20000e-02  1.37836e-01     0.000e+00
-4.08000e-01 -4.20000e-02  1.37836e-01     2.114e-03
-3.06000e-01 -4.20000e-02  1.37836e-01     2.114e-03
-2.04000e-01 -4.20000e-02  1.37836e-01     2.114e-03
-1.02000e-01 -4.20000e-02  1.37836e-01     2.114e-03
 0.00000e+00 -4.20000e-02  1.37836e-01     2.114e-03
 1.02000e-01 -4.20000e-02  1.37836e-01     2.114e-03
 2.04000e-01 -4.20000e-02  1.37836e-01     2.114e-03
 3.06000e-01 -4.20000e-02  1.37836e-01     2.114e-03
 4.08000e-01 -4.20000e-02  1.37836e-01     2.114e-03
 5.10000e-01 -4.20000e-02  1.37836e-01     0.000e+00
-5.10000e-01  0.00000e+00  1.37836e-01     0.000e+00
-4.08000e-01  0.00000e+00  1.37836e-01     2.116e-03
-3.06000e-01  0.00000e+00  1.37836e-01     2.116e-03
-2.04000e-01  0.00000e+00  1.37836e-01     2.116e-03
-1.02000e-01  0.00000e+00  1.37836e-01     2.116e-03
 0.00000e+00  0.00000e+00  1.37836e-01     2.116e-03
 1.02000e-01  0.00000e+00  1.37836e-01     2.116e-03
 2.04000e-01  0.00000e+00  1.37836e-01     2.116e-03
 3.06000e-01  0.00000e+00  1.37836e-01     2.116e-03
 4.08000e-01  0.00000e+00  1.37836e-01     2.116e-03
 5.10000e-01  0.00000e+00  1.37836e-01     0.000e+00
-5.10000e-01  4.20000e-02  1.37836e-01     0.000e+00
-4.08000e-01  4.20000e-02  1.37836e-01     2.114e-03
-3.06000e-01  4.20000e-02  1.37836e-01     2.114e-03
-2.04000e-01  4.20000e-02  1.37836e-01     2.114e-03
-1.02000e-01  4.20000e-02  1.37836e-01     2.114e-03
 0.00000e+00  4.20000e-02  1.37836e-01     2.114e-03
 1.02000e-01  4.20000e-02  1.37836e-01     2.114e-03
 2.04000e-01  4.20000e-02  1.37836e-01     2.114e-03
 3.06000e-01  4.20000e-02  1.37836e-01     2.114e-03
 4.08000e-01  4.20000e-02  1.37836e-01     2.114e-03
 5.10000e-01  4.20000e-02  1.37836e-01     0.000e+00
-5.10000e-01  8.40000e-02  1.37836e-01     0.000e+00
-4.08000e-01  8.40000e-02  1.37836e-01     2.110e-03
-3.06000e-01  8.40000e-02  1.37836e-01     2.110e-03
-2.04000e-01  8.40000e-02  1.37836e-01     2.110e-03
-1.02000e-01  8.40000e-02  1.37836e-01     2.110e-03
 0.00000e+00  8.40000e-02  1.37836e-01     2.110e-03
 1.02000e-01  8.40000e-02  1.37836e-01     2.110e-03
 2.04000e-01  8.40000e-02  1.37836e-01     2.110e-03
 3.06000e-01  8.40000e-02  1.37836e-01     2.110e-03
 4.08000e-01  8.40000e-02  1.37836e-01     2.110e-03
 5.10000e-01  8.40000e-02  1.37836e-01     0.000e+00
-5.10000e-01  1.26000e-01  1.37836e-01     0.000e+00
-4.08000e-01  1.26000e-01  1.37836e-01     2.104e-03
-3.06000e-01  1.26000e-01  1.37836e-01     2.104e-03
-2.04000e-01  1.26000e-01  1.37836e-01     2.104e-03
-1.02000e-01  1.26000e-01  1.37836e-01     2.104e-03
 0.00000e+00  1.26000e-01  1.37836e-01     2.104e-03
 1.02000e-01  1.26000e-01  1.37836e-01     2.104e-03
 2.04000e-01  1.26000e-01  1.37836e-01     2.104e-03
 3.06000e-01  1.26000e-01  1.37836e-01     2.104e-03
 4.08000e-01  1.26000e-01  1.37836e-01     2.104e-03
 5.10000e-01  1.26000e-01  1.37836e-01     0.000e+00
-5.10000e-01  1.68000e-01  1.37836e-01     0.000e+00
-4.08000e-01  1.68000e-01  1.37836e-01     2.094e-03
-3.06000e-01  1.68000e-01  1.37836e-01     2.094e-03
-2.04000e-01  1.68000e-01  1.37836e-01     2.094e-03
-1.02000e-01  1.68000e-01  1.37836e-01     2.094e-03
 0.00000e+00  1.68000e-01  1.37836e-01     2.094e-03
 1.02000e-01  1.68000e-01  1.37836e-01     2.094e-03
 2.04000e-01  1.68000e-01  1.37836e-01     2.094e-03
 3.06000e-01  1.68000e-01  1.37836e-01     2.094e-03
 4.08000e-01  1.68000e-01  1.37836e-01     2.094e-03
 5.10000e-01  1.68000e-01  1.37836e-01     0.000e+00
-5.10000e-01  2.10000e-01  1.37836e-01     0.000e+00
-4.08000e-01  2.10000e-01  1.37836e-01     0.000e+00
-3.06000e-01  2.10000e-01  1.37836e-01     0.000e+00
-2.04000e-01  2.10000e-01  1.37836e-01     0.000e+00
-1.02000e-01  2.10000e-01  1.37836e-01     0.000e+00
 0.00000e+00  2.10000e-01  1.37836e-01     0.000e+00
 1.02000e-01  2.10000e-01  1.37836e-01     0.000e+00
 2.04000e-01  2.10000e-01  1.37836e-01     0.000e+00
 3.06000e-01  2.10000e-01  1.37836e-01     0.000e+00
 4.08000e-01  2.10000e-01  1.37836e-01     0.000e+00
 5.10000e-01  2.10000e-01  1.37836e-01     0.000e+00
-5.10000e-01 -2.10000e-01  1.41464e-01     0.000e+00
-4.08000e-01 -2.10000e-01  1.41464e-01     0.000e+00
-3.06000e-01 -2.10000e-01  1.41464e-01     0.000e+00
-2.04000e-01 -2.10000e-01  1.41464e-01     0.000e+00
-1.02000e-01 -2.10000e-01  1.41464e-01     0.000e+00
 0.00000e+00 -2.10000e-01  1.41464e-01     0.000e+00
 1.02000e-01 -2.10000e-01  1.41464e-01     0.000e+00
 2.04000e-01 -2.10000e-01  1.41464e-01     0.000e+00
 3.06000e-01 -2.10000e-01  1.41464e-01     0.000e+00
 4.08000e-01 -2.10000e-01  1.41464e-01     0.000e+00
 5.10000e-01 -2.10000e-01  1.41464e-01     0.000e+00
-5.10000e-01 -1.68000e-01  1.41464e-01     0.000e+00
-4.08000e-01 -1.68000e-01  1.41464e-01     2.037e-03
-3.06000e-01 -1.68000e-01  1.41464e-01     2.037e-03
-2.04000e-01 -1.68000e-01  1.41464e-01     2.037e-03
-1.02000e-01 -1.68000e-01  1.41464e-01     2.037e-03
 0.00000e+00 -1.68000e-01  1.41464e-01     2.037e-03
 1.02000e-01 -1.68000e-01  1.41464e-01     2.037e-03
 2.04000e-01 -1.68000e-01  1.41464e-01     2.037e-03
 3.06000e-01 -1.68000e-01  1.41464e-01     2.037e-03
 4.08000e-01 -1.68000e-01  1.41464e-01     2.037e-03
 5.10000e-01 -1.68000e-01  1.41464e-01     0.000e+00
-5.10000e-01 -1.26000e-01  1.41464e-01     0.000e+00
-4.08000e-01 -1.26000e-01  1.41464e-01     2.046e-03
-3.06000e-01 -1.26000e-01  1.41464e-01     2.046e-03
-2.04000e-01 -1.26000e-01  1.41464e-01     2.046e-03
-1.02000e-01 -1.26000e-01  1.41464e-01     2.046e-03
 0.00000e+00 -1.26000e-01  1.41464e-01     2.046e-03
 1.02000e-01 -1.26000e-01  1.41464e-01     2.046e-03
 2.04000e-01 -1.26000e-01  1.41464e-01     2.046e-03
 3.06000e-01 -1.26000e-01  1.41464e-01     2.046e-03
 4.08000e-01 -1.26000e-01  1.41464e-01     2.046e-03
 5.10000e-01 -1.26000e-01  1.41464e-01     0.000e+00
-5.10000e-01 -8.40000e-02  1.41464e-01     0.000e+00
-4.08000e-01 -8.40000e-02  1.41464e-01     2.053e-03
-3.06000e-01 -8.40000e-02  1.41464e-01     2.053e-03
-2.04000e-01 -8.40000e-02  1.41464e-01     2.053e-03
-1.02000e-01 -8.40000e-02  1.41464e-01     2.053e-03
 0.00000e+00 -8.40000e-02  1.41464e-01     2.053e-03
 1.02000e-01 -8.40000e-02  1.41464e-01     2.053e-03
 2.04000e-01 -8.40000e-02  1.41464e-01     2.053e-03
 3.06000e-01 -8.40000e-02  1.41464e-01     2.053e-03
 4.08000e-01 -8.40000e-02  1.41464e-01     2.053e-03
 5.10000e-01 -8.40000e-02  1.41464e-01     0.000e+00
-5.10000e-01 -4.20000e-02  1.41464e-01     0.000e+00
-4.08000e-01 -4.20000e-02  1.41464e-01     2.057e-03
-3.06000e-01 -4.20000e-02  1.41464e-01     2.057e-03
-2.04000e-01 -4.20000e-02  1.41464e-01     2.057e-03
-1.02000e-01 -4.20000e-02  1.41464e-01     2.057e-03
 0.00000e+00 -4.20000e-02  1.41464e-01     2.057e-03
 1.02000e-01 -4.20000e-02  1.41464e-01     2.057e-03
 2.04000e-01 -4.20000e-02  1.41464e-01     2.057e-03
 3.06000e-01 -4.20000e-02  1.41464e-01     2.057e-03
 4.08000e-01 -4.20000e-02  1.41464e-01     2.057e-03
 5.10000e-01 -4.20000e-02  1.41464e-01     0.000e+00
-5.10000e-01  0.00000e+00  1.41464e-01     0.000e+00
-4.08000e-01  0.00000e+00  1.41464e-01     2.058e-03
-3.06000e-01  0.00000e+00  1.41464e-01     2.058e-03
-2.04000e-01  0.00000e+00  1.41464e-01     2.058e-03
-1.02000e-01  0.00000e+00  1.41464e-01     2.058e-03
 0.00000e+00  0.00000e+00  1.41464e-01     2.058e-03
 1.02000e-01  0.00000e+00  1.41464e-01     2.058e-03
 2.04000e-01  0.00000e+00  1.41464e-01     2.058e-03
 3.06000e-01  0.00000e+00  1.41464e-01     2.058e-03
 4.08000e-01  0.00000e+00  1.41464e-01     2.058e-03
 5.10000e-01  0.00000e+00  1.41464e-01     0.000e+00
-5.10000e-01  4.20000e-02  1.41464e-01     0.000e+00
-4.08000e-01  4.20000e-02  1.41464e-01     2.057e-03
-3.06000e-01  4.20000e-02  1.41464e-01     2.057e-03
-2.04000e-01  4.20000e-02  1.41464e-01     2.057e-03
-1.02000e-01  4.20000e-02  1.41464e-01     2.057e-03
 0.00000e+00  4.20000e-02  1.41464e-01     2.057e-03
 1.02000e-01  4.20000e-02  1.41464e-01     2.057e-03
 2.04000e-01  4.20000e-02  1.41464e-01     2.057e-03
 3.06000e-01  4.20000e-02  1.41464e-01     2.057e-03
 4.08000e-01  4.20000e-02  1.41464e-01     2.057e-03
 5.10000e-01  4.20000e-02  1.41464e-01     0.000e+00
-5.10000e-01  8.40000e-02  1.41464e-01     0.000e+00
-4.08000e-01  8.40000e-02  1.41464e-01     2.053e-03
-3.06000e-01  8.40000e-02  1.41464e-01     2.053e-03
-2.04000e-01  8.40000e-02  1.41464e-01     2.053e-03
-1.02000e-01  8.40000e-02  1.41464e-01     2.053e-03
 0.00000e+00  8.40000e-02  1.41464e-01     2.053e-03
 1.02000e-01  8.40000e-02  1.41464e-01     2.053e-03
 2.04000e-01  8.40000e-02  1.41464e-01     2.053e-03
 3.06000e-01  8.40000e-02  1.41464e-01     2.053e-03
 4.08000e-01  8.40000e-02  1.41464e-01     2.053e-03
 5.10000e-01  8.40000e-02  1.41464e-01     0.000e+00
-5.10000e-01  1.26000e-01  1.41464e-01     0.000e+00
-4.08000e-01  1.26000e-01  1.41464e-01     2.046e-03
-3.06000e-01  1.26000e-01  1.41464e-01     2.046e-03
-2.04000e-01  1.26000e-01  1.41464e-01     2.046e-03
-1.02000e-01  1.26000e-01  1.41464e-01     2.046e-03
 0.00000e+00  1.26000e-01  1.41464e-01     2.046e-03
 1.02000e-01  1.26000e-01  1.41464e-01     2.046e-03
 2.04000e-01  1.26000e-01  1.41464e-01     2.046e-03
 3.06000e-01  1.26000e-01  1.41464e-01     2.046e-03
 4.08000e-01  1.26000e-01  1.41464e-01     2.046e-03
 5.10000e-01  1.26000e-01  1.41464e-01     0.000e+00
-5.10000e-01  1.68000e-01  1.41464e-01     0.000e+00
-4.08000e-01  1.68000e-01  1.41464e-01     2.037e-03
-3.06000e-01  1.68000e-01  1.41464e-01     2.037e-03
-2.04000e-01  1.68000e-01  1.41464e-01     2.037e-03
-1.02000e-01  1.68000e-01  1.41464e-01     2.037e-03
 0.00000e+00  1.68000e-01  1.41464e-01     2.037e-03
 1.02000e-01  1.68000e-01  1.41464e-01     2.037e-03
 2.04000e-01  1.68000e-01  1.41464e-01     2.037e-03
 3.06000e-01  1.68000e-01  1.41464e-01     2.037e-03
 4.08000e-01  1.68000e-01  1.41464e-01     2.037e-03
 5.10000e-01  1.68000e-01  1.41464e-01     0.000e+00
-5.10000e-01  2.10000e-01  1.41464e-01     0.000e+00
-4.08000e-01  2.10000e-01  1.41464e-01     0.000e+00
-3.06000e-01  2.10000e-01  1.41464e-01     0.000e+00
-2.04000e-01  2.10000e-01  1.41464e-01     0.000e+00
-1.02000e-01  2.10000e-01  1.41464e-01     0.000e+00
 0.00000e+00  2.10000e-01  1.41464e-01     0.000e+00
 1.02000e-01  2.10000e-01  1.41464e-01     0.000e+00
 2.04000e-01  2.10000e-01  1.41464e-01     0.000e+00
 3.06000e-01  2.10000e-01  1.41464e-01     0.000e+00
 4.08000e-01  2.10000e-01  1.41464e-01     0.000e+00
 5.10000e-01  2.10000e-01  1.41464e-01     0.000e+00
-5.10000e-01 -2.10000e-01  1.45091e-01     0.000e+00
-4.08000e-01 -2.10000e-01  1.45091e-01     0.000e+00
-3.06000e-01 -2.10000e-01  1.45091e-01     0.000e+00
-2.04000e-01 -2.10000e-01  1.45091e-01     0.000e+00
-1.02000e-01 -2.10000e-01  1.45091e-01     0.000e+00
 0.00000e+00 -2.10000e-01  1.45091e-01     0.000e+00
 1.02000e-01 -2.10000e-01  1.45091e-01     0.000e+00
 2.04000e-01 -2.10000e-01  1.45091e-01     0.000e+00
 3.06000e-01 -2.10000e-01  1.45091e-01     0.000e+00
 4.08000e-01 -2.10000e-01  1.45091e-01     0.000e+00
 5.10000e-01 -2.10000e-01  1.45091e-01     0.000e+00
-5.10000e-01 -1.68000e-01  1.45091e-01     0.000e+00
-4.08000e-01 -1.68000e-01  1.45091e-01     1.983e-03
-3.06000e-01 -1.68000e-01  1.45091e-01     1.983e-03
-2.04000e-01 -1.68000e-01  1.45091e-01     1.983e-03
-1.02000e-01 -1.68000e-01  1.45091e-01     1.983e-03
 0.00000e+00 -1.68000e-01  1.45091e-01     1.983e-03
 1.02000e-01 -1.68000e-01  1.45091e-01     1.983e-03
 2.04000e-01 -1.68000e-01  1.45091e-01     1.983e-03
 3.06000e-01 -1.68000e-01  1.45091e-01     1.983e-03
 4.08000e-01 -1.68000e-01  1.45091e-01     1.983e-03
 5.10000e-01 -1.68000e-01  1.45091e-01     0.000e+00
-5.10000e-01 -1.26000e-01  1.45091e-01     0.000e+00
-4.08000e-01 -1.26000e-01  1.45091e-01     1.992e-03
-3.06000e-01 -1.26000e-01  1.45091e-01     1.992e-03
-2.04000e-01 -1.26000e-01  1.45091e-01     1.992e-03
-1.02000e-01 -1.26000e-01  1.45091e-01     1.992e-03
 0.00000e+00 -1.26000e-01  1.45091e-01     1.992e-03
 1.02000e-01 -1.26000e-01  1.45091e-01     1.992e-03
 2.04000e-01 -1.26000e-01  1.45091e-01     1.992e-03
 3.06000e-01 -1.26000e-01  1.45091e-01     1.992e-03
 4.08000e-01 -1.26000e-01  1.45091e-01     1.992e-03
 5.10000e-01 -1.26000e-01  1.45091e-01     0.000e+00
-5.10000e-01 -8.40000e-02  1.45091e-01     0.000e+00
-4.08000e-01 -8.40000e-02  1.45091e-01     1.998e-03
-3.06000e-01 -8.40000e-02  1.45091e-01     1.998e-03
-2.04000e-01 -8.40000e-02  1.45091e-01     1.998e-03
-1.02000e-01 -8.40000e-02  1.45091e-01     1.998e-03
 0.00000e+00 -8.40000e-02  1.45091e-01     1.998e-03
 1.02000e-01 -8.40000e-02  1.45091e-01     1.998e-03
 2.04000e-01 -8.40000e-02  1.45091e-01     1.998e-03
 3.06000e-01 -8.40000e-02  1.45091e-01     1.998e-03
 4.08000e-01 -8.40000e-02  1.45091e-01     1.998e-03
 5.10000e-01 -8.40000e-02  1.45091e-01     0.000e+00
-5.10000e-01 -4.20000e-02  1.45091e-01     0.000e+00
-4.08000e-01 -4.20000e-02  1.45091e-01     2.002e-03
-3.06000e-01 -4.20000e-02  1.45091e-01     2.002e-03
-2.04000e-01 -4.20000e-02  1.45091e-01     2.002e-03
-1.02000e-01 -4.20000e-02  1.45091e-01     2.002e-03
 0.00000e+00 -4.20000e-02  1.45091e-01     2.002e-03
 1.02000e-01 -4.20000e-02  1.45091e-01     2.002e-03
 2.04000e-01 -4.20000e-02  1.45091e-01     2.002e-03
 3.06000e-01 -4.20000e-02  1.45091e-01     2.002e-03
 4.08000e-01 -4.20000e-02  1.45091e-01     2.002e-03
 5.10000e-01 -4.20000e-02  1.45091e-01     0.000e+00
-5.10000e-01  0.00000e+00  1.45091e-01     0.000e+00
-4.08000e-01  0.00000e+00  1.45091e-01     2.004e-03
-3.06000e-01  0.00000e+00  1.45091e-01     2.004e-03
-2.04000e-01  0.00000e+00  1.45091e-01     2.004e-03
-1.02000e-01  0.00000e+00  1.45091e-01     2.004e-03
 0.00000e+00  0.00000e+00  1.45091e-01     2.004e-03
 1.02000e-01  0.00000e+00  1.45091e-01     2.004e-03
 2.04000e-01  0.00000e+00  1.45091e-01     2.004e-03
 3.06000e-01  0.00000e+00  1.45091e-01     2.004e-03
 4.08000e-01  0.00000e+00  1.45091e-01     2.004e-03
 5.10000e-01  0.00000e+00  1.45091e-01     0.000e+00
-5.10000e-01  4.20000e-02  1.45091e-01     0.000e+00
-4.08000e-01  4.20000e-02  1.45091e-01     2.002e-03
-3.06000e-01  4.20000e-02  1.45091e-01     2.002e-03
-2.04000e-01  4.20000e-02  1.45091e-01     2.002e-03
-1.02000e-01  4.20000e-02  1.45091e-01     2.002e-03
 0.00000e+00  4.20000e-02  1.45091e-01     2.002e-03
 1.02000e-01  4.20000e-02  1.45091e-01     2.002e-03
 2.04000e-01  4.20000e-02  1.45091e-01     2.002e-03
 3.06000e-01  4.20000e-02  1.45091e-01     2.002e-03
 4.08000e-01  4.20000e-02  1.45091e-01     2.002e-03
 5.10000e-01  4.20000e-02  1.45091e-01     0.000e+00
-5.10000e-01  8.40000e-02  1.45091e-01     0.000e+00
-4.08000e-01  8.40000e-02  1.45091e-01     1.998e-03
-3.06000e-01  8.40000e-02  1.45091e-01     1.998e-03
-2.04000e-01  8.40000e-02  1.45091e-01     1.998e-03
-1.02000e-01  8.40000e-02  1.45091e-01     1.998e-03
 0.00000e+00  8.40000e-02  1.45091e-01     1.998e-03
 1.02000e-01  8.40000e-02  1.45091e-01     1.998e-03
 2.04000e-01  8.40000e-02  1.45091e-01     1.998e-03
 3.06000e-01  8.40000e-02  1.45091e-01     1.998e-03
 4.08000e-01  8.40000e-02  1.45091e-01     1.998e-03
 5.10000e-01  8.40000e-02  1.45091e-01     0.000e+00
-5.10000e-01  1.26000e-01  1.45091e-01     0.000e+00
-4.08000e-01  1.26000e-01  1.45091e-01     1.992e-03
-3.06000e-01  1.26000e-01  1.45091e-01     1.992e-03
-2.04000e-01  1.26000e-01  1.45091e-01     1.992e-03
-1.02000e-01  1.26000e-01  1.45091e-01     1.992e-03
 0.00000e+00  1.26000e-01  1.45091e-01     1.992e-03
 1.02000e-01  1.26000e-01  1.45091e-01     1.992e-03
 2.04000e-01  1.26000e-01  1.45091e-01     1.992e-03
 3.06000e-01  1.26000e-01  1.45091e-01     1.992e-03
 4.08000e-01  1.26000e-01  1.45091e-01     1.992e-03
 5.10000e-01  1.26000e-01  1.45091e-01     0.000e+00
-5.10000e-01  1.68000e-01  1.45091e-01     0.000e+00
-4.08000e-01  1.68000e-01  1.45091e-01     1.983e-03
-3.06000e-01  1.68000e-01  1.45091e-01     1.983e-03
-2.04000e-01  1.68000e-01  1.45091e-01     1.983e-03
-1.02000e-01  1.68000e-01  1.45091e-01     1.983e-03
 0.00000e+00  1.68000e-01  1.45091e-01     1.983e-03
 1.02000e-01  1.68000e-01  1.45091e-01     1.983e-03
 2.04000e-01  1.68000e-01  1.45091e-01     1.983e-03
 3.06000e-01  1.68000e-01  1.45091e-01     1.983e-03
 4.08000e-01  1.68000e-01  1.45091e-01     1.983e-03
 5.10000e-01  1.68000e-01  1.45091e-01     0.000e+00
-5.10000e-01  2.10000e-01  1.45091e-01     0.000e+00
-4.08000e-01  2.10000e-01  1.45091e-01     0.000e+00
-3.06000e-01  2.10000e-01  1.45091e-01     0.000e+00
-2.04000e-01  2.10000e-01  1.45091e-01     0.000e+00
-1.02000e-01  2.10000e-01  1.45091e-01     0.000e+00
 0.00000e+00  2.10000e-01  1.45091e-01     0.000e+00
 1.02000e-01  2.10000e-01  1.45091e-01     0.000e+00
 2.04000e-01  2.10000e-01  1.45091e-01     0.000e+00
 3.06000e-01  2.10000e-01  1.45091e-01     0.000e+00
 4.08000e-01  2.10000e-01  1.45091e-01     0.000e+00
 5.10000e-01  2.10000e-01  1.45091e-01     0.000e+00
-5.10000e-01 -2.10000e-01  1.48718e-01     0.000e+00
-4.08000e-01 -2.10000e-01  1.48718e-01     0.000e+00
-3.06000e-01 -2.10000e-01  1.48718e-01     0.000e+00
-2.04000e-01 -2.10000e-01  1.48718e-01     0.000e+00
-1.02000e-01 -2.10000e-01  1.48718e-01     0.000e+00
 0.00000e+00 -2.10000e-01  1.48718e-01     0.000e+00
 1.02000e-01 -2.10000e-01  1.48718e-01     0.000e+00
 2.04000e-01 -2.10000e-01  1.48718e-01     0.000e+00
 3.06000e-01 -2.10000e-01  1.48718e-01     0.000e+00
 4.08000e-01 -2.10000e-01  1.48718e-01     0.000e+00
 5.10000e-01 -2.10000e-01  1.48718e-01     0.000e+00
-5.10000e-01 -1.68000e-01  1.48718e-01     0.000e+00
-4.08000e-01 -1.68000e-01  1.48718e-01     1.931e-03
-3.06000e-01 -1.68000e-01  1.48718e-01     1.931e-03
-2.04000e-01 -1.68000e-01  1.48718e-01     1.931e-03
-1.02000e-01 -1.68000e-01  1.48718e-01     1.931e-03
 0.00000e+00 -1.68000e-01  1.48718e-01     1.931e-03
 1.02000e-01 -1.68000e-01  1.48718e-01     1.931e-03
 2.04000e-01 -1.68000e-01  1.48718e-01     1.931e-03
 3.06000e-01 -1.68000e-01  1.48718e-01     1.931e-03
 4.08000e-01 -1.68000e-01  1.48718e-01     1.931e-03
 5.10000e-01 -1.68000e-01  1.48718e-01     0.000e+00
-5.10000e-01 -1.26000e-01  1.48718e-01     0.000e+00
-4.08000e-01 -1.26000e-01  1.48718e-01     1.940e-03
-3.06000e-01 -1.26000e-01  1.48718e-01     1.940e-03
-2.04000e-01 -1.26000e-01  1.48718e-01     1.940e-03
-1.02000e-01 -1.26000e-01  1.48718e-01     1.940e-03
 0.00000e+00 -1.26000e-01  1.48718e-01     1.940e-03
 1.02000e-01 -1.26000e-01  1.48718e-01     1.940e-03
 2.04000e-01 -1.26000e-01  1.48718e-01     1.940e-03
 3.06000e-01 -1.26000e-01  1.48718e-01     1.940e-03
 4.08000e-01 -1.26000e-01  1.48718e-01     1.940e-03
 5.10000e-01 -1.26000e-01  1.48718e-01     0.000e+00
-5.10000e-01 -8.40000e-02  1.48718e-01     0.000e+00
-4.08000e-01 -8.40000e-02  1.48718e-01     1.946e-03
-3.06000e-01 -8.40000e-02  1.48718e-01     1.946e-03
-2.04000e-01 -8.40000e-02  1.48718e-01     1.946e-03
-1.02000e-01 -8.40000e-02  1.48718e-01     1.946e-03
 0.00000e+00 -8.40000e-02  1.48718e-01     1.946e-03
 1.02000e-01 -8.40000e-02  1.48718e-01     1.946e-03
 2.04000e-01 -8.40000e-02  1.48718e-01     1.946e-03
 3.06000e-01 -8.40000e-02  1.48718e-01     1.946e-03
 4.08000e-01 -8.40000e-02  1.48718e-01     1.946e-03
 5.10000e-01 -8.40000e-02  1.48718e-01     0.000e+00
-5.10000e-01 -4.20000e-02  1.48718e-01     0.000e+00
-4.08000e-01 -4.20000e-02  1.48718e-01     1.950e-03
-3.06000e-01 -4.20000e-02  1.48718e-01     1.950e-03
-2.04000e-01 -4.20000e-02  1.48718e-01     1.950e-03
-1.02000e-01 -4.20000e-02  1.48718e-01     1.950e-03
 0.00000e+00 -4.20000e-02  1.48718e-01     1.950e-03
 1.02000e-01 -4.20000e-02  1.48718e-01     1.950e-03
 2.04000e-01 -4.20000e-02  1.48718e-01     1.950e-03
 3.06000e-01 -4.20000e-02  1.48718e-01     1.950e-03
 4.08000e-01 -4.20000e-02  1.48718e-01     1.950e-03
 5.10000e-01 -4.20000e-02  1.48718e-01     0.000e+00
-5.10000e-01  0.00000e+00  1.48718e-01     0.000e+00
-4.08000e-01  0.00000e+00  1.48718e-01     1.951e-03
-3.06000e-01  0.00000e+00  1.48718e-01     1.951e-03
-2.04000e-01  0.00000e+00  1.48718e-01     1.951e-03
-1.02000e-01  0.00000e+00  1.48718e-01     1.951e-03
 0.00000e+00  0.00000e+00  1.48718e-01     1.951e-03
 1.02000e-01  0.00000e+00  1.48718e-01     1.951e-03
 2.04000e-01  0.00000e+00  1.48718e-01     1.951e-03
 3.06000e-01  0.00000e+00  1.48718e-01     1.951e-03
 4.08000e-01  0.00000e+00  1.48718e-01     1.951e-03
 5.10000e-01  0.00000e+00  1.48718e-01     0.000e+00
-5.10000e-01  4.20000e-02  1.48718e-01     0.000e+00
-4.08000e-01  4.20000e-02  1.48718e-01     1.950e-03
-3.06000e-01  4.20000e-02  1.48718e-01     1.950e-03
-2.04000e-01  4.20000e-02  1.48718e-01     1.950e-03
-1.02000e-01  4.20000e-02  1.48718e-01     1.950e-03
 0.00000e+00  4.20000e-02  1.48718e-01     1.950e-03
 1.02000e-01  4.20000e-02  1.48718e-01     1.950e-03
 2.04000e-01  4.20000e-02  1.48718e-01     1.950e-03
 3.06000e-01  4.20000e-02  1.48718e-01     1.950e-03
 4.08000e-01  4.20000e-02  1.48718e-01     1.950e-03
 5.10000e-01  4.20000e-02  1.48718e-01     0.000e+00
-5.10000e-01  8.40000e-02  1.48718e-01     0.000e+00
-4.08000e-01  8.40000e-02  1.48718e-01     1.946e-03
-3.06000e-01  8.40000e-02  1.48718e-01     1.946e-03
-2.04000e-01  8.40000e-02  1.48718e-01     1.946e-03
-1.02000e-01  8.40000e-02  1.48718e-01     1.946e-03
 0.00000e+00  8.40000e-02  1.48718e-01     1.946e-03
 1.02000e-01  8.40000e-02  1.48718e-01     1.946e-03
 2.04000e-01  8.40000e-02  1.48718e-01     1.946e-03
 3.06000e-01  8.40000e-02  1.48718e-01     1.946e-03
 4.08000e-01  8.40000e-02  1.48718e-01     1.946e-03
 5.10000e-01  8.40000e-02  1.48718e-01     0.000e+00
-5.10000e-01  1.26000e-01  1.48718e-01     0.000e+00
-4.08000e-01  1.26000e-01  1.48718e-01     1.940e-03
-3.06000e-01  1.26000e-01  1.48718e-01     1.940e-03
-2.04000e-01  1.26000e-01  1.48718e-01     1.940e-03
-1.02000e-01  1.26000e-01  1.48718e-01     1.940e-03
 0.00000e+00  1.26000e-01  1.48718e-01     1.940e-03
 1.02000e-01  1.26000e-01  1.48718e-01     1.940e-03
 2.04000e-01  1.26000e-01  1.48718e-01     1.940e-03
 3.06000e-01  1.26000e-01  1.48718e-01     1.940e-03
 4.08000e-01  1.26000e-01  1.48718e-01     1.940e-03
 5.10000e-01  1.26000e-01  1.48718e-01     0.000e+00
-5.10000e-01  1.68000e-01  1.48718e-01     0.000e+00
-4.08000e-01  1.68000e-01  1.48718e-01     1.931e-03
-3.06000e-01  1.68000e-01  1.48718e-01     1.931e-03
-2.04000e-01  1.68000e-01  1.48718e-01     1.931e-03
-1.02000e-01  1.68000e-01  1.48718e-01     1.931e-03
 0.00000e+00  1.68000e-01  1.48718e-01     1.931e-03
 1.02000e-01  1.68000e-01  1.48718e-01     1.931e-03
 2.04000e-01  1.68000e-01  1.48718e-01     1.931e-03
 3.06000e-01  1.68000e-01  1.48718e-01     1.931e-03
 4.08000e-01  1.68000e-01  1.48718e-01     1.931e-03
 5.10000e-01  1.68000e-01  1.48718e-01     0.000e+00
-5.10000e-01  2.10000e-01  1.48718e-01     0.000e+00
-4.08000e-01  2.10000e-01  1.48718e-01     0.000e+00
-3.06000e-01  2.10000e-01  1.48718e-01     0.000e+00
-2.04000e-01  2.10000e-01  1.48718e-01     0.000e+00
-1.02000e-01  2.10000e-01  1.48718e-01     0.000e+00
 0.00000e+00  2.10000e-01  1.48718e-01     0.000e+00
 1.02000e-01  2.10000e-01  1.48718e-01     0.000e+00
 2.04000e-01  2.10000e-01  1.48718e-01     0.000e+00
 3.06000e-01  2.10000e-01  1.48718e-01     0.000e+00
 4.08000e-01  2.10000e-01  1.48718e-01     0.000e+00
 5.10000e-01  2.10000e-01  1.48718e-01     0.000e+00
-5.10000e-01 -2.10000e-01  1.52345e-01     0.000e+00
-4.08000e-01 -2.10000e-01  1.52345e-01     0.000e+00
-3.06000e-01 -2.10000e-01  1.52345e-01     0.000e+00
-2.04000e-01 -2.10000e-01  1.52345e-01     0.000e+00
-1.02000e-01 -2.10000e-01  1.52345e-01     0.000e+00
 0.00000e+00 -2.10000e-01  1.52345e-01     0.000e+00
 1.02000e-01 -2.10000e-01  1.52345e-01     0.000e+00
 2.04000e-01 -2.10000e-01  1.52345e-01     0.000e+00
 3.06000e-01 -2.10000e-01  1.52345e-01     0.000e+00
 4.08000e-01 -2.10000e-01  1.52345e-01     0.000e+00
 5.10000e-01 -2.10000e-01  1.52345e-01     0.000e+00
-5.10000e-01 -1.68000e-01  1.52345e-01     0.000e+00
-4.08000e-01 -1.68000e-01  1.52345e-01     1.881e-03
-3.06000e-01 -1.68000e-01  1.52345e-01     1.881e-03
-2.04000e-01 -1.68000e-01  1.52345e-01     1.881e-03
-1.02000e-01 -1.68000e-01  1.52345e-01     1.881e-03
 0.00000e+00 -1.68000e-01  1.52345e-01     1.881e-03
 1.02000e-01 -1.68000e-01  1.52345e-01     1.881e-03
 2.04000e-01 -1.68000e-01  1.52345e-01     1.881e-03
 3.06000e-01 -1.68000e-01  1.52345e-01     1.881e-03
 4.08000e-01 -1.68000e-01  1.52345e-01     1.881e-03
 5.10000e-01 -1.68000e-01  1.52345e-01     0.000e+00
-5.10000e-01 -1.26000e-01  1.52345e-01     0.000e+00
-4.08000e-01 -1.26000e-01  1.52345e-01     1.890e-03
-3.06000e-01 -1.26000e-01  1.52345e-01     1.890e-03
-2.04000e-01 -1.26000e-01  1.52345e-01     1.890e-03
-1.02000e-01 -1.26000e-01  1.52345e-01     1.890e-03
 0.00000e+00 -1.26000e-01  1.52345e-01     1.890e-03
 1.02000e-01 -1.26000e-01  1.52345e-01     1.890e-03
 2.04000e-01 -1.26000e-01  1.52345e-01     1.890e-03
 3.06000e-01 -1.26000e-01  1.52345e-01     1.890e-03
 4.08000e-01 -1.26000e-01  1.52345e-01     1.890e-03
 5.10000e-01 -1.26000e-01  1.52345e-01     0.000e+00
-5.10000e-01 -8.40000e-02  1.52345e-01     0.000e+00
-4.08000e-01 -8.40000e-02  1.52345e-01     1.896e-03
-3.06000e-01 -8.40000e-02  1.52345e-01     1.896e-03
-2.04000e-01 -8.40000e-02  1.52345e-01     1.896e-03
-1.02000e-01 -8.40000e-02  1.52345e-01     1.896e-03
 0.00000e+00 -8.40000e-02  1.52345e-01     1.896e-03
 1.02000e-01 -8.40000e-02  1.52345e-01     1.896e-03
 2.04000e-01 -8.40000e-02  1.52345e-01     1.896e-03
 3.06000e-01 -8.40000e-02  1.52345e-01     1.896e-03
 4.08000e-01 -8.40000e-02  1.52345e-01     1.896e-03
 5.10000e-01 -8.40000e-02  1.52345e-01     0.000e+00
-5.10000e-01 -4.20000e-02  1.52345e-01     0.000e+00
-4.08000e-01 -4.20000e-02  1.52345e-01     1.900e-03
-3.06000e-01 -4.20000e-02  1.52345e-01     1.900e-03
-2.04000e-01 -4.20000e-02  1.52345e-01     1.900e-03
-1.02000e-01 -4.20000e-02  1.52345e-01     1.900e-03
 0.00000e+00 -4.20000e-02  1.52345e-01     1.900e-03
 1.02000e-01 -4.20000e-02  1.52345e-01     1.900e-03
 2.04000e-01 -4.20000e-02  1.52345e-01     1.900e-03
 3.06000e-01 -4.20000e-02  1.52345e-01     1.900e-03
 4.08000e-01 -4.20000e-02  1.52345e-01     1.900e-03
 5.10000e-01 -4.20000e-02  1.52345e-01     0.000e+00
-5.10000e-01  0.00000e+00  1.52345e-01     0.000e+00
-4.08000e-01  0.00000e+00  1.52345e-01     1.901e-03
-3.06000e-01  0.00000e+00  1.52345e-01     1.901e-03
-2.04000e-01  0.00000e+00  1.52345e-01     1.901e-03
-1.02000e-01  0.00000e+00  1.52345e-01     1.901e-03
 0.00000e+00  0.00000e+00  1.52345e-01     1.901e-03
 1.02000e-01  0.00000e+00  1.52345e-01     1.901e-03
 2.04000e-01  0.00000e+00  1.52345e-01     1.901e-03
 3.06000e-01  0.00000e+00  1.52345e-01     1.901e-03
 4.08000e-01  0.00000e+00  1.52345e-01     1.901e-03
 5.10000e-01  0.00000e+00  1.52345e-01     0.000e+00
-5.10000e-01  4.20000e-02  1.52345e-01     0.000e+00
-4.08000e-01  4.20000e-02  1.52345e-01     1.900e-03
-3.06000e-01  4.20000e-02  1.52345e-01     1.900e-03
-2.04000e-01  4.20000e-02  1.52345e-01     1.900e-03
-1.02000e-01  4.20000e-02  1.52345e-01     1.900e-03
 0.00000e+00  4.20000e-02  1.52345e-01     1.900e-03
 1.02000e-01  4.20000e-02  1.52345e-01     1.900e-03
 2.04000e-01  4.20000e-02  1.52345e-01     1.900e-03
 3.06000e-01  4.20000e-02  1.52345e-01     1.900e-03
 4.08000e-01  4.20000e-02  1.52345e-01     1.900e-03
 5.10000e-01  4.20000e-02  1.52345e-01     0.000e+00
-5.10000e-01  8.40000e-02  1.52345e-01     0.000e+00
-4.08000e-01  8.40000e-02  1.52345e-01     1.896e-03
-3.06000e-01  8.40000e-02  1.52345e-01     1.896e-03
-2.04000e-01  8.40000e-02  1.52345e-01     1.896e-03
-1.02000e-01  8.40000e-02  1.52345e-01     1.896e-03
 0.00000e+00  8.40000e-02  1.52345e-01     1.896e-03
 1.02000e-01  8.40000e-02  1.52345e-01     1.896e-03
 2.04000e-01  8.40000e-02  1.52345e-01     1.896e-03
 3.06000e-01  8.40000e-02  1.52345e-01     1.896e-03
 4.08000e-01  8.40000e-02  1.52345e-01     1.896e-03
 5.10000e-01  8.40000e-02  1.52345e-01     0.000e+00
-5.10000e-01  1.26000e-01  1.52345e-01     0.000e+00
-4.08000e-01  1.26000e-01  1.52345e-01     1.890e-03
-3.06000e-01  1.26000e-01  1.52345e-01     1.890e-03
-2.04000e-01  1.26000e-01  1.52345e-01     1.890e-03
-1.02000e-01  1.26000e-01  1.52345e-01     1.890e-03
 0.00000e+00  1.26000e-01  1.52345e-01     1.890e-03
 1.02000e-01  1.26000e-01  1.52345e-01     1.890e-03
 2.04000e-01  1.26000e-01  1.52345e-01     1.890e-03
 3.06000e-01  1.26000e-01  1.52345e-01     1.890e-03
 4.08000e-01  1.26000e-01  1.52345e-01     1.890e-03
 5.10000e-01  1.26000e-01  1.52345e-01     0.000e+00
-5.10000e-01  1.68000e-01  1.52345e-01     0.000e+00
-4.08000e-01  1.68000e-01  1.52345e-01     1.881e-03
-3.06000e-01  1.68000e-01  1.52345e-01     1.881e-03
-2.04000e-01  1.68000e-01  1.52345e-01     1.881e-03
-1.02000e-01  1.68000e-01  1.52345e-01     1.881e-03
 0.00000e+00  1.68000e-01  1.52345e-01     1.881e-03
 1.02000e-01  1.68000e-01  1.52345e-01     1.881e-03
 2.04000e-01  1.68000e-01  1.52345e-01     1.881e-03
 3.06000e-01  1.68000e-01  1.52345e-01     1.881e-03
 4.08000e-01  1.68000e-01  1.52345e-01     1.881e-03
 5.10000e-01  1.68000e-01  1.52345e-01     0.000e+00
-5.10000e-01  2.10000e-01  1.52345e-01     0.000e+00
-4.08000e-01  2.10000e-01  1.52345e-01     0.000e+00
-3.06000e-01  2.10000e-01  1.52345e-01     0.000e+00
-2.04000e-01  2.10000e-01  1.52345e-01     0.000e+00
-1.02000e-01  2.10000e-01  1.52345e-01     0.000e+00
 0.00000e+00  2.10000e-01  1.52345e-01     0.000e+00
 1.02000e-01  2.10000e-01  1.52345e-01     0.000e+00
 2.04000e-01  2.10000e-01  1.52345e-01     0.000e+00
 3.06000e-01  2.10000e-01  1.52345e-01     0.000e+00
 4.08000e-01  2.10000e-01  1.52345e-01     0.000e+00
 5.10000e-01  2.10000e-01  1.52345e-01     0.000e+00
-5.10000e-01 -2.10000e-01  1.55973e-01     0.000e+00
-4.08000e-01 -2.10000e-01  1.55973e-01     0.000e+00
-3.06000e-01 -2.10000e-01  1.55973e-01     0.000e+00
-2.04000e-01 -2.10000e-01  1.55973e-01     0.000e+00
-1.02000e-01 -2.10000e-01  1.55973e-01     0.000e+00
 0.00000e+00 -2.10000e-01  1.55973e-01     0.000e+00
 1.02000e-01 -2.10000e-01  1.55973e-01     0.000e+00
 2.04000e-01 -2.10000e-01  1.55973e-01     0.000e+00
 3.06000e-01 -2.10000e-01  1.55973e-01     0.000e+00
 4.08000e-01 -2.10000e-01  1.55973e-01     0.000e+00
 5.10000e-01 -2.10000e-01  1.55973e-01     0.000e+00
-5.10000e-01 -1.68000e-01  1.55973e-01     0.000e+00
-4.08000e-01 -1.68000e-01  1.55973e-01     1.834e-03
-3.06000e-01 -1.68000e-01  1.55973e-01     1.834e-03
-2.04000e-01 -1.68000e-01  1.55973e-01     1.834e-03
-1.02000e-01 -1.68000e-01  1.55973e-01     1.834e-03
 0.00000e+00 -1.68000e-01  1.55973e-01     1.834e-03
 1.02000e-01 -1.68000e-01  1.55973e-01     1.834e-03
 2.04000e-01 -1.68000e-01  1.55973e-01     1.834e-03
 3.06000e-01 -1.68000e-01  1.55973e-01     1.834e-03
 4.08000e-01 -1.68000e-01  1.55973e-01     1.834e-03
 5.10000e-01 -1.68000e-01  1.55973e-01     0.000e+00
-5.10000e-01 -1.26000e-01  1.55973e-01     0.000e+00
-4.08000e-01 -1.26000e-01  1.55973e-01     1.842e-03
-3.06000e-01 -1.26000e-01  1.55973e-01     1.842e-03
-2.04000e-01 -1.26000e-01  1.55973e-01     1.842e-03
-1.02000e-01 -1.26000e-01  1.55973e-01     1.842e-03
 0.00000e+00 -1.26000e-01  1.55973e-01     1.842e-03
 1.02000e-01 -1.26000e-01  1.55973e-01     1.842e-03
 2.04000e-01 -1.26000e-01  1.55973e-01     1.842e-03
 3.06000e-01 -1.26000e-01  1.55973e-01     1.842e-03
 4.08000e-01 -1.26000e-01  1.55973e-01     1.842e-03
 5.10000e-01 -1.26000e-01  1.55973e-01     0.000e+00
-5.10000e-01 -8.40000e-02  1.55973e-01     0.000e+00
-4.08000e-01 -8.40000e-02  1.55973e-01     1.849e-03
-3.06000e-01 -8.40000e-02  1.55973e-01     1.849e-03
-2.04000e-01 -8.40000e-02  1.55973e-01     1.849e-03
-1.02000e-01 -8.40000e-02  1.55973e-01     1.849e-03
 0.00000e+00 -8.40000e-02  1.55973e-01     1.849e-03
 1.02000e-01 -8.40000e-02  1.55973e-01     1.849e-03
 2.04000e-01 -8.40000e-02  1.55973e-01     1.849e-03
 3.06000e-01 -8.40000e-02  1.55973e-01     1.849e-03
 4.08000e-01 -8.40000e-02  1.55973e-01     1.849e-03
 5.10000e-01 -8.40000e-02  1.55973e-01     0.000e+00
-5.10000e-01 -4.20000e-02  1.55973e-01     0.000e+00
-4.08000e-01 -4.20000e-02  1.55973e-01     1.852e-03
-3.06000e-01 -4.20000e-02  1.55973e-01     1.852e-03
-2.04000e-01 -4.20000e-02  1.55973e-01     1.852e-03
-1.02000e-01 -4.20000e-02  1.55973e-01     1.852e-03
 0.00000e+00 -4.20000e-02  1.55973e-01     1.852e-03
 1.02000e-01 -4.20000e-02  1.55973e-01     1.852e-03
 2.04000e-01 -4.20000e-02  1.55973e-01     1.852e-03
 3.06000e-01 -4.20000e-02  1.55973e-01     1.852e-03
 4.08000e-01 -4.20000e-02  1.55973e-01     1.852e-03
 5.10000e-01 -4.20000e-02  1.55973e-01     0.000e+00
-5.10000e-01  0.00000e+00  1.55973e-01     0.000e+00
-4.08000e-01  0.00000e+00  1.55973e-01     1.854e-03
-3.06000e-01  0.00000e+00  1.55973e-01     1.854e-03
-2.04000e-01  0.00000e+00  1.55973e-01     1.854e-03
-1.02000e-01  0.00000e+00  1.55973e-01     1.854e-03
 0.00000e+00  0.00000e+00  1.55973e-01     1.854e-03
 1.02000e-01  0.00000e+00  1.55973e-01     1.854e-03
 2.04000e-01  0.00000e+00  1.55973e-01     1.854e-03
 3.06000e-01  0.00000e+00  1.55973e-01     1.854e-03
 4.08000e-01  0.00000e+00  1.55973e-01     1.854e-03
 5.10000e-01  0.00000e+00  1.55973e-01     0.000e+00
-5.10000e-01  4.20000e-02  1.55973e-01     0.000e+00
-4.08000e-01  4.20000e-02  1.55973e-01     1.852e-03
-3.06000e-01  4.20000e-02  1.55973e-01     1.852e-03
-2.04000e-01  4.20000e-02  1.55973e-01     1.852e-03
-1.02000e-01  4.20000e-02  1.55973e-01     1.852e-03
 0.00000e+00  4.20000e-02  1.55973e-01     1.852e-03
 1.02000e-01  4.20000e-02  1.55973e-01     1.852e-03
 2.04000e-01  4.20000e-02  1.55973e-01     1.852e-03
 3.06000e-01  4.20000e-02  1.55973e-01     1.852e-03
 4.08000e-01  4.20000e-02  1.55973e-01     1.852e-03
 5.10000e-01  4.20000e-02  1.55973e-01     0.000e+00
-5.10000e-01  8.40000e-02  1.55973e-01     0.000e+00
-4.08000e-01  8.40000e-02  1.55973e-01     1.849e-03
-3.06000e-01  8.40000e-02  1.55973e-01     1.849e-03
-2.04000e-01  8.40000e-02  1.55973e-01     1.849e-03
-1.02000e-01  8.40000e-02  1.55973e-01     1.849e-03
 0.00000e+00  8.40000e-02  1.55973e-01     1.849e-03
 1.02000e-01  8.40000e-02  1.55973e-01     1.849e-03
 2.04000e-01  8.40000e-02  1.55973e-01     1.849e-03
 3.06000e-01  8.40000e-02  1.55973e-01     1.849e-03
 4.08000e-01  8.40000e-02  1.55973e-01     1.849e-03
 5.10000e-01  8.40000e-02  1.55973e-01     0.000e+00
-5.10000e-01  1.26000e-01  1.55973e-01     0.000e+00
-4.08000e-01  1.26000e-01  1.55973e-01     1.842e-03
-3.06000e-01  1.26000e-01  1.55973e-01     1.842e-03
-2.04000e-01  1.26000e-01  1.55973e-01     1.842e-03
-1.02000e-01  1.26000e-01  1.55973e-01     1.842e-03
 0.00000e+00  1.26000e-01  1.55973e-01     1.842e-03
 1.02000e-01  1.26000e-01  1.55973e-01     1.842e-03
 2.04000e-01  1.26000e-01  1.55973e-01     1.842e-03
 3.06000e-01  1.26000e-01  1.55973e-01     1.842e-03
 4.08000e-01  1.26000e-01  1.55973e-01     1.842e-03
 5.10000e-01  1.26000e-01  1.55973e-01     0.000e+00
-5.10000e-01  1.68000e-01  1.55973e-01     0.000e+00
-4.08000e-01  1.68000e-01  1.55973e-01     1.834e-03
-3.06000e-01  1.68000e-01  1.55973e-01     1.834e-03
-2.04000e-01  1.68000e-01  1.55973e-01     1.834e-03
-1.02000e-01  1.68000e-01  1.55973e-01     1.834e-03
 0.00000e+00  1.68000e-01  1.55973e-01     1.834e-03
 1.02000e-01  1.68000e-01  1.55973e-01     1.834e-03
 2.04000e-01  1.68000e-01  1.55973e-01     1.834e-03
 3.06000e-01  1.68000e-01  1.55973e-01     1.834e-03
 4.08000e-01  1.68000e-01  1.55973e-01     1.834e-03
 5.10000e-01  1.68000e-01  1.55973e-01     0.000e+00
-5.10000e-01  2.10000e-01  1.55973e-01     0.000e+00
-4.08000e-01  2.10000e-01  1.55973e-01     0.000e+00
-3.06000e-01  2.10000e-01  1.55973e-01     0.000e+00
-2.04000e-01  2.10000e-01  1.55973e-01     0.000e+00
-1.02000e-01  2.10000e-01  1.55973e-01     0.000e+00
 0.00000e+00  2.10000e-01  1.55973e-01     0.000e+00
 1.02000e-01  2.10000e-01  1.55973e-01     0.000e+00
 2.04000e-01  2.10000e-01  1.55973e-01     0.000e+00
 3.06000e-01  2.10000e-01  1.55973e-01     0.000e+00
 4.08000e-01  2.10000e-01  1.55973e-01     0.000e+00
 5.10000e-01  2.10000e-01  1.55973e-01     0.000e+00
-5.10000e-01 -2.10000e-01  1.59600e-01     0.000e+00
-4.08000e-01 -2.10000e-01  1.59600e-01     0.000e+00
-3.06000e-01 -2.10000e-01  1.59600e-01     0.000e+00
-2.04000e-01 -2.10000e-01  1.59600e-01     0.000e+00
-1.02000e-01 -2.10000e-01  1.59600e-01     0.000e+00
 0.00000e+00 -2.10000e-01  1.59600e-01     0.000e+00
 1.02000e-01 -2.10000e-01  1.59600e-01     0.000e+00
 2.04000e-01 -2.10000e-01  1.59600e-01     0.000e+00
 3.06000e-01 -2.10000e-01  1.59600e-01     0.000e+00
 4.08000e-01 -2.10000e-01  1.59600e-01     0.000e+00
 5.10000e-01 -2.10000e-01  1.59600e-01     0.000e+00
-5.10000e-01 -1.68000e-01  1.59600e-01     0.000e+00
-4.08000e-01 -1.68000e-01  1.59600e-01     1.788e-03
-3.06000e-01 -1.68000e-01  1.59600e-01     1.788e-03
-2.04000e-01 -1.68000e-01  1.59600e-01     1.788e-03
-1.02000e-01 -1.68000e-01  1.59600e-01     1.788e-03
 0.00000e+00 -1.68000e-01  1.59600e-01     1.788e-03
 1.02000e-01 -1.68000e-01  1.59600e-01     1.788e-03
 2.04000e-01 -1.68000e-01  1.59600e-01     1.788e-03
 3.06000e-01 -1.68000e-01  1.59600e-01     1.788e-03
 4.08000e-01 -1.68000e-01  1.59600e-01     1.788e-03
 5.10000e-01 -1.68000e-01  1.59600e-01     0.000e+00
-5.10000e-01 -1.26000e-01  1.59600e-01     0.000e+00
-4.08000e-01 -1.26000e-01  1.59600e-01     1.797e-03
-3.06000e-01 -1.26000e-01  1.59600e-01     1.797e-03
-2.04000e-01 -1.26000e-01  1.59600e-01     1.797e-03
-1.02000e-01 -1.26000e-01  1.59600e-01     1.797e-03
 0.00000e+00 -1.26000e-01  1.59600e-01     1.797e-03
 1.02000e-01 -1.26000e-01  1.59600e-01     1.797e-03
 2.04000e-01 -1.26000e-01  1.59600e-01     1.797e-03
 3.06000e-01 -1.26000e-01  1.59600e-01     1.797e-03
 4.08000e-01 -1.26000e-01  1.59600e-01     1.797e-03
 5.10000e-01 -1.26000e-01  1.59600e-01     0.000e+00
-5.10000e-01 -8.40000e-02  1.59600e-01     0.000e+00
-4.08000e-01 -8.40000e-02  1.59600e-01     1.803e-03
-3.06000e-01 -8.40000e-02  1.59600e-01     1.803e-03
-2.04000e-01 -8.40000e-02  1.59600e-01     1.803e-03
-1.02000e-01 -8.40000e-02  1.59600e-01     1.803e-03
 0.00000e+00 -8.40000e-02  1.59600e-01     1.803e-03
 1.02000e-01 -8.40000e-02  1.59600e-01     1.803e-03
 2.04000e-01 -8.40000e-02  1.59600e-01     1.803e-03
 3.06000e-01 -8.40000e-02  1.59600e-01     1.803e-03
 4.08000e-01 -8.40000e-02  1.59600e-01     1.803e-03
 5.10000e-01 -8.40000e-02  1.59600e-01     0.000e+00
-5.10000e-01 -4.20000e-02  1.59600e-01     0.000e+00
-4.08000e-01 -4.20000e-02  1.59600e-01     1.807e-03
-3.06000e-01 -4.20000e-02  1.59600e-01     1.807e-03
-2.04000e-01 -4.20000e-02  1.59600e-01     1.807e-03
-1.02000e-01 -4.20000e-02  1.59600e-01     1.807e-03
 0.00000e+00 -4.20000e-02  1.59600e-01     1.807e-03
 1.02000e-01 -4.20000e-02  1.59600e-01     1.807e-03
 2.04000e-01 -4.20000e-02  1.59600e-01     1.807e-03
 3.06000e-01 -4.20000e-02  1.59600e-01     1.807e-03
 4.08000e-01 -4.20000e-02  1.59600e-01     1.807e-03
 5.10000e-01 -4.20000e-02  1.59600e-01     0.000e+00
-5.10000e-01  0.00000e+00  1.59600e-01     0.000e+00
-4.08000e-01  0.00000e+00  1.59600e-01     1.808e-03
-3.06000e-01  0.00000e+00  1.59600e-01     1.808e-03
-2.04000e-01  0.00000e+00  1.59600e-01     1.808e-03
-1.02000e-01  0.00000e+00  1.59600e-01     1.808e-03
 0.00000e+00  0.00000e+00  1.59600e-01     1.808e-03
 1.02000e-01  0.00000e+00  1.59600e-01     1.808e-03
 2.04000e-01  0.00000e+00  1.59600e-01     1.808e-03
 3.06000e-01  0.00000e+00  1.59600e-01     1.808e-03
 4.08000e-01  0.00000e+00  1.59600e-01     1.808e-03
 5.10000e-01  0.00000e+00  1.59600e-01     0.000e+00
-5.10000e-01  4.20000e-02  1.59600e-01     0.000e+00
-4.08000e-01  4.20000e-02  1.59600e-01     1.807e-03
-3.06000e-01  4.20000e-02  1.59600e-01     1.807e-03
-2.04000e-01  4.20000e-02  1.59600e-01     1.807e-03
-1.02000e-01  4.20000e-02  1.59600e-01     1.807e-03
 0.00000e+00  4.20000e-02  1.59600e-01     1.807e-03
 1.02000e-01  4.20000e-02  1.59600e-01     1.807e-03
 2.04000e-01  4.20000e-02  1.59600e-01     1.807e-03
 3.06000e-01  4.20000e-02  1.59600e-01     1.807e-03
 4.08000e-01  4.20000e-02  1.59600e-01     1.807e-03
 5.10000e-01  4.20000e-02  1.59600e-01     0.000e+00
-5.10000e-01  8.40000e-02  1.59600e-01     0.000e+00
-4.08000e-01  8.40000e-02  1.59600e-01     1.803e-03
-3.06000e-01  8.40000e-02  1.59600e-01     1.803e-03
-2.04000e-01  8.40000e-02  1.59600e-01     1.803e-03
-1.02000e-01  8.40000e-02  1.59600e-01     1.803e-03
 0.00000e+00  8.40000e-02  1.59600e-01     1.803e-03
 1.02000e-01  8.40000e-02  1.59600e-01     1.803e-03
 2.04000e-01  8.40000e-02  1.59600e-01     1.803e-03
 3.06000e-01  8.40000e-02  1.59600e-01     1.803e-03
 4.08000e-01  8.40000e-02  1.59600e-01     1.803e-03
 5.10000e-01  8.40000e-02  1.59600e-01     0.000e+00
-5.10000e-01  1.26000e-01  1.59600e-01     0.000e+00
-4.08000e-01  1.26000e-01  1.59600e-01     1.797e-03
-3.06000e-01  1.26000e-01  1.59600e-01     1.797e-03
-2.04000e-01  1.26000e-01  1.59600e-01     1.797e-03
-1.02000e-01  1.26000e-01  1.59600e-01     1.797e-03
 0.00000e+00  1.26000e-01  1.59600e-01     1.797e-03
 1.02000e-01  1.26000e-01  1.59600e-01     1.797e-03
 2.04000e-01  1.26000e-01  1.59600e-01     1.797e-03
 3.06000e-01  1.26000e-01  1.59600e-01     1.797e-03
 4.08000e-01  1.26000e-01  1.59600e-01     1.797e-03
 5.10000e-01  1.26000e-01  1.59600e-01     0.000e+00
-5.10000e-01  1.68000e-01  1.59600e-01     0.000e+00
-4.08000e-01  1.68000e-01  1.59600e-01     1.788e-03
-3.06000e-01  1.68000e-01  1.59600e-01     1.788e-03
-2.04000e-01  1.68000e-01  1.59600e-01     1.788e-03
-1.02000e-01  1.68000e-01  1.59600e-01     1.788e-03
 0.00000e+00  1.68000e-01  1.59600e-01     1.788e-03
 1.02000e-01  1.68000e-01  1.59600e-01     1.788e-03
 2.04000e-01  1.68000e-01  1.59600e-01     1.788e-03
 3.06000e-01  1.68000e-01  1.59600e-01     1.788e-03
 4.08000e-01  1.68000e-01  1.59600e-01     1.788e-03
 5.10000e-01  1.68000e-01  1.59600e-01     0.000e+00
-5.10000e-01  2.10000e-01  1.59600e-01     0.000e+00
-4.08000e-01  2.10000e-01  1.59600e-01     0.000e+00
-3.06000e-01  2.10000e-01  1.59600e-01     0.000e+00
-2.04000e-01  2.10000e-01  1.59600e-01     0.000e+00
-1.02000e-01  2.10000e-01  1.59600e-01     0.000e+00
 0.00000e+00  2.10000e-01  1.59600e-01     0.000e+00
 1.02000e-01  2.10000e-01  1.59600e-01     0.000e+00
 2.04000e-01  2.10000e-01  1.59600e-01     0.000e+00
 3.06000e-01  2.10000e-01  1.59600e-01     0.000e+00
 4.08000e-01  2.10000e-01  1.59600e-01     0.000e+00
 5.10000e-01  2.10000e-01  1.59600e-01     0.000e+00
-5.10000e-01 -2.10000e-01  1.63227e-01     0.000e+00
-4.08000e-01 -2.10000e-01  1.63227e-01     0.000e+00
-3.06000e-01 -2.10000e-01  1.63227e-01     0.000e+00
-2.04000e-01 -2.10000e-01  1.63227e-01     0.000e+00
-1.02000e-01 -2.10000e-01  1.63227e-01     0.000e+00
 0.00000e+00 -2.10000e-01  1.63227e-01     0.000e+00
 1.02000e-01 -2.10000e-01  1.63227e-01     0.000e+00
 2.04000e-01 -2.10000e-01  1.63227e-01     0.000e+00
 3.06000e-01 -2.10000e-01  1.63227e-01     0.000e+00
 4.08000e-01 -2.10000e-01  1.63227e-01     0.000e+00
 5.10000e-01 -2.10000e-01  1.63227e-01     0.000e+00
-5.10000e-01 -1.68000e-01  1.63227e-01     0.000e+00
-4.08000e-01 -1.68000e-01  1.63227e-01     1.745e-03
-3.06000e-01 -1.68000e-01  1.63227e-01     1.745e-03
-2.04000e-01 -1.68000e-01  1.63227e-01     1.745e-03
-1.02000e-01 -1.68000e-01  1.63227e-01     1.745e-03
 0.00000e+00 -1.68000e-01  1.63227e-01     1.745e-03
 1.02000e-01 -1.68000e-01  1.63227e-01     1.745e-03
 2.04000e-01 -1.68000e-01  1.63227e-01     1.745e-03
 3.06000e-01 -1.68000e-01  1.63227e-01     1.745e-03
 4.08000e-01 -1.68000e-01  1.63227e-01     1.745e-03
 5.10000e-01 -1.68000e-01  1.63227e-01     0.000e+00
-5.10000e-01 -1.26000e-01  1.63227e-01     0.000e+00
-4.08000e-01 -1.26000e-01  1.63227e-01     1.753e-03
-3.06000e-01 -1.26000e-01  1.63227e-01     1.753e-03
-2.04000e-01 -1.26000e-01  1.63227e-01     1.753e-03
-1.02000e-01 -1.26000e-01  1.63227e-01     1.753e-03
 0.00000e+00 -1.26000e-01  1.63227e-01     1.753e-03
 1.02000e-01 -1.26000e-01  1.63227e-01     1.753e-03
 2.04000e-01 -1.26000e-01  1.63227e-01     1.753e-03
 3.06000e-01 -1.26000e-01  1.63227e-01     1.753e-03
 4.08000e-01 -1.26000e-01  1.63227e-01     1.753e-03
 5.10000e-01 -1.26000e-01  1.63227e-01     0.000e+00
-5.10000e-01 -8.40000e-02  1.63227e-01     0.000e+00
-4.08000e-01 -8.40000e-02  1.63227e-01     1.759e-03
-3.06000e-01 -8.40000e-02  1.63227e-01     1.759e-03
-2.04000e-01 -8.40000e-02  1.63227e-01     1.759e-03
-1.02000e-01 -8.40000e-02  1.63227e-01     1.759e-03
 0.00000e+00 -8.40000e-02  1.63227e-01     1.759e-03
 1.02000e-01 -8.40000e-02  1.63227e-01     1.759e-03
 2.04000e-01 -8.40000e-02  1.63227e-01     1.759e-03
 3.06000e-01 -8.40000e-02  1.63227e-01     1.759e-03
 4.08000e-01 -8.40000e-02  1.63227e-01     1.759e-03
 5.10000e-01 -8.40000e-02  1.63227e-01     0.000e+00
-5.10000e-01 -4.20000e-02  1.63227e-01     0.000e+00
-4.08000e-01 -4.20000e-02  1.63227e-01     1.763e-03
-3.06000e-01 -4.20000e-02  1.63227e-01     1.763e-03
-2.04000e-01 -4.20000e-02  1.63227e-01     1.763e-03
-1.02000e-01 -4.20000e-02  1.63227e-01     1.763e-03
 0.00000e+00 -4.20000e-02  1.63227e-01     1.763e-03
 1.02000e-01 -4.20000e-02  1.63227e-01     1.763e-03
 2.04000e-01 -4.20000e-02  1.63227e-01     1.763e-03
 3.06000e-01 -4.20000e-02  1.63227e-01     1.763e-03
 4.08000e-01 -4.20000e-02  1.63227e-01     1.763e-03
 5.10000e-01 -4.20000e-02  1.63227e-01     0.000e+00
-5.10000e-01  0.00000e+00  1.63227e-01     0.000e+00
-4.08000e-01  0.00000e+00  1.63227e-01     1.764e-03
-3.06000e-01  0.00000e+00  1.63227e-01     1.764e-03
-2.04000e-01  0.00000e+00  1.63227e-01     1.764e-03
-1.02000e-01  0.00000e+00  1.63227e-01     1.764e-03
 0.00000e+00  0.00000e+00  1.63227e-01     1.764e-03
 1.02000e-01  0.00000e+00  1.63227e-01     1.764e-03
 2.04000e-01  0.00000e+00  1.63227e-01     1.764e-03
 3.06000e-01  0.00000e+00  1.63227e-01     1.764e-03
 4.08000e-01  0.00000e+00  1.63227e-01     1.764e-03
 5.10000e-01  0.00000e+00  1.63227e-01     0.000e+00
-5.10000e-01  4.20000e-02  1.63227e-01     0.000e+00
-4.08000e-01  4.20000e-02  1.63227e-01     1.763e-03
-3.06000e-01  4.20000e-02  1.63227e-01     1.763e-03
-2.04000e-01  4.20000e-02  1.63227e-01     1.763e-03
-1.02000e-01  4.20000e-02  1.63227e-01     1.763e-03
 0.00000e+00  4.20000e-02  1.63227e-01     1.763e-03
 1.02000e-01  4.20000e-02  1.63227e-01     1.763e-03
 2.04000e-01  4.20000e-02  1.63227e-01     1.763e-03
 3.06000e-01  4.20000e-02  1.63227e-01     1.763e-03
 4.08000e-01  4.20000e-02  1.63227e-01     1.763e-03
 5.10000e-01  4.20000e-02  1.63227e-01     0.000e+00
-5.10000e-01  8.40000e-02  1.63227e-01     0.000e+00
-4.08000e-01  8.40000e-02  1.63227e-01     1.759e-03
-3.06000e-01  8.40000e-02  1.63227e-01     1.759e-03
-2.04000e-01  8.40000e-02  1.63227e-01     1.759e-03
-1.02000e-01  8.40000e-02  1.63227e-01     1.759e-03
 0.00000e+00  8.40000e-02  1.63227e-01     1.759e-03
 1.02000e-01  8.40000e-02  1.63227e-01     1.759e-03
 2.04000e-01  8.40000e-02  1.63227e-01     1.759e-03
 3.06000e-01  8.40000e-02  1.63227e-01     1.759e-03
 4.08000e-01  8.40000e-02  1.63227e-01     1.759e-03
 5.10000e-01  8.40000e-02  1.63227e-01     0.000e+00
-5.10000e-01  1.26000e-01  1.63227e-01     0.000e+00
-4.08000e-01  1.26000e-01  1.63227e-01     1.753e-03
-3.06000e-01  1.26000e-01  1.63227e-01     1.753e-03
-2.04000e-01  1.26000e-01  1.63227e-01     1.753e-03
-1.02000e-01  1.26000e-01  1.63227e-01     1.753e-03
 0.00000e+00  1.26000e-01  1.63227e-01     1.753e-03
 1.02000e-01  1.26000e-01  1.63227e-01     1.753e-03
 2.04000e-01  1.26000e-01  1.63227e-01     1.753e-03
 3.06000e-01  1.26000e-01  1.63227e-01     1.753e-03
 4.08000e-01  1.26000e-01  1.63227e-01     1.753e-03
 5.10000e-01  1.26000e-01  1.63227e-01     0.000e+00
-5.10000e-01  1.68000e-01  1.63227e-01     0.000e+00
-4.08000e-01  1.68000e-01  1.63227e-01     1.745e-03
-3.06000e-01  1.68000e-01  1.63227e-01     1.745e-03
-2.04000e-01  1.68000e-01  1.63227e-01     1.745e-03
-1.02000e-01  1.68000e-01  1.63227e-01     1.745e-03
 0.00000e+00  1.68000e-01  1.63227e-01     1.745e-03
 1.02000e-01  1.68000e-01  1.63227e-01     1.745e-03
 2.04000e-01  1.68000e-01  1.63227e-01     1.745e-03
 3.06000e-01  1.68000e-01  1.63227e-01     1.745e-03
 4.08000e-01  1.68000e-01  1.63227e-01     1.745e-03
 5.10000e-01  1.68000e-01  1.63227e-01     0.000e+00
-5.10000e-01  2.10000e-01  1.63227e-01     0.000e+00
-4.08000e-01  2.10000e-01  1.63227e-01     0.000e+00
-3.06000e-01  2.10000e-01  1.63227e-01     0.000e+00
-2.04000e-01  2.10000e-01  1.63227e-01     0.000e+00
-1.02000e-01  2.10000e-01  1.63227e-01     0.000e+00
 0.00000e+00  2.10000e-01  1.63227e-01     0.000e+00
 1.02000e-01  2.10000e-01  1.63227e-01     0.000e+00
 2.04000e-01  2.10000e-01  1.63227e-01     0.000e+00
 3.06000e-01  2.10000e-01  1.63227e-01     0.000e+00
 4.08000e-01  2.10000e-01  1.63227e-01     0.000e+00
 5.10000e-01  2.10000e-01  1.63227e-01     0.000e+00
-5.10000e-01 -2.10000e-01  1.66855e-01     0.000e+00
-4.08000e-01 -2.10000e-01  1.66855e-01     0.000e+00
-3.06000e-01 -2.10000e-01  1.66855e-01     0.000e+00
-2.04000e-01 -2.10000e-01  1.66855e-01     0.000e+00
-1.02000e-01 -2.10000e-01  1.66855e-01     0.000e+00
 0.00000e+00 -2.10000e-01  1.66855e-01     0.000e+00
 1.02000e-01 -2.10000e-01  1.66855e-01     0.000e+00
 2.04000e-01 -2.10000e-01  1.66855e-01     0.000e+00
 3.06000e-01 -2.10000e-01  1.66855e-01     0.000e+00
 4.08000e-01 -2.10000e-01  1.66855e-01     0.000e+00
 5.10000e-01 -2.10000e-01  1.66855e-01     0.000e+00
-5.10000e-01 -1.68000e-01  1.66855e-01     0.000e+00
-4.08000e-01 -1.68000e-01  1.66855e-01     1.703e-03
-3.06000e-01 -1.68000e-01  1.66855e-01     1.703e-03
-2.04000e-01 -1.68000e-01  1.66855e-01     1.703e-03
-1.02000e-01 -1.68000e-01  1.66855e-01     1.703e-03
 0.00000e+00 -1.68000e-01  1.66855e-01     1.703e-03
 1.02000e-01 -1.68000e-01  1.66855e-01     1.703e-03
 2.04000e-01 -1.68000e-01  1.66855e-01     1.703e-03
 3.06000e-01 -1.68000e-01  1.66855e-01     1.703e-03
 4.08000e-01 -1.68000e-01  1.66855e-01     1.703e-03
 5.10000e-01 -1.68000e-01  1.66855e-01     0.000e+00
-5.10000e-01 -1.26000e-01  1.66855e-01     0.000e+00
-4.08000e-01 -1.26000e-01  1.66855e-01     1.711e-03
-3.06000e-01 -1.26000e-01  1.66855e-01     1.711e-03
-2.04000e-01 -1.26000e-01  1.66855e-01     1.711e-03
-1.02000e-01 -1.26000e-01  1.66855e-01     1.711e-03
 0.00000e+00 -1.26000e-01  1.66855e-01     1.711e-03
 1.02000e-01 -1.26000e-01  1.66855e-01     1.711e-03
 2.04000e-01 -1.26000e-01  1.66855e-01     1.711e-03
 3.06000e-01 -1.26000e-01  1.66855e-01     1.711e-03
 4.08000e-01 -1.26000e-01  1.66855e-01     1.711e-03
 5.10000e-01 -1.26000e-01  1.66855e-01     0.000e+00
-5.10000e-01 -8.40000e-02  1.66855e-01     0.000e+00
-4.08000e-01 -8.40000e-02  1.66855e-01     1.717e-03
-3.06000e-01 -8.40000e-02  1.66855e-01     1.717e-03
-2.04000e-01 -8.40000e-02  1.66855e-01     1.717e-03
-1.02000e-01 -8.40000e-02  1.66855e-01     1.717e-03
 0.00000e+00 -8.40000e-02  1.66855e-01     1.717e-03
 1.02000e-01 -8.40000e-02  1.66855e-01     1.717e-03
 2.04000e-01 -8.40000e-02  1.66855e-01     1.717e-03
 3.06000e-01 -8.40000e-02  1.66855e-01     1.717e-03
 4.08000e-01 -8.40000e-02  1.66855e-01     1.717e-03
 5.10000e-01 -8.40000e-02  1.66855e-01     0.000e+00
-5.10000e-01 -4.20000e-02  1.66855e-01     0.000e+00
-4.08000e-01 -4.20000e-02  1.66855e-01     1.721e-03
-3.06000e-01 -4.20000e-02  1.66855e-01     1.721e-03
-2.04000e-01 -4.20000e-02  1.66855e-01     1.721e-03
-1.02000e-01 -4.20000e-02  1.66855e-01     1.721e-03
 0.00000e+00 -4.20000e-02  1.66855e-01     1.721e-03
 1.02000e-01 -4.20000e-02  1.66855e-01     1.721e-03
 2.04000e-01 -4.20000e-02  1.66855e-01     1.721e-03
 3.06000e-01 -4.20000e-02  1.66855e-01     1.721e-03
 4.08000e-01 -4.20000e-02  1.66855e-01     1.721e-03
 5.10000e-01 -4.20000e-02  1.66855e-01     0.000e+00
-5.10000e-01  0.00000e+00  1.66855e-01     0.000e+00
-4.08000e-01  0.00000e+00  1.66855e-01     1.722e-03
-3.06000e-01  0.00000e+00  1.66855e-01     1.722e-03
-2.04000e-01  0.00000e+00  1.66855e-01     1.722e-03
-1.02000e-01  0.00000e+00  1.66855e-01     1.722e-03
 0.00000e+00  0.00000e+00  1.66855e-01     1.722e-03
 1.02000e-01  0.00000e+00  1.66855e-01     1.722e-03
 2.04000e-01  0.00000e+00  1.66855e-01     1.722e-03
 3.06000e-01  0.00000e+00  1.66855e-01     1.722e-03
 4.08000e-01  0.00000e+00  1.66855e-01     1.722e-03
 5.10000e-01  0.00000e+00  1.66855e-01     0.000e+00
-5.10000e-01  4.20000e-02  1.66855e-01     0.000e+00
-4.08000e-01  4.20000e-02  1.66855e-01     1.721e-03
-3.06000e-01  4.20000e-02  1.66855e-01     1.721e-03
-2.04000e-01  4.20000e-02  1.66855e-01     1.721e-03
-1.02000e-01  4.20000e-02  1.66855e-01     1.721e-03
 0.00000e+00  4.20000e-02  1.66855e-01     1.721e-03
 1.02000e-01  4.20000e-02  1.66855e-01     1.721e-03
 2.04000e-01  4.20000e-02  1.66855e-01     1.721e-03
 3.06000e-01  4.20000e-02  1.66855e-01     1.721e-03
 4.08000e-01  4.20000e-02  1.66855e-01     1.721e-03
 5.10000e-01  4.20000e-02  1.66855e-01     0.000e+00
-5.10000e-01  8.40000e-02  1.66855e-01     0.000e+00
-4.08000e-01  8.40000e-02  1.66855e-01     1.717e-03
-3.06000e-01  8.40000e-02  1.66855e-01     1.717e-03
-2.04000e-01  8.40000e-02  1.66855e-01     1.717e-03
-1.02000e-01  8.40000e-02  1.66855e-01     1.717e-03
 0.00000e+00  8.40000e-02  1.66855e-01     1.717e-03
 1.02000e-01  8.40000e-02  1.66855e-01     1.717e-03
 2.04000e-01  8.40000e-02  1.66855e-01     1.717e-03
 3.06000e-01  8.40000e-02  1.66855e-01     1.717e-03
 4.08000e-01  8.40000e-02  1.66855e-01     1.717e-03
 5.10000e-01  8.40000e-02  1.66855e-01     0.000e+00
-5.10000e-01  1.26000e-01  1.66855e-01     0.000e+00
-4.08000e-01  1.26000e-01  1.66855e-01     1.711e-03
-3.06000e-01  1.26000e-01  1.66855e-01     1.711e-03
-2.04000e-01  1.26000e-01  1.66855e-01     1.711e-03
-1.02000e-01  1.26000e-01  1.66855e-01     1.711e-03
 0.00000e+00  1.26000e-01  1.66855e-01     1.711e-03
 1.02000e-01  1.26000e-01  1.66855e-01     1.711e-03
 2.04000e-01  1.26000e-01  1.66855e-01     1.711e-03
 3.06000e-01  1.26000e-01  1.66855e-01     1.711e-03
 4.08000e-01  1.26000e-01  1.66855e-01     1.711e-03
 5.10000e-01  1.26000e-01  1.66855e-01     0.000e+00
-5.10000e-01  1.68000e-01  1.66855e-01     0.000e+00
-4.08000e-01  1.68000e-01  1.66855e-01     1.703e-03
-3.06000e-01  1.68000e-01  1.66855e-01     1.703e-03
-2.04000e-01  1.68000e-01  1.66855e-01     1.703e-03
-1.02000e-01  1.68000e-01  1.66855e-01     1.703e-03
 0.00000e+00  1.68000e-01  1.66855e-01     1.703e-03
 1.02000e-01  1.68000e-01  1.66855e-01     1.703e-03
 2.04000e-01  1.68000e-01  1.66855e-01     1.703e-03
 3.06000e-01  1.68000e-01  1.66855e-01     1.703e-03
 4.08000e-01  1.68000e-01  1.66855e-01     1.703e-03
 5.10000e-01  1.68000e-01  1.66855e-01     0.000e+00
-5.10000e-01  2.10000e-01  1.66855e-01     0.000e+00
-4.08000e-01  2.10000e-01  1.66855e-01     0.000e+00
-3.06000e-01  2.10000e-01  1.66855e-01     0.000e+00
-2.04000e-01  2.10000e-01  1.66855e-01     0.000e+00
-1.02000e-01  2.10000e-01  1.66855e-01     0.000e+00
 0.00000e+00  2.10000e-01  1.66855e-01     0.000e+00
 1.02000e-01  2.10000e-01  1.66855e-01     0.000e+00
 2.04000e-01  2.10000e-01  1.66855e-01     0.000e+00
 3.06000e-01  2.10000e-01  1.66855e-01     0.000e+00
 4.08000e-01  2.10000e-01  1.66855e-01     0.000e+00
 5.10000e-01  2.10000e-01  1.66855e-01     0.000e+00
-5.10000e-01 -2.10000e-01  1.70482e-01     0.000e+00
-4.08000e-01 -2.10000e-01  1.70482e-01     0.000e+00
-3.06000e-01 -2.10000e-01  1.70482e-01     0.000e+00
-2.04000e-01 -2.10000e-01  1.70482e-01     0.000e+00
-1.02000e-01 -2.10000e-01  1.70482e-01     0.000e+00
 0.00000e+00 -2.10000e-01  1.70482e-01     0.000e+00
 1.02000e-01 -2.10000e-01  1.70482e-01     0.000e+00
 2.04000e-01 -2.10000e-01  1.70482e-01     0.000e+00
 3.06000e-01 -2.10000e-01  1.70482e-01     0.000e+00
 4.08000e-01 -2.10000e-01  1.70482e-01     0.000e+00
 5.10000e-01 -2.10000e-01  1.70482e-01     0.000e+00
-5.10000e-01 -1.68000e-01  1.70482e-01     0.000e+00
-4.08000e-01 -1.68000e-01  1.70482e-01     1.663e-03
-3.06000e-01 -1.68000e-01  1.70482e-01     1.663e-03
-2.04000e-01 -1.68000e-01  1.70482e-01     1.663e-03
-1.02000e-01 -1.68000e-01  1.70482e-01     1.663e-03
 0.00000e+00 -1.68000e-01  1.70482e-01     1.663e-03
 1.02000e-01 -1.68000e-01  1.70482e-01     1.663e-03
 2.04000e-01 -1.68000e-01  1.70482e-01     1.663e-03
 3.06000e-01 -1.68000e-01  1.70482e-01     1.663e-03
 4.08000e-01 -1.68000e-01  1.70482e-01     1.663e-03
 5.10000e-01 -1.68000e-01  1.70482e-01     0.000e+00
-5.10000e-01 -1.26000e-01  1.70482e-01     0.000e+00
-4.08000e-01 -1.26000e-01  1.70482e-01     1.671e-03
-3.06000e-01 -1.26000e-01  1.70482e-01     1.671e-03
-2.04000e-01 -1.26000e-01  1.70482e-01     1.671e-03
-1.02000e-01 -1.26000e-01  1.70482e-01     1.671e-03
 0.00000e+00 -1.26000e-01  1.70482e-01     1.671e-03
 1.02000e-01 -1.26000e-01  1.70482e-01     1.671e-03
 2.04000e-01 -1.26000e-01  1.70482e-01     1.671e-03
 3.06000e-01 -1.26000e-01  1.70482e-01     1.671e-03
 4.08000e-01 -1.26000e-01  1.70482e-01     1.671e-03
 5.10000e-01 -1.26000e-01  1.70482e-01     0.000e+00
-5.10000e-01 -8.40000e-02  1.70482e-01     0.000e+00
-4.08000e-01 -8.40000e-02  1.70482e-01     1.677e-03
-3.06000e-01 -8.40000e-02  1.70482e-01     1.677e-03
-2.04000e-01 -8.40000e-02  1.70482e-01     1.677e-03
-1.02000e-01 -8.40000e-02  1.70482e-01     1.677e-03
 0.00000e+00 -8.40000e-02  1.70482e-01     1.677e-03
 1.02000e-01 -8.40000e-02  1.70482e-01     1.677e-03
 2.04000e-01 -8.40000e-02  1.70482e-01     1.677e-03
 3.06000e-01 -8.40000e-02  1.70482e-01     1.677e-03
 4.08000e-01 -8.40000e-02  1.70482e-01     1.677e-03
 5.10000e-01 -8.40000e-02  1.70482e-01     0.000e+00
-5.10000e-01 -4.20000e-02  1.70482e-01     0.000e+00
-4.08000e-01 -4.20000e-02  1.70482e-01     1.680e-03
-3.06000e-01 -4.20000e-02  1.70482e-01     1.680e-03
-2.04000e-01 -4.20000e-02  1.70482e-01     1.680e-03
-1.02000e-01 -4.20000e-02  1.70482e-01     1.680e-03
 0.00000e+00 -4.20000e-02  1.70482e-01     1.680e-03
 1.02000e-01 -4.20000e-02  1.70482e-01     1.680e-03
 2.04000e-01 -4.20000e-02  1.70482e-01     1.680e-03
 3.06000e-01 -4.20000e-02  1.70482e-01     1.680e-03
 4.08000e-01 -4.20000e-02  1.70482e-01     1.680e-03
 5.10000e-01 -4.20000e-02  1.70482e-01     0.000e+00
-5.10000e-01  0.00000e+00  1.70482e-01     0.000e+00
-4.08000e-01  0.00000e+00  1.70482e-01     1.682e-03
-3.06000e-01  0.00000e+00  1.70482e-01     1.682e-03
-2.04000e-01  0.00000e+00  1.70482e-01     1.682e-03
-1.02000e-01  0.00000e+00  1.70482e-01     1.682e-03
 0.00000e+00  0.00000e+00  1.70482e-01     1.682e-03
 1.02000e-01  0.00000e+00  1.70482e-01     1.682e-03
 2.04000e-01  0.00000e+00  1.70482e-01     1.682e-03
 3.06000e-01  0.00000e+00  1.70482e-01     1.682e-03
 4.08000e-01  0.00000e+00  1.70482e-01     1.682e-03
 5.10000e-01  0.00000e+00  1.70482e-01     0.000e+00
-5.10000e-01  4.20000e-02  1.70482e-01     0.000e+00
-4.08000e-01  4.20000e-02  1.70482e-01     1.680e-03
-3.06000e-01  4.20000e-02  1.70482e-01     1.680e-03
-2.04000e-01  4.20000e-02  1.70482e-01     1.680e-03
-1.02000e-01  4.20000e-02  1.70482e-01     1.680e-03
 0.00000e+00  4.20000e-02  1.70482e-01     1.680e-03
 1.02000e-01  4.20000e-02  1.70482e-01     1.680e-03
 2.04000e-01  4.20000e-02  1.70482e-01     1.680e-03
 3.06000e-01  4.20000e-02  1.70482e-01     1.680e-03
 4.08000e-01  4.20000e-02  1.70482e-01     1.680e-03
 5.10000e-01  4.20000e-02  1.70482e-01     0.000e+00
-5.10000e-01  8.40000e-02  1.70482e-01     0.000e+00
-4.08000e-01  8.40000e-02  1.70482e-01     1.677e-03
-3.06000e-01  8.40000e-02  1.70482e-01     1.677e-03
-2.04000e-01  8.40000e-02  1.70482e-01     1.677e-03
-1.02000e-01  8.40000e-02  1.70482e-01     1.677e-03
 0.00000e+00  8.40000e-02  1.70482e-01     1.677e-03
 1.02000e-01  8.40000e-02  1.70482e-01     1.677e-03
 2.04000e-01  8.40000e-02  1.70482e-01     1.677e-03
 3.06000e-01  8.40000e-02  1.70482e-01     1.677e-03
 4.08000e-01  8.40000e-02  1.70482e-01     1.677e-03
 5.10000e-01  8.40000e-02  1.70482e-01     0.000e+00
-5.10000e-01  1.26000e-01  1.70482e-01     0.000e+00
-4.08000e-01  1.26000e-01  1.70482e-01     1.671e-03
-3.06000e-01  1.26000e-01  1.70482e-01     1.671e-03
-2.04000e-01  1.26000e-01  1.70482e-01     1.671e-03
-1.02000e-01  1.26000e-01  1.70482e-01     1.671e-03
 0.00000e+00  1.26000e-01  1.70482e-01     1.671e-03
 1.02000e-01  1.26000e-01  1.70482e-01     1.671e-03
 2.04000e-01  1.26000e-01  1.70482e-01     1.671e-03
 3.06000e-01  1.26000e-01  1.70482e-01     1.671e-03
 4.08000e-01  1.26000e-01  1.70482e-01     1.671e-03
 5.10000e-01  1.26000e-01  1.70482e-01     0.000e+00
-5.10000e-01  1.68000e-01  1.70482e-01     0.000e+00
-4.08000e-01  1.68000e-01  1.70482e-01     1.663e-03
-3.06000e-01  1.68000e-01  1.70482e-01     1.663e-03
-2.04000e-01  1.68000e-01  1.70482e-01     1.663e-03
-1.02000e-01  1.68000e-01  1.70482e-01     1.663e-03
 0.00000e+00  1.68000e-01  1.70482e-01     1.663e-03
 1.02000e-01  1.68000e-01  1.70482e-01     1.663e-03
 2.04000e-01  1.68000e-01  1.70482e-01     1.663e-03
 3.06000e-01  1.68000e-01  1.70482e-01     1.663e-03
 4.08000e-01  1.68000e-01  1.70482e-01     1.663e-03
 5.10000e-01  1.68000e-01  1.70482e-01     0.000e+00
-5.10000e-01  2.10000e-01  1.70482e-01     0.000e+00
-4.08000e-01  2.10000e-01  1.70482e-01     0.000e+00
-3.06000e-01  2.10000e-01  1.70482e-01     0.000e+00
-2.04000e-01  2.10000e-01  1.70482e-01     0.000e+00
-1.02000e-01  2.10000e-01  1.70482e-01     0.000e+00
 0.00000e+00  2.10000e-01  1.70482e-01     0.000e+00
 1.02000e-01  2.10000e-01  1.70482e-01     0.000e+00
 2.04000e-01  2.10000e-01  1.70482e-01     0.000e+00
 3.06000e-01  2.10000e-01  1.70482e-01     0.000e+00
 4.08000e-01  2.10000e-01  1.70482e-01     0.000e+00
 5.10000e-01  2.10000e-01  1.70482e-01     0.000e+00
-5.10000e-01 -2.10000e-01  1.74109e-01     0.000e+00
-4.08000e-01 -2.10000e-01  1.74109e-01     0.000e+00
-3.06000e-01 -2.10000e-01  1.74109e-01     0.000e+00
-2.04000e-01 -2.10000e-01  1.74109e-01     0.000e+00
-1.02000e-01 -2.10000e-01  1.74109e-01     0.000e+00
 0.00000e+00 -2.10000e-01  1.74109e-01     0.000e+00
 1.02000e-01 -2.10000e-01  1.74109e-01     0.000e+00
 2.04000e-01 -2.10000e-01  1.74109e-01     0.000e+00
 3.06000e-01 -2.10000e-01  1.74109e-01     0.000e+00
 4.08000e-01 -2.10000e-01  1.74109e-01     0.000e+00
 5.10000e-01 -2.10000e-01  1.74109e-01     0.000e+00
-5.10000e-01 -1.68000e-01  1.74109e-01     0.000e+00
-4.08000e-01 -1.68000e-01  1.74109e-01     1.625e-03
-3.06000e-01 -1.68000e-01  1.74109e-01     1.625e-03
-2.04000e-01 -1.68000e-01  1.74109e-01     1.625e-03
-1.02000e-01 -1.68000e-01  1.74109e-01     1.625e-03
 0.00000e+00 -1.68000e-01  1.74109e-01     1.625e-03
 1.02000e-01 -1.68000e-01  1.74109e-01     1.625e-03
 2.04000e-01 -1.68000e-01  1.74109e-01     1.625e-03
 3.06000e-01 -1.68000e-01  1.74109e-01     1.625e-03
 4.08000e-01 -1.68000e-01  1.74109e-01     1.625e-03
 5.10000e-01 -1.68000e-01  1.74109e-01     0.000e+00
-5.10000e-01 -1.26000e-01  1.74109e-01     0.000e+00
-4.08000e-01 -1.26000e-01  1.74109e-01     1.633e-03
-3.06000e-01 -1.26000e-01  1.74109e-01     1.633e-03
-2.04000e-01 -1.26000e-01  1.74109e-01     1.633e-03
-1.02000e-01 -1.26000e-01  1.74109e-01     1.633e-03
 0.00000e+00 -1.26000e-01  1.74109e-01     1.633e-03
 1.02000e-01 -1.26000e-01  1.74109e-01     1.633e-03
 2.04000e-01 -1.26000e-01  1.74109e-01     1.633e-03
 3.06000e-01 -1.26000e-01  1.74109e-01     1.633e-03
 4.08000e-01 -1.26000e-01  1.74109e-01     1.633e-03
 5.10000e-01 -1.26000e-01  1.74109e-01     0.000e+00
-5.10000e-01 -8.40000e-02  1.74109e-01     0.000e+00
-4.08000e-01 -8.40000e-02  1.74109e-01     1.638e-03
-3.06000e-01 -8.40000e-02  1.74109e-01     1.638e-03
-2.04000e-01 -8.40000e-02  1.74109e-01     1.638e-03
-1.02000e-01 -8.40000e-02  1.74109e-01     1.638e-03
 0.00000e+00 -8.40000e-02  1.74109e-01     1.638e-03
 1.02000e-01 -8.40000e-02  1.74109e-01     1.638e-03
 2.04000e-01 -8.40000e-02  1.74109e-01     1.638e-03
 3.06000e-01 -8.40000e-02  1.74109e-01     1.638e-03
 4.08000e-01 -8.40000e-02  1.74109e-01     1.638e-03
 5.10000e-01 -8.40000e-02  1.74109e-01     0.000e+00
-5.10000e-01 -4.20000e-02  1.74109e-01     0.000e+00
-4.08000e-01 -4.20000e-02  1.74109e-01     1.642e-03
-3.06000e-01 -4.20000e-02  1.74109e-01     1.642e-03
-2.04000e-01 -4.20000e-02  1.74109e-01     1.642e-03
-1.02000e-01 -4.20000e-02  1.74109e-01     1.642e-03
 0.00000e+00 -4.20000e-02  1.74109e-01     1.642e-03
 1.02000e-01 -4.20000e-02  1.74109e-01     1.642e-03
 2.04000e-01 -4.20000e-02  1.74109e-01     1.642e-03
 3.06000e-01 -4.20000e-02  1.74109e-01     1.642e-03
 4.08000e-01 -4.20000e-02  1.74109e-01     1.642e-03
 5.10000e-01 -4.20000e-02  1.74109e-01     0.000e+00
-5.10000e-01  0.00000e+00  1.74109e-01     0.000e+00
-4.08000e-01  0.00000e+00  1.74109e-01     1.643e-03
-3.06000e-01  0.00000e+00  1.74109e-01     1.643e-03
-2.04000e-01  0.00000e+00  1.74109e-01     1.643e-03
-1.02000e-01  0.00000e+00  1.74109e-01     1.643e-03
 0.00000e+00  0.00000e+00  1.74109e-01     1.643e-03
 1.02000e-01  0.00000e+00  1.74109e-01     1.643e-03
 2.04000e-01  0.00000e+00  1.74109e-01     1.643e-03
 3.06000e-01  0.00000e+00  1.74109e-01     1.643e-03
 4.08000e-01  0.00000e+00  1.74109e-01     1.643e-03
 5.10000e-01  0.00000e+00  1.74109e-01     0.000e+00
-5.10000e-01  4.20000e-02  1.74109e-01     0.000e+00
-4.08000e-01  4.20000e-02  1.74109e-01     1.642e-03
-3.06000e-01  4.20000e-02  1.74109e-01     1.642e-03
-2.04000e-01  4.20000e-02  1.74109e-01     1.642e-03
-1.02000e-01  4.20000e-02  1.74109e-01     1.642e-03
 0.00000e+00  4.20000e-02  1.74109e-01     1.642e-03
 1.02000e-01  4.20000e-02  1.74109e-01     1.642e-03
 2.04000e-01  4.20000e-02  1.74109e-01     1.642e-03
 3.06000e-01  4.20000e-02  1.74109e-01     1.642e-03
 4.08000e-01  4.20000e-02  1.74109e-01     1.642e-03
 5.10000e-01  4.20000e-02  1.74109e-01     0.000e+00
-5.10000e-01  8.40000e-02  1.74109e-01     0.000e+00
-4.08000e-01  8.40000e-02  1.74109e-01     1.638e-03
-3.06000e-01  8.40000e-02  1.74109e-01     1.638e-03
-2.04000e-01  8.40000e-02  1.74109e-01     1.638e-03
-1.02000e-01  8.40000e-02  1.74109e-01     1.638e-03
 0.00000e+00  8.40000e-02  1.74109e-01     1.638e-03
 1.02000e-01  8.40000e-02  1.74109e-01     1.638e-03
 2.04000e-01  8.40000e-02  1.74109e-01     1.638e-03
 3.06000e-01  8.40000e-02  1.74109e-01     1.638e-03
 4.08000e-01  8.40000e-02  1.74109e-01     1.638e-03
 5.10000e-01  8.40000e-02  1.74109e-01     0.000e+00
-5.10000e-01  1.26000e-01  1.74109e-01     0.000e+00
-4.08000e-01  1.26000e-01  1.74109e-01     1.633e-03
-3.06000e-01  1.26000e-01  1.74109e-01     1.633e-03
-2.04000e-01  1.26000e-01  1.74109e-01     1.633e-03
-1.02000e-01  1.26000e-01  1.74109e-01     1.633e-03
 0.00000e+00  1.26000e-01  1.74109e-01     1.633e-03
 1.02000e-01  1.26000e-01  1.74109e-01     1.633e-03
 2.04000e-01  1.26000e-01  1.74109e-01     1.633e-03
 3.06000e-01  1.26000e-01  1.74109e-01     1.633e-03
 4.08000e-01  1.26000e-01  1.74109e-01     1.633e-03
 5.10000e-01  1.26000e-01  1.74109e-01     0.000e+00
-5.10000e-01  1.68000e-01  1.74109e-01     0.000e+00
-4.08000e-01  1.68000e-01  1.74109e-01     1.625e-03
-3.06000e-01  1.68000e-01  1.74109e-01     1.625e-03
-2.04000e-01  1.68000e-01  1.74109e-01     1.625e-03
-1.02000e-01  1.68000e-01  1.74109e-01     1.625e-03
 0.00000e+00  1.68000e-01  1.74109e-01     1.625e-03
 1.02000e-01  1.68000e-01  1.74109e-01     1.625e-03
 2.04000e-01  1.68000e-01  1.74109e-01     1.625e-03
 3.06000e-01  1.68000e-01  1.74109e-01     1.625e-03
 4.08000e-01  1.68000e-01  1.74109e-01     1.625e-03
 5.10000e-01  1.68000e-01  1.74109e-01     0.000e+00
-5.10000e-01  2.10000e-01  1.74109e-01     0.000e+00
-4.08000e-01  2.10000e-01  1.74109e-01     0.000e+00
-3.06000e-01  2.10000e-01  1.74109e-01     0.000e+00
-2.04000e-01  2.10000e-01  1.74109e-01     0.000e+00
-1.02000e-01  2.10000e-01  1.74109e-01     0.000e+00
 0.00000e+00  2.10000e-01  1.74109e-01     0.000e+00
 1.02000e-01  2.10000e-01  1.74109e-01     0.000e+00
 2.04000e-01  2.10000e-01  1.74109e-01     0.000e+00
 3.06000e-01  2.10000e-01  1.74109e-01     0.000e+00
 4.08000e-01  2.10000e-01  1.74109e-01     0.000e+00
 5.10000e-01  2.10000e-01  1.74109e-01     0.000e+00
-5.10000e-01 -2.10000e-01  1.77736e-01     0.000e+00
-4.08000e-01 -2.10000e-01  1.77736e-01     0.000e+00
-3.06000e-01 -2.10000e-01  1.77736e-01     0.000e+00
-2.04000e-01 -2.10000e-01  1.77736e-01     0.000e+00
-1.02000e-01 -2.10000e-01  1.77736e-01     0.000e+00
 0.00000e+00 -2.10000e-01  1.77736e-01     0.000e+00
 1.02000e-01 -2.10000e-01  1.77736e-01     0.000e+00
 2.04000e-01 -2.10000e-01  1.77736e-01     0.000e+00
 3.06000e-01 -2.10000e-01  1.77736e-01     0.000e+00
 4.08000e-01 -2.10000e-01  1.77736e-01     0.000e+00
 5.10000e-01 -2.10000e-01  1.77736e-01     0.000e+00
-5.10000e-01 -1.68000e-01  1.77736e-01     0.000e+00
-4.08000e-01 -1.68000e-01  1.77736e-01     1.588e-03
-3.06000e-01 -1.68000e-01  1.77736e-01     1.588e-03
-2.04000e-01 -1.68000e-01  1.77736e-01     1.588e-03
-1.02000e-01 -1.68000e-01  1.77736e-01     1.588e-03
 0.00000e+00 -1.68000e-01  1.77736e-01     1.588e-03
 1.02000e-01 -1.68000e-01  1.77736e-01     1.588e-03
 2.04000e-01 -1.68000e-01  1.77736e-01     1.588e-03
 3.06000e-01 -1.68000e-01  1.77736e-01     1.588e-03
 4.08000e-01 -1.68000e-01  1.77736e-01     1.588e-03
 5.10000e-01 -1.68000e-01  1.77736e-01     0.000e+00
-5.10000e-01 -1.26000e-01  1.77736e-01     0.000e+00
-4.08000e-01 -1.26000e-01  1.77736e-01     1.596e-03
-3.06000e-01 -1.26000e-01  1.77736e-01     1.596e-03
-2.04000e-01 -1.26000e-01  1.77736e-01     1.596e-03
-1.02000e-01 -1.26000e-01  1.77736e-01     1.596e-03
 0.00000e+00 -1.26000e-01  1.77736e-01     1.596e-03
 1.02000e-01 -1.26000e-01  1.77736e-01     1.596e-03
 2.04000e-01 -1.26000e-01  1.77736e-01     1.596e-03
 3.06000e-01 -1.26000e-01  1.77736e-01     1.596e-03
 4.08000e-01 -1.26000e-01  1.77736e-01     1.596e-03
 5.10000e-01 -1.26000e-01  1.77736e-01     0.000e+00
-5.10000e-01 -8.40000e-02  1.77736e-01     0.000e+00
-4.08000e-01 -8.40000e-02  1.77736e-01     1.601e-03
-3.06000e-01 -8.40000e-02  1.77736e-01     1.601e-03
-2.04000e-01 -8.40000e-02  1.77736e-01     1.601e-03
-1.02000e-01 -8.40000e-02  1.77736e-01     1.601e-03
 0.00000e+00 -8.40000e-02  1.77736e-01     1.601e-03
 1.02000e-01 -8.40000e-02  1.77736e-01     1.601e-03
 2.04000e-01 -8.40000e-02  1.77736e-01     1.601e-03
 3.06000e-01 -8.40000e-02  1.77736e-01     1.601e-03
 4.08000e-01 -8.40000e-02  1.77736e-01     1.601e-03
 5.10000e-01 -8.40000e-02  1.77736e-01     0.000e+00
-5.10000e-01 -4.20000e-02  1.77736e-01     0.000e+00
-4.08000e-01 -4.20000e-02  1.77736e-01     1.605e-03
-3.06000e-01 -4.20000e-02  1.77736e-01     1.605e-03
-2.04000e-01 -4.20000e-02  1.77736e-01     1.605e-03
-1.02000e-01 -4.20000e-02  1.77736e-01     1.605e-03
 0.00000e+00 -4.20000e-02  1.77736e-01     1.605e-03
 1.02000e-01 -4.20000e-02  1.77736e-01     1.605e-03
 2.04000e-01 -4.20000e-02  1.77736e-01     1.605e-03
 3.06000e-01 -4.20000e-02  1.77736e-01     1.605e-03
 4.08000e-01 -4.20000e-02  1.77736e-01     1.605e-03
 5.10000e-01 -4.20000e-02  1.77736e-01     0.000e+00
-5.10000e-01  0.00000e+00  1.77736e-01     0.000e+00
-4.08000e-01  0.00000e+00  1.77736e-01     1.606e-03
-3.06000e-01  0.00000e+00  1.77736e-01     1.606e-03
-2.04000e-01  0.00000e+00  1.77736e-01     1.606e-03
-1.02000e-01  0.00000e+00  1.77736e-01     1.606e-03
 0.00000e+00  0.00000e+00  1.77736e-01     1.606e-03
 1.02000e-01  0.00000e+00  1.77736e-01     1.606e-03
 2.04000e-01  0.00000e+00  1.77736e-01     1.606e-03
 3.06000e-01  0.00000e+00  1.77736e-01     1.606e-03
 4.08000e-01  0.00000e+00  1.77736e-01     1.606e-03
 5.10000e-01  0.00000e+00  1.77736e-01     0.000e+00
-5.10000e-01  4.20000e-02  1.77736e-01     0.000e+00
-4.08000e-01  4.20000e-02  1.77736e-01     1.605e-03
-3.06000e-01  4.20000e-02  1.77736e-01     1.605e-03
-2.04000e-01  4.20000e-02  1.77736e-01     1.605e-03
-1.02000e-01  4.20000e-02  1.77736e-01     1.605e-03
 0.00000e+00  4.20000e-02  1.77736e-01     1.605e-03
 1.02000e-01  4.20000e-02  1.77736e-01     1.605e-03
 2.04000e-01  4.20000e-02  1.77736e-01     1.605e-03
 3.06000e-01  4.20000e-02  1.77736e-01     1.605e-03
 4.08000e-01  4.20000e-02  1.77736e-01     1.605e-03
 5.10000e-01  4.20000e-02  1.77736e-01     0.000e+00
-5.10000e-01  8.40000e-02  1.77736e-01     0.000e+00
-4.08000e-01  8.40000e-02  1.77736e-01     1.601e-03
-3.06000e-01  8.40000e-02  1.77736e-01     1.601e-03
-2.04000e-01  8.40000e-02  1.77736e-01     1.601e-03
-1.02000e-01  8.40000e-02  1.77736e-01     1.601e-03
 0.00000e+00  8.40000e-02  1.77736e-01     1.601e-03
 1.02000e-01  8.40000e-02  1.77736e-01     1.601e-03
 2.04000e-01  8.40000e-02  1.77736e-01     1.601e-03
 3.06000e-01  8.40000e-02  1.77736e-01     1.601e-03
 4.08000e-01  8.40000e-02  1.77736e-01     1.601e-03
 5.10000e-01  8.40000e-02  1.77736e-01     0.000e+00
-5.10000e-01  1.26000e-01  1.77736e-01     0.000e+00
-4.08000e-01  1.26000e-01  1.77736e-01     1.596e-03
-3.06000e-01  1.26000e-01  1.77736e-01     1.596e-03
-2.04000e-01  1.26000e-01  1.77736e-01     1.596e-03
-1.02000e-01  1.26000e-01  1.77736e-01     1.596e-03
 0.00000e+00  1.26000e-01  1.77736e-01     1.596e-03
 1.02000e-01  1.26000e-01  1.77736e-01     1.596e-03
 2.04000e-01  1.26000e-01  1.77736e-01     1.596e-03
 3.06000e-01  1.26000e-01  1.77736e-01     1.596e-03
 4.08000e-01  1.26000e-01  1.77736e-01     1.596e-03
 5.10000e-01  1.26000e-01  1.77736e-01     0.000e+00
-5.10000e-01  1.68000e-01  1.77736e-01     0.000e+00
-4.08000e-01  1.68000e-01  1.77736e-01     1.588e-03
-3.06000e-01  1.68000e-01  1.77736e-01     1.588e-03
-2.04000e-01  1.68000e-01  1.77736e-01     1.588e-03
-1.02000e-01  1.68000e-01  1.77736e-01     1.588e-03
 0.00000e+00  1.68000e-01  1.77736e-01     1.588e-03
 1.02000e-01  1.68000e-01  1.77736e-01     1.588e-03
 2.04000e-01  1.68000e-01  1.77736e-01     1.588e-03
 3.06000e-01  1.68000e-01  1.77736e-01     1.588e-03
 4.08000e-01  1.68000e-01  1.77736e-01     1.588e-03
 5.10000e-01  1.68000e-01  1.77736e-01     0.000e+00
-5.10000e-01  2.10000e-01  1.77736e-01     0.000e+00
-4.08000e-01  2.10000e-01  1.77736e-01     0.000e+00
-3.06000e-01  2.10000e-01  1.77736e-01     0.000e+00
-2.04000e-01  2.10000e-01  1.77736e-01     0.000e+00
-1.02000e-01  2.10000e-01  1.77736e-01     0.000e+00
 0.00000e+00  2.10000e-01  1.77736e-01     0.000e+00
 1.02000e-01  2.10000e-01  1.77736e-01     0.000e+00
 2.04000e-01  2.10000e-01  1.77736e-01     0.000e+00
 3.06000e-01  2.10000e-01  1.77736e-01     0.000e+00
 4.08000e-01  2.10000e-01  1.77736e-01     0.000e+00
 5.10000e-01  2.10000e-01  1.77736e-01     0.000e+00
-5.10000e-01 -2.10000e-01  1.81364e-01     0.000e+00
-4.08000e-01 -2.10000e-01  1.81364e-01     0.000e+00
-3.06000e-01 -2.10000e-01  1.81364e-01     0.000e+00
-2.04000e-01 -2.10000e-01  1.81364e-01     0.000e+00
-1.02000e-01 -2.10000e-01  1.81364e-01     0.000e+00
 0.00000e+00 -2.10000e-01  1.81364e-01     0.000e+00
 1.02000e-01 -2.10000e-01  1.81364e-01     0.000e+00
 2.04000e-01 -2.10000e-01  1.81364e-01     0.000e+00
 3.06000e-01 -2.10000e-01  1.81364e-01     0.000e+00
 4.08000e-01 -2.10000e-01  1.81364e-01     0.000e+00
 5.10000e-01 -2.10000e-01  1.81364e-01     0.000e+00
-5.10000e-01 -1.68000e-01  1.81364e-01     0.000e+00
-4.08000e-01 -1.68000e-01  1.81364e-01     1.552e-03
-3.06000e-01 -1.68000e-01  1.81364e-01     1.552e-03
-2.04000e-01 -1.68000e-01  1.81364e-01     1.552e-03
-1.02000e-01 -1.68000e-01  1.81364e-01     1.552e-03
 0.00000e+00 -1.68000e-01  1.81364e-01     1.552e-03
 1.02000e-01 -1.68000e-01  1.81364e-01     1.552e-03
 2.04000e-01 -1.68000e-01  1.81364e-01     1.552e-03
 3.06000e-01 -1.68000e-01  1.81364e-01     1.552e-03
 4.08000e-01 -1.68000e-01  1.81364e-01     1.552e-03
 5.10000e-01 -1.68000e-01  1.81364e-01     0.000e+00
-5.10000e-01 -1.26000e-01  1.81364e-01     0.000e+00
-4.08000e-01 -1.26000e-01  1.81364e-01     1.560e-03
-3.06000e-01 -1.26000e-01  1.81364e-01     1.560e-03
-2.04000e-01 -1.26000e-01  1.81364e-01     1.560e-03
-1.02000e-01 -1.26000e-01  1.81364e-01     1.560e-03
 0.00000e+00 -1.26000e-01  1.81364e-01     1.560e-03
 1.02000e-01 -1.26000e-01  1.81364e-01     1.560e-03
 2.04000e-01 -1.26000e-01  1.81364e-01     1.560e-03
 3.06000e-01 -1.26000e-01  1.81364e-01     1.560e-03
 4.08000e-01 -1.26000e-01  1.81364e-01     1.560e-03
 5.10000e-01 -1.26000e-01  1.81364e-01     0.000e+00
-5.10000e-01 -8.40000e-02  1.81364e-01     0.000e+00
-4.08000e-01 -8.40000e-02  1.81364e-01     1.565e-03
-3.06000e-01 -8.40000e-02  1.81364e-01     1.565e-03
-2.04000e-01 -8.40000e-02  1.81364e-01     1.565e-03
-1.02000e-01 -8.40000e-02  1.81364e-01     1.565e-03
 0.00000e+00 -8.40000e-02  1.81364e-01     1.565e-03
 1.02000e-01 -8.40000e-02  1.81364e-01     1.565e-03
 2.04000e-01 -8.40000e-02  1.81364e-01     1.565e-03
 3.06000e-01 -8.40000e-02  1.81364e-01     1.565e-03
 4.08000e-01 -8.40000e-02  1.81364e-01     1.565e-03
 5.10000e-01 -8.40000e-02  1.81364e-01     0.000e+00
-5.10000e-01 -4.20000e-02  1.81364e-01     0.000e+00
-4.08000e-01 -4.20000e-02  1.81364e-01     1.569e-03
-3.06000e-01 -4.20000e-02  1.81364e-01     1.569e-03
-2.04000e-01 -4.20000e-02  1.81364e-01     1.569e-03
-1.02000e-01 -4.20000e-02  1.81364e-01     1.569e-03
 0.00000e+00 -4.20000e-02  1.81364e-01     1.569e-03
 1.02000e-01 -4.20000e-02  1.81364e-01     1.569e-03
 2.04000e-01 -4.20000e-02  1.81364e-01     1.569e-03
 3.06000e-01 -4.20000e-02  1.81364e-01     1.569e-03
 4.08000e-01 -4.20000e-02  1.81364e-01     1.569e-03
 5.10000e-01 -4.20000e-02  1.81364e-01     0.000e+00
-5.10000e-01  0.00000e+00  1.81364e-01     0.000e+00
-4.08000e-01  0.00000e+00  1.81364e-01     1.570e-03
-3.06000e-01  0.00000e+00  1.81364e-01     1.570e-03
-2.04000e-01  0.00000e+00  1.81364e-01     1.570e-03
-1.02000e-01  0.00000e+00  1.81364e-01     1.570e-03
 0.00000e+00  0.00000e+00  1.81364e-01     1.570e-03
 1.02000e-01  0.00000e+00  1.81364e-01     1.570e-03
 2.04000e-01  0.00000e+00  1.81364e-01     1.570e-03
 3.06000e-01  0.00000e+00  1.81364e-01     1.570e-03
 4.08000e-01  0.00000e+00  1.81364e-01     1.570e-03
 5.10000e-01  0.00000e+00  1.81364e-01     0.000e+00
-5.10000e-01  4.20000e-02  1.81364e-01     0.000e+00
-4.08000e-01  4.20000e-02  1.81364e-01     1.569e-03
-3.06000e-01  4.20000e-02  1.81364e-01     1.569e-03
-2.04000e-01  4.20000e-02  1.81364e-01     1.569e-03
-1.02000e-01  4.20000e-02  1.81364e-01     1.569e-03
 0.00000e+00  4.20000e-02  1.81364e-01     1.569e-03
 1.02000e-01  4.20000e-02  1.81364e-01     1.569e-03
 2.04000e-01  4.20000e-02  1.81364e-01     1.569e-03
 3.06000e-01  4.20000e-02  1.81364e-01     1.569e-03
 4.08000e-01  4.20000e-02  1.81364e-01     1.569e-03
 5.10000e-01  4.20000e-02  1.81364e-01     0.000e+00
-5.10000e-01  8.40000e-02  1.81364e-01     0.000e+00
-4.08000e-01  8.40000e-02  1.81364e-01     1.565e-03
-3.06000e-01  8.40000e-02  1.81364e-01     1.565e-03
-2.04000e-01  8.40000e-02  1.81364e-01     1.565e-03
-1.02000e-01  8.40000e-02  1.81364e-01     1.565e-03
 0.00000e+00  8.40000e-02  1.81364e-01     1.565e-03
 1.02000e-01  8.40000e-02  1.81364e-01     1.565e-03
 2.04000e-01  8.40000e-02  1.81364e-01     1.565e-03
 3.06000e-01  8.40000e-02  1.81364e-01     1.565e-03
 4.08000e-01  8.40000e-02  1.81364e-01     1.565e-03
 5.10000e-01  8.40000e-02  1.81364e-01     0.000e+00
-5.10000e-01  1.26000e-01  1.81364e-01     0.000e+00
-4.08000e-01  1.26000e-01  1.81364e-01     1.560e-03
-3.06000e-01  1.26000e-01  1.81364e-01     1.560e-03
-2.04000e-01  1.26000e-01  1.81364e-01     1.560e-03
-1.02000e-01  1.26000e-01  1.81364e-01     1.560e-03
 0.00000e+00  1.26000e-01  1.81364e-01     1.560e-03
 1.02000e-01  1.26000e-01  1.81364e-01     1.560e-03
 2.04000e-01  1.26000e-01  1.81364e-01     1.560e-03
 3.06000e-01  1.26000e-01  1.81364e-01     1.560e-03
 4.08000e-01  1.26000e-01  1.81364e-01     1.560e-03
 5.10000e-01  1.26000e-01  1.81364e-01     0.000e+00
-5.10000e-01  1.68000e-01  1.81364e-01     0.000e+00
-4.08000e-01  1.68000e-01  1.81364e-01     1.552e-03
-3.06000e-01  1.68000e-01  1.81364e-01     1.552e-03
-2.04000e-01  1.68000e-01  1.81364e-01     1.552e-03
-1.02000e-01  1.68000e-01  1.81364e-01     1.552e-03
 0.00000e+00  1.68000e-01  1.81364e-01     1.552e-03
 1.02000e-01  1.68000e-01  1.81364e-01     1.552e-03
 2.04000e-01  1.68000e-01  1.81364e-01     1.552e-03
 3.06000e-01  1.68000e-01  1.81364e-01     1.552e-03
 4.08000e-01  1.68000e-01  1.81364e-01     1.552e-03
 5.10000e-01  1.68000e-01  1.81364e-01     0.000e+00
-5.10000e-01  2.10000e-01  1.81364e-01     0.000e+00
-4.08000e-01  2.10000e-01  1.81364e-01     0.000e+00
-3.06000e-01  2.10000e-01  1.81364e-01     0.000e+00
-2.04000e-01  2.10000e-01  1.81364e-01     0.000e+00
-1.02000e-01  2.10000e-01  1.81364e-01     0.000e+00
 0.00000e+00  2.10000e-01  1.81364e-01     0.000e+00
 1.02000e-01  2.10000e-01  1.81364e-01     0.000e+00
 2.04000e-01  2.10000e-01  1.81364e-01     0.000e+00
 3.06000e-01  2.10000e-01  1.81364e-01     0.000e+00
 4.08000e-01  2.10000e-01  1.81364e-01     0.000e+00
 5.10000e-01  2.10000e-01  1.81364e-01     0.000e+00
-5.10000e-01 -2.10000e-01  1.84991e-01     0.000e+00
-4.08000e-01 -2.10000e-01  1.84991e-01     0.000e+00
-3.06000e-01 -2.10000e-01  1.84991e-01     0.000e+00
-2.04000e-01 -2.10000e-01  1.84991e-01     0.000e+00
-1.02000e-01 -2.10000e-01  1.84991e-01     0.000e+00
 0.00000e+00 -2.10000e-01  1.84991e-01     0.000e+00
 1.02000e-01 -2.10000e-01  1.84991e-01     0.000e+00
 2.04000e-01 -2.10000e-01  1.84991e-01     0.000e+00
 3.06000e-01 -2.10000e-01  1.84991e-01     0.000e+00
 4.08000e-01 -2.10000e-01  1.84991e-01     0.000e+00
 5.10000e-01 -2.10000e-01  1.84991e-01     0.000e+00
-5.10000e-01 -1.68000e-01  1.84991e-01     0.000e+00
-4.08000e-01 -1.68000e-01  1.84991e-01     1.518e-03
-3.06000e-01 -1.68000e-01  1.84991e-01     1.518e-03
-2.04000e-01 -1.68000e-01  1.84991e-01     1.518e-03
-1.02000e-01 -1.68000e-01  1.84991e-01     1.518e-03
 0.00000e+00 -1.68000e-01  1.84991e-01     1.518e-03
 1.02000e-01 -1.68000e-01  1.84991e-01     1.518e-03
 2.04000e-01 -1.68000e-01  1.84991e-01     1.518e-03
 3.06000e-01 -1.68000e-01  1.84991e-01     1.518e-03
 4.08000e-01 -1.68000e-01  1.84991e-01     1.518e-03
 5.10000e-01 -1.68000e-01  1.84991e-01     0.000e+00
-5.10000e-01 -1.26000e-01  1.84991e-01     0.000e+00
-4.08000e-01 -1.26000e-01  1.84991e-01     1.526e-03
-3.06000e-01 -1.26000e-01  1.84991e-01     1.526e-03
-2.04000e-01 -1.26000e-01  1.84991e-01     1.526e-03
-1.02000e-01 -1.26000e-01  1.84991e-01     1.526e-03
 0.00000e+00 -1.26000e-01  1.84991e-01     1.526e-03
 1.02000e-01 -1.26000e-01  1.84991e-01     1.526e-03
 2.04000e-01 -1.26000e-01  1.84991e-01     1.526e-03
 3.06000e-01 -1.26000e-01  1.84991e-01     1.526e-03
 4.08000e-01 -1.26000e-01  1.84991e-01     1.526e-03
 5.10000e-01 -1.26000e-01  1.84991e-01     0.000e+00
-5.10000e-01 -8.40000e-02  1.84991e-01     0.000e+00
-4.08000e-01 -8.40000e-02  1.84991e-01     1.531e-03
-3.06000e-01 -8.40000e-02  1.84991e-01     1.531e-03
-2.04000e-01 -8.40000e-02  1.84991e-01     1.531e-03
-1.02000e-01 -8.40000e-02  1.84991e-01     1.531e-03
 0.00000e+00 -8.40000e-02  1.84991e-01     1.531e-03
 1.02000e-01 -8.40000e-02  1.84991e-01     1.531e-03
 2.04000e-01 -8.40000e-02  1.84991e-01     1.531e-03
 3.06000e-01 -8.40000e-02  1.84991e-01     1.531e-03
 4.08000e-01 -8.40000e-02  1.84991e-01     1.531e-03
 5.10000e-01 -8.40000e-02  1.84991e-01     0.000e+00
-5.10000e-01 -4.20000e-02  1.84991e-01     0.000e+00
-4.08000e-01 -4.20000e-02  1.84991e-01     1.534e-03
-3.06000e-01 -4.20000e-02  1.84991e-01     1.534e-03
-2.04000e-01 -4.20000e-02  1.84991e-01     1.534e-03
-1.02000e-01 -4.20000e-02  1.84991e-01     1.534e-03
 0.00000e+00 -4.20000e-02  1.84991e-01     1.534e-03
 1.02000e-01 -4.20000e-02  1.84991e-01     1.534e-03
 2.04000e-01 -4.20000e-02  1.84991e-01     1.534e-03
 3.06000e-01 -4.20000e-02  1.84991e-01     1.534e-03
 4.08000e-01 -4.20000e-02  1.84991e-01     1.534e-03
 5.10000e-01 -4.20000e-02  1.84991e-01     0.000e+00
-5.10000e-01  0.00000e+00  1.84991e-01     0.000e+00
-4.08000e-01  0.00000e+00  1.84991e-01     1.535e-03
-3.06000e-01  0.00000e+00  1.84991e-01     1.535e-03
-2.04000e-01  0.00000e+00  1.84991e-01     1.535e-03
-1.02000e-01  0.00000e+00  1.84991e-01     1.535e-03
 0.00000e+00  0.00000e+00  1.84991e-01     1.535e-03
 1.02000e-01  0.00000e+00  1.84991e-01     1.535e-03
 2.04000e-01  0.00000e+00  1.84991e-01     1.535e-03
 3.06000e-01  0.00000e+00  1.84991e-01     1.535e-03
 4.08000e-01  0.00000e+00  1.84991e-01     1.535e-03
 5.10000e-01  0.00000e+00  1.84991e-01     0.000e+00
-5.10000e-01  4.20000e-02  1.84991e-01     0.000e+00
-4.08000e-01  4.20000e-02  1.84991e-01     1.534e-03
-3.06000e-01  4.20000e-02  1.84991e-01     1.534e-03
-2.04000e-01  4.20000e-02  1.84991e-01     1.534e-03
-1.02000e-01  4.20000e-02  1.84991e-01     1.534e-03
 0.00000e+00  4.20000e-02  1.84991e-01     1.534e-03
 1.02000e-01  4.20000e-02  1.84991e-01     1.534e-03
 2.04000e-01  4.20000e-02  1.84991e-01     1.534e-03
 3.06000e-01  4.20000e-02  1.84991e-01     1.534e-03
 4.08000e-01  4.20000e-02  1.84991e-01     1.534e-03
 5.10000e-01  4.20000e-02  1.84991e-01     0.000e+00
-5.10000e-01  8.40000e-02  1.84991e-01     0.000e+00
-4.08000e-01  8.40000e-02  1.84991e-01     1.531e-03
-3.06000e-01  8.40000e-02  1.84991e-01     1.531e-03
-2.04000e-01  8.40000e-02  1.84991e-01     1.531e-03
-1.02000e-01  8.40000e-02  1.84991e-01     1.531e-03
 0.00000e+00  8.40000e-02  1.84991e-01     1.531e-03
 1.02000e-01  8.40000e-02  1.84991e-01     1.531e-03
 2.04000e-01  8.40000e-02  1.84991e-01     1.531e-03
 3.06000e-01  8.40000e-02  1.84991e-01     1.531e-03
 4.08000e-01  8.40000e-02  1.84991e-01     1.531e-03
 5.10000e-01  8.40000e-02  1.84991e-01     0.000e+00
-5.10000e-01  1.26000e-01  1.84991e-01     0.000e+00
-4.08000e-01  1.26000e-01  1.84991e-01     1.526e-03
-3.06000e-01  1.26000e-01  1.84991e-01     1.526e-03
-2.04000e-01  1.26000e-01  1.84991e-01     1.526e-03
-1.02000e-01  1.26000e-01  1.84991e-01     1.526e-03
 0.00000e+00  1.26000e-01  1.84991e-01     1.526e-03
 1.02000e-01  1.26000e-01  1.84991e-01     1.526e-03
 2.04000e-01  1.26000e-01  1.84991e-01     1.526e-03
 3.06000e-01  1.26000e-01  1.84991e-01     1.526e-03
 4.08000e-01  1.26000e-01  1.84991e-01     1.526e-03
 5.10000e-01  1.26000e-01  1.84991e-01     0.000e+00
-5.10000e-01  1.68000e-01  1.84991e-01     0.000e+00
-4.08000e-01  1.68000e-01  1.84991e-01     1.518e-03
-3.06000e-01  1.68000e-01  1.84991e-01     1.518e-03
-2.04000e-01  1.68000e-01  1.84991e-01     1.518e-03
-1.02000e-01  1.68000e-01  1.84991e-01     1.518e-03
 0.00000e+00  1.68000e-01  1.84991e-01     1.518e-03
 1.02000e-01  1.68000e-01  1.84991e-01     1.518e-03
 2.04000e-01  1.68000e-01  1.84991e-01     1.518e-03
 3.06000e-01  1.68000e-01  1.84991e-01     1.518e-03
 4.08000e-01  1.68000e-01  1.84991e-01     1.518e-03
 5.10000e-01  1.68000e-01  1.84991e-01     0.000e+00
-5.10000e-01  2.10000e-01  1.84991e-01     0.000e+00
-4.08000e-01  2.10000e-01  1.84991e-01     0.000e+00
-3.06000e-01  2.10000e-01  1.84991e-01     0.000e+00
-2.04000e-01  2.10000e-01  1.84991e-01     0.000e+00
-1.02000e-01  2.10000e-01  1.84991e-01     0.000e+00
 0.00000e+00  2.10000e-01  1.84991e-01     0.000e+00
 1.02000e-01  2.10000e-01  1.84991e-01     0.000e+00
 2.04000e-01  2.10000e-01  1.84991e-01     0.000e+00
 3.06000e-01  2.10000e-01  1.84991e-01     0.000e+00
 4.08000e-01  2.10000e-01  1.84991e-01     0.000e+00
 5.10000e-01  2.10000e-01  1.84991e-01     0.000e+00
-5.10000e-01 -2.10000e-01  1.88618e-01     0.000e+00
-4.08000e-01 -2.10000e-01  1.88618e-01     0.000e+00
-3.06000e-01 -2.10000e-01  1.88618e-01     0.000e+00
-2.04000e-01 -2.10000e-01  1.88618e-01     0.000e+00
-1.02000e-01 -2.10000e-01  1.88618e-01     0.000e+00
 0.00000e+00 -2.10000e-01  1.88618e-01     0.000e+00
 1.02000e-01 -2.10000e-01  1.88618e-01     0.000e+00
 2.04000e-01 -2.10000e-01  1.88618e-01     0.000e+00
 3.06000e-01 -2.10000e-01  1.88618e-01     0.000e+00
 4.08000e-01 -2.10000e-01  1.88618e-01     0.000e+00
 5.10000e-01 -2.10000e-01  1.88618e-01     0.000e+00
-5.10000e-01 -1.68000e-01  1.88618e-01     0.000e+00
-4.08000e-01 -1.68000e-01  1.88618e-01     1.485e-03
-3.06000e-01 -1.68000e-01  1.88618e-01     1.485e-03
-2.04000e-01 -1.68000e-01  1.88618e-01     1.485e-03
-1.02000e-01 -1.68000e-01  1.88618e-01     1.485e-03
 0.00000e+00 -1.68000e-01  1.88618e-01     1.485e-03
 1.02000e-01 -1.68000e-01  1.88618e-01     1.485e-03
 2.04000e-01 -1.68000e-01  1.88618e-01     1.485e-03
 3.06000e-01 -1.68000e-01  1.88618e-01     1.485e-03
 4.08000e-01 -1.68000e-01  1.88618e-01     1.485e-03
 5.10000e-01 -1.68000e-01  1.88618e-01     0.000e+00
-5.10000e-01 -1.26000e-01  1.88618e-01     0.000e+00
-4.08000e-01 -1.26000e-01  1.88618e-01     1.493e-03
-3.06000e-01 -1.26000e-01  1.88618e-01     1.493e-03
-2.04000e-01 -1.26000e-01  1.88618e-01     1.493e-03
-1.02000e-01 -1.26000e-01  1.88618e-01     1.493e-03
 0.00000e+00 -1.26000e-01  1.88618e-01     1.493e-03
 1.02000e-01 -1.26000e-01  1.88618e-01     1.493e-03
 2.04000e-01 -1.26000e-01  1.88618e-01     1.493e-03
 3.06000e-01 -1.26000e-01  1.88618e-01     1.493e-03
 4.08000e-01 -1.26000e-01  1.88618e-01     1.493e-03
 5.10000e-01 -1.26000e-01  1.88618e-01     0.000e+00
-5.10000e-01 -8.40000e-02  1.88618e-01     0.000e+00
-4.08000e-01 -8.40000e-02  1.88618e-01     1.498e-03
-3.06000e-01 -8.40000e-02  1.88618e-01     1.498e-03
-2.04000e-01 -8.40000e-02  1.88618e-01     1.498e-03
-1.02000e-01 -8.40000e-02  1.88618e-01     1.498e-03
 0.00000e+00 -8.40000e-02  1.88618e-01     1.498e-03
 1.02000e-01 -8.40000e-02  1.88618e-01     1.498e-03
 2.04000e-01 -8.40000e-02  1.88618e-01     1.498e-03
 3.06000e-01 -8.40000e-02  1.88618e-01     1.498e-03
 4.08000e-01 -8.40000e-02  1.88618e-01     1.498e-03
 5.10000e-01 -8.40000e-02  1.88618e-01     0.000e+00
-5.10000e-01 -4.20000e-02  1.88618e-01     0.000e+00
-4.08000e-01 -4.20000e-02  1.88618e-01     1.501e-03
-3.06000e-01 -4.20000e-02  1.88618e-01     1.501e-03
-2.04000e-01 -4.20000e-02  1.88618e-01     1.501e-03
-1.02000e-01 -4.20000e-02  1.88618e-01     1.501e-03
 0.00000e+00 -4.20000e-02  1.88618e-01     1.501e-03
 1.02000e-01 -4.20000e-02  1.88618e-01     1.501e-03
 2.04000e-01 -4.20000e-02  1.88618e-01     1.501e-03
 3.06000e-01 -4.20000e-02  1.88618e-01     1.501e-03
 4.08000e-01 -4.20000e-02  1.88618e-01     1.501e-03
 5.10000e-01 -4.20000e-02  1.88618e-01     0.000e+00
-5.10000e-01  0.00000e+00  1.88618e-01     0.000e+00
-4.08000e-01  0.00000e+00  1.88618e-01     1.502e-03
-3.06000e-01  0.00000e+00  1.88618e-01     1.502e-03
-2.04000e-01  0.00000e+00  1.88618e-01     1.502e-03
-1.02000e-01  0.00000e+00  1.88618e-01     1.502e-03
 0.00000e+00  0.00000e+00  1.88618e-01     1.502e-03
 1.02000e-01  0.00000e+00  1.88618e-01     1.502e-03
 2.04000e-01  0.00000e+00  1.88618e-01     1.502e-03
 3.06000e-01  0.00000e+00  1.88618e-01     1.502e-03
 4.08000e-01  0.00000e+00  1.88618e-01     1.502e-03
 5.10000e-01  0.00000e+00  1.88618e-01     0.000e+00
-5.10000e-01  4.20000e-02  1.88618e-01     0.000e+00
-4.08000e-01  4.20000e-02  1.88618e-01     1.501e-03
-3.06000e-01  4.20000e-02  1.88618e-01     1.501e-03
-2.04000e-01  4.20000e-02  1.88618e-01     1.501e-03
-1.02000e-01  4.20000e-02  1.88618e-01     1.501e-03
 0.00000e+00  4.20000e-02  1.88618e-01     1.501e-03
 1.02000e-01  4.20000e-02  1.88618e-01     1.501e-03
 2.04000e-01  4.20000e-02  1.88618e-01     1.501e-03
 3.06000e-01  4.20000e-02  1.88618e-01     1.501e-03
 4.08000e-01  4.20000e-02  1.88618e-01     1.501e-03
 5.10000e-01  4.20000e-02  1.88618e-01     0.000e+00
-5.10000e-01  8.40000e-02  1.88618e-01     0.000e+00
-4.08000e-01  8.40000e-02  1.88618e-01     1.498e-03
-3.06000e-01  8.40000e-02  1.88618e-01     1.498e-03
-2.04000e-01  8.40000e-02  1.88618e-01     1.498e-03
-1.02000e-01  8.40000e-02  1.88618e-01     1.498e-03
 0.00000e+00  8.40000e-02  1.88618e-01     1.498e-03
 1.02000e-01  8.40000e-02  1.88618e-01     1.498e-03
 2.04000e-01  8.40000e-02  1.88618e-01     1.498e-03
 3.06000e-01  8.40000e-02  1.88618e-01     1.498e-03
 4.08000e-01  8.40000e-02  1.88618e-01     1.498e-03
 5.10000e-01  8.40000e-02  1.88618e-01     0.000e+00
-5.10000e-01  1.26000e-01  1.88618e-01     0.000e+00
-4.08000e-01  1.26000e-01  1.88618e-01     1.493e-03
-3.06000e-01  1.26000e-01  1.88618e-01     1.493e-03
-2.04000e-01  1.26000e-01  1.88618e-01     1.493e-03
-1.02000e-01  1.26000e-01  1.88618e-01     1.493e-03
 0.00000e+00  1.26000e-01  1.88618e-01     1.493e-03
 1.02000e-01  1.26000e-01  1.88618e-01     1.493e-03
 2.04000e-01  1.26000e-01  1.88618e-01     1.493e-03
 3.06000e-01  1.26000e-01  1.88618e-01     1.493e-03
 4.08000e-01  1.26000e-01  1.88618e-01     1.493e-03
 5.10000e-01  1.26000e-01  1.88618e-01     0.000e+00
-5.10000e-01  1.68000e-01  1.88618e-01     0.000e+00
-4.08000e-01  1.68000e-01  1.88618e-01     1.485e-03
-3.06000e-01  1.68000e-01  1.88618e-01     1.485e-03
-2.04000e-01  1.68000e-01  1.88618e-01     1.485e-03
-1.02000e-01  1.68000e-01  1.88618e-01     1.485e-03
 0.00000e+00  1.68000e-01  1.88618e-01     1.485e-03
 1.02000e-01  1.68000e-01  1.88618e-01     1.485e-03
 2.04000e-01  1.68000e-01  1.88618e-01     1.485e-03
 3.06000e-01  1.68000e-01  1.88618e-01     1.485e-03
 4.08000e-01  1.68000e-01  1.88618e-01     1.485e-03
 5.10000e-01  1.68000e-01  1.88618e-01     0.000e+00
-5.10000e-01  2.10000e-01  1.88618e-01     0.000e+00
-4.08000e-01  2.10000e-01  1.88618e-01     0.000e+00
-3.06000e-01  2.10000e-01  1.88618e-01     0.000e+00
-2.04000e-01  2.10000e-01  1.88618e-01     0.000e+00
-1.02000e-01  2.10000e-01  1.88618e-01     0.000e+00
 0.00000e+00  2.10000e-01  1.88618e-01     0.000e+00
 1.02000e-01  2.10000e-01  1.88618e-01     0.000e+00
 2.04000e-01  2.10000e-01  1.88618e-01     0.000e+00
 3.06000e-01  2.10000e-01  1.88618e-01     0.000e+00
 4.08000e-01  2.10000e-01  1.88618e-01     0.000e+00
 5.10000e-01  2.10000e-01  1.88618e-01     0.000e+00
-5.10000e-01 -2.10000e-01  1.92245e-01     0.000e+00
-4.08000e-01 -2.10000e-01  1.92245e-01     0.000e+00
-3.06000e-01 -2.10000e-01  1.92245e-01     0.000e+00
-2.04000e-01 -2.10000e-01  1.92245e-01     0.000e+00
-1.02000e-01 -2.10000e-01  1.92245e-01     0.000e+00
 0.00000e+00 -2.10000e-01  1.92245e-01     0.000e+00
 1.02000e-01 -2.10000e-01  1.92245e-01     0.000e+00
 2.04000e-01 -2.10000e-01  1.92245e-01     0.000e+00
 3.06000e-01 -2.10000e-01  1.92245e-01     0.000e+00
 4.08000e-01 -2.10000e-01  1.92245e-01     0.000e+00
 5.10000e-01 -2.10000e-01  1.92245e-01     0.000e+00
-5.10000e-01 -1.68000e-01  1.92245e-01     0.000e+00
-4.08000e-01 -1.68000e-01  1.92245e-01     1.454e-03
-3.06000e-01 -1.68000e-01  1.92245e-01     1.454e-03
-2.04000e-01 -1.68000e-01  1.92245e-01     1.454e-03
-1.02000e-01 -1.68000e-01  1.92245e-01     1.454e-03
 0.00000e+00 -1.68000e-01  1.92245e-01     1.454e-03
 1.02000e-01 -1.68000e-01  1.92245e-01     1.454e-03
 2.04000e-01 -1.68000e-01  1.92245e-01     1.454e-03
 3.06000e-01 -1.68000e-01  1.92245e-01     1.454e-03
 4.08000e-01 -1.68000e-01  1.92245e-01     1.454e-03
 5.10000e-01 -1.68000e-01  1.92245e-01     0.000e+00
-5.10000e-01 -1.26000e-01  1.92245e-01     0.000e+00
-4.08000e-01 -1.26000e-01  1.92245e-01     1.461e-03
-3.06000e-01 -1.26000e-01  1.92245e-01     1.461e-03
-2.04000e-01 -1.26000e-01  1.92245e-01     1.461e-03
-1.02000e-01 -1.26000e-01  1.92245e-01     1.461e-03
 0.00000e+00 -1.26000e-01  1.92245e-01     1.461e-03
 1.02000e-01 -1.26000e-01  1.92245e-01     1.461e-03
 2.04000e-01 -1.26000e-01  1.92245e-01     1.461e-03
 3.06000e-01 -1.26000e-01  1.92245e-01     1.461e-03
 4.08000e-01 -1.26000e-01  1.92245e-01     1.461e-03
 5.10000e-01 -1.26000e-01  1.92245e-01     0.000e+00
-5.10000e-01 -8.40000e-02  1.92245e-01     0.000e+00
-4.08000e-01 -8.40000e-02  1.92245e-01     1.466e-03
-3.06000e-01 -8.40000e-02  1.92245e-01     1.466e-03
-2.04000e-01 -8.40000e-02  1.92245e-01     1.466e-03
-1.02000e-01 -8.40000e-02  1.92245e-01     1.466e-03
 0.00000e+00 -8.40000e-02  1.92245e-01     1.466e-03
 1.02000e-01 -8.40000e-02  1.92245e-01     1.466e-03
 2.04000e-01 -8.40000e-02  1.92245e-01     1.466e-03
 3.06000e-01 -8.40000e-02  1.92245e-01     1.466e-03
 4.08000e-01 -8.40000e-02  1.92245e-01     1.466e-03
 5.10000e-01 -8.40000e-02  1.92245e-01     0.000e+00
-5.10000e-01 -4.20000e-02  1.92245e-01     0.000e+00
-4.08000e-01 -4.20000e-02  1.92245e-01     1.469e-03
-3.06000e-01 -4.20000e-02  1.92245e-01     1.469e-03
-2.04000e-01 -4.20000e-02  1.92245e-01     1.469e-03
-1.02000e-01 -4.20000e-02  1.92245e-01     1.469e-03
 0.00000e+00 -4.20000e-02  1.92245e-01     1.469e-03
 1.02000e-01 -4.20000e-02  1.92245e-01     1.469e-03
 2.04000e-01 -4.20000e-02  1.92245e-01     1.469e-03
 3.06000e-01 -4.20000e-02  1.92245e-01     1.469e-03
 4.08000e-01 -4.20000e-02  1.92245e-01     1.469e-03
 5.10000e-01 -4.20000e-02  1.92245e-01     0.000e+00
-5.10000e-01  0.00000e+00  1.92245e-01     0.000e+00
-4.08000e-01  0.00000e+00  1.92245e-01     1.470e-03
-3.06000e-01  0.00000e+00  1.92245e-01     1.470e-03
-2.04000e-01  0.00000e+00  1.92245e-01     1.470e-03
-1.02000e-01  0.00000e+00  1.92245e-01     1.470e-03
 0.00000e+00  0.00000e+00  1.92245e-01     1.470e-03
 1.02000e-01  0.00000e+00  1.92245e-01     1.470e-03
 2.04000e-01  0.00000e+00  1.92245e-01     1.470e-03
 3.06000e-01  0.00000e+00  1.92245e-01     1.470e-03
 4.08000e-01  0.00000e+00  1.92245e-01     1.470e-03
 5.10000e-01  0.00000e+00  1.92245e-01     0.000e+00
-5.10000e-01  4.20000e-02  1.92245e-01     0.000e+00
-4.08000e-01  4.20000e-02  1.92245e-01     1.469e-03
-3.06000e-01  4.20000e-02  1.92245e-01     1.469e-03
-2.04000e-01  4.20000e-02  1.92245e-01     1.469e-03
-1.02000e-01  4.20000e-02  1.92245e-01     1.469e-03
 0.00000e+00  4.20000e-02  1.92245e-01     1.469e-03
 1.02000e-01  4.20000e-02  1.92245e-01     1.469e-03
 2.04000e-01  4.20000e-02  1.92245e-01     1.469e-03
 3.06000e-01  4.20000e-02  1.92245e-01     1.469e-03
 4.08000e-01  4.20000e-02  1.92245e-01     1.469e-03
 5.10000e-01  4.20000e-02  1.92245e-01     0.000e+00
-5.10000e-01  8.40000e-02  1.92245e-01     0.000e+00
-4.08000e-01  8.40000e-02  1.92245e-01     1.466e-03
-3.06000e-01  8.40000e-02  1.92245e-01     1.466e-03
-2.04000e-01  8.40000e-02  1.92245e-01     1.466e-03
-1.02000e-01  8.40000e-02  1.92245e-01     1.466e-03
 0.00000e+00  8.40000e-02  1.92245e-01     1.466e-03
 1.02000e-01  8.40000e-02  1.92245e-01     1.466e-03
 2.04000e-01  8.40000e-02  1.92245e-01     1.466e-03
 3.06000e-01  8.40000e-02  1.92245e-01     1.466e-03
 4.08000e-01  8.40000e-02  1.92245e-01     1.466e-03
 5.10000e-01  8.40000e-02  1.92245e-01     0.000e+00
-5.10000e-01  1.26000e-01  1.92245e-01     0.000e+00
-4.08000e-01  1.26000e-01  1.92245e-01     1.461e-03
-3.06000e-01  1.26000e-01  1.92245e-01     1.461e-03
-2.04000e-01  1.26000e-01  1.92245e-01     1.461e-03
-1.02000e-01  1.26000e-01  1.92245e-01     1.461e-03
 0.00000e+00  1.26000e-01  1.92245e-01     1.461e-03
 1.02000e-01  1.26000e-01  1.92245e-01     1.461e-03
 2.04000e-01  1.26000e-01  1.92245e-01     1.461e-03
 3.06000e-01  1.26000e-01  1.92245e-01     1.461e-03
 4.08000e-01  1.26000e-01  1.92245e-01     1.461e-03
 5.10000e-01  1.26000e-01  1.92245e-01     0.000e+00
-5.10000e-01  1.68000e-01  1.92245e-01     0.000e+00
-4.08000e-01  1.68000e-01  1.92245e-01     1.454e-03
-3.06000e-01  1.68000e-01  1.92245e-01     1.454e-03
-2.04000e-01  1.68000e-01  1.92245e-01     1.454e-03
-1.02000e-01  1.68000e-01  1.92245e-01     1.454e-03
 0.00000e+00  1.68000e-01  1.92245e-01     1.454e-03
 1.02000e-01  1.68000e-01  1.92245e-01     1.454e-03
 2.04000e-01  1.68000e-01  1.92245e-01     1.454e-03
 3.06000e-01  1.68000e-01  1.92245e-01     1.454e-03
 4.08000e-01  1.68000e-01  1.92245e-01     1.454e-03
 5.10000e-01  1.68000e-01  1.92245e-01     0.000e+00
-5.10000e-01  2.10000e-01  1.92245e-01     0.000e+00
-4.08000e-01  2.10000e-01  1.92245e-01     0.000e+00
-3.06000e-01  2.10000e-01  1.92245e-01     0.000e+00
-2.04000e-01  2.10000e-01  1.92245e-01     0.000e+00
-1.02000e-01  2.10000e-01  1.92245e-01     0.000e+00
 0.00000e+00  2.10000e-01  1.92245e-01     0.000e+00
 1.02000e-01  2.10000e-01  1.92245e-01     0.000e+00
 2.04000e-01  2.10000e-01  1.92245e-01     0.000e+00
 3.06000e-01  2.10000e-01  1.92245e-01     0.000e+00
 4.08000e-01  2.10000e-01  1.92245e-01     0.000e+00
 5.10000e-01  2.10000e-01  1.92245e-01     0.000e+00
-5.10000e-01 -2.10000e-01  1.95873e-01     0.000e+00
-4.08000e-01 -2.10000e-01  1.95873e-01     0.000e+00
-3.06000e-01 -2.10000e-01  1.95873e-01     0.000e+00
-2.04000e-01 -2.10000e-01  1.95873e-01     0.000e+00
-1.02000e-01 -2.10000e-01  1.95873e-01     0.000e+00
 0.00000e+00 -2.10000e-01  1.95873e-01     0.000e+00
 1.02000e-01 -2.10000e-01  1.95873e-01     0.000e+00
 2.04000e-01 -2.10000e-01  1.95873e-01     0.000e+00
 3.06000e-01 -2.10000e-01  1.95873e-01     0.000e+00
 4.08000e-01 -2.10000e-01  1.95873e-01     0.000e+00
 5.10000e-01 -2.10000e-01  1.95873e-01     0.000e+00
-5.10000e-01 -1.68000e-01  1.95873e-01     0.000e+00
-4.08000e-01 -1.68000e-01  1.95873e-01     1.423e-03
-3.06000e-01 -1.68000e-01  1.95873e-01     1.423e-03
-2.04000e-01 -1.68000e-01  1.95873e-01     1.423e-03
-1.02000e-01 -1.68000e-01  1.95873e-01     1.423e-03
 0.00000e+00 -1.68000e-01  1.95873e-01     1.423e-03
 1.02000e-01 -1.68000e-01  1.95873e-01     1.423e-03
 2.04000e-01 -1.68000e-01  1.95873e-01     1.423e-03
 3.06000e-01 -1.68000e-01  1.95873e-01     1.423e-03
 4.08000e-01 -1.68000e-01  1.95873e-01     1.423e-03
 5.10000e-01 -1.68000e-01  1.95873e-01     0.000e+00
-5.10000e-01 -1.26000e-01  1.95873e-01     0.000e+00
-4.08000e-01 -1.26000e-01  1.95873e-01     1.430e-03
-3.06000e-01 -1.26000e-01  1.95873e-01     1.430e-03
-2.04000e-01 -1.26000e-01  1.95873e-01     1.430e-03
-1.02000e-01 -1.26000e-01  1.95873e-01     1.430e-03
 0.00000e+00 -1.26000e-01  1.95873e-01     1.430e-03
 1.02000e-01 -1.26000e-01  1.95873e-01     1.430e-03
 2.04000e-01 -1.26000e-01  1.95873e-01     1.430e-03
 3.06000e-01 -1.26000e-01  1.95873e-01     1.430e-03
 4.08000e-01 -1.26000e-01  1.95873e-01     1.430e-03
 5.10000e-01 -1.26000e-01  1.95873e-01     0.000e+00
-5.10000e-01 -8.40000e-02  1.95873e-01     0.000e+00
-4.08000e-01 -8.40000e-02  1.95873e-01     1.435e-03
-3.06000e-01 -8.40000e-02  1.95873e-01     1.435e-03
-2.04000e-01 -8.40000e-02  1.95873e-01     1.435e-03
-1.02000e-01 -8.40000e-02  1.95873e-01     1.435e-03
 0.00000e+00 -8.40000e-02  1.95873e-01     1.435e-03
 1.02000e-01 -8.40000e-02  1.95873e-01     1.435e-03
 2.04000e-01 -8.40000e-02  1.95873e-01     1.435e-03
 3.06000e-01 -8.40000e-02  1.95873e-01     1.435e-03
 4.08000e-01 -8.40000e-02  1.95873e-01     1.435e-03
 5.10000e-01 -8.40000e-02  1.95873e-01     0.000e+00
-5.10000e-01 -4.20000e-02  1.95873e-01     0.000e+00
-4.08000e-01 -4.20000e-02  1.95873e-01     1.438e-03
-3.06000e-01 -4.20000e-02  1.95873e-01     1.438e-03
-2.04000e-01 -4.20000e-02  1.95873e-01     1.438e-03
-1.02000e-01 -4.20000e-02  1.95873e-01     1.438e-03
 0.00000e+00 -4.20000e-02  1.95873e-01     1.438e-03
 1.02000e-01 -4.20000e-02  1.95873e-01     1.438e-03
 2.04000e-01 -4.20000e-02  1.95873e-01     1.438e-03
 3.06000e-01 -4.20000e-02  1.95873e-01     1.438e-03
 4.08000e-01 -4.20000e-02  1.95873e-01     1.438e-03
 5.10000e-01 -4.20000e-02  1.95873e-01     0.000e+00
-5.10000e-01  0.00000e+00  1.95873e-01     0.000e+00
-4.08000e-01  0.00000e+00  1.95873e-01     1.439e-03
-3.06000e-01  0.00000e+00  1.95873e-01     1.439e-03
-2.04000e-01  0.00000e+00  1.95873e-01     1.439e-03
-1.02000e-01  0.00000e+00  1.95873e-01     1.439e-03
 0.00000e+00  0.00000e+00  1.95873e-01     1.439e-03
 1.02000e-01  0.00000e+00  1.95873e-01     1.439e-03
 2.04000e-01  0.00000e+00  1.95873e-01     1.439e-03
 3.06000e-01  0.00000e+00  1.95873e-01     1.439e-03
 4.08000e-01  0.00000e+00  1.95873e-01     1.439e-03
 5.10000e-01  0.00000e+00  1.95873e-01     0.000e+00
-5.10000e-01  4.20000e-02  1.95873e-01     0.000e+00
-4.08000e-01  4.20000e-02  1.95873e-01     1.438e-03
-3.06000e-01  4.20000e-02  1.95873e-01     1.438e-03
-2.04000e-01  4.20000e-02  1.95873e-01     1.438e-03
-1.02000e-01  4.20000e-02  1.95873e-01     1.438e-03
 0.00000e+00  4.20000e-02  1.95873e-01     1.438e-03
 1.02000e-01  4.20000e-02  1.95873e-01     1.438e-03
 2.04000e-01  4.20000e-02  1.95873e-01     1.438e-03
 3.06000e-01  4.20000e-02  1.95873e-01     1.438e-03
 4.08000e-01  4.20000e-02  1.95873e-01     1.438e-03
 5.10000e-01  4.20000e-02  1.95873e-01     0.000e+00
-5.10000e-01  8.40000e-02  1.95873e-01     0.000e+00
-4.08000e-01  8.40000e-02  1.95873e-01     1.435e-03
-3.06000e-01  8.40000e-02  1.95873e-01     1.435e-03
-2.04000e-01  8.40000e-02  1.95873e-01     1.435e-03
-1.02000e-01  8.40000e-02  1.95873e-01     1.435e-03
 0.00000e+00  8.40000e-02  1.95873e-01     1.435e-03
 1.02000e-01  8.40000e-02  1.95873e-01     1.435e-03
 2.04000e-01  8.40000e-02  1.95873e-01     1.435e-03
 3.06000e-01  8.40000e-02  1.95873e-01     1.435e-03
 4.08000e-01  8.40000e-02  1.95873e-01     1.435e-03
 5.10000e-01  8.40000e-02  1.95873e-01     0.000e+00
-5.10000e-01  1.26000e-01  1.95873e-01     0.000e+00
-4.08000e-01  1.26000e-01  1.95873e-01     1.430e-03
-3.06000e-01  1.26000e-01  1.95873e-01     1.430e-03
-2.04000e-01  1.26000e-01  1.95873e-01     1.430e-03
-1.02000e-01  1.26000e-01  1.95873e-01     1.430e-03
 0.00000e+00  1.26000e-01  1.95873e-01     1.430e-03
 1.02000e-01  1.26000e-01  1.95873e-01     1.430e-03
 2.04000e-01  1.26000e-01  1.95873e-01     1.430e-03
 3.06000e-01  1.26000e-01  1.95873e-01     1.430e-03
 4.08000e-01  1.26000e-01  1.95873e-01     1.430e-03
 5.10000e-01  1.26000e-01  1.95873e-01     0.000e+00
-5.10000e-01  1.68000e-01  1.95873e-01     0.000e+00
-4.08000e-01  1.68000e-01  1.95873e-01     1.423e-03
-3.06000e-01  1.68000e-01  1.95873e-01     1.423e-03
-2.04000e-01  1.68000e-01  1.95873e-01     1.423e-03
-1.02000e-01  1.68000e-01  1.95873e-01     1.423e-03
 0.00000e+00  1.68000e-01  1.95873e-01     1.423e-03
 1.02000e-01  1.68000e-01  1.95873e-01     1.423e-03
 2.04000e-01  1.68000e-01  1.95873e-01     1.423e-03
 3.06000e-01  1.68000e-01  1.95873e-01     1.423e-03
 4.08000e-01  1.68000e-01  1.95873e-01     1.423e-03
 5.10000e-01  1.68000e-01  1.95873e-01     0.000e+00
-5.10000e-01  2.10000e-01  1.95873e-01     0.000e+00
-4.08000e-01  2.10000e-01  1.95873e-01     0.000e+00
-3.06000e-01  2.10000e-01  1.95873e-01     0.000e+00
-2.04000e-01  2.10000e-01  1.95873e-01     0.000e+00
-1.02000e-01  2.10000e-01  1.95873e-01     0.000e+00
 0.00000e+00  2.10000e-01  1.95873e-01     0.000e+00
 1.02000e-01  2.10000e-01  1.95873e-01     0.000e+00
 2.04000e-01  2.10000e-01  1.95873e-01     0.000e+00
 3.06000e-01  2.10000e-01  1.95873e-01     0.000e+00
 4.08000e-01  2.10000e-01  1.95873e-01     0.000e+00
 5.10000e-01  2.10000e-01  1.95873e-01     0.000e+00
-5.10000e-01 -2.10000e-01  1.99500e-01     0.000e+00
-4.08000e-01 -2.10000e-01  1.99500e-01     0.000e+00
-3.06000e-01 -2.10000e-01  1.99500e-01     0.000e+00
-2.04000e-01 -2.10000e-01  1.99500e-01     0.000e+00
-1.02000e-01 -2.10000e-01  1.99500e-01     0.000e+00
 0.00000e+00 -2.10000e-01  1.99500e-01     0.000e+00
 1.02000e-01 -2.10000e-01  1.99500e-01     0.000e+00
 2.04000e-01 -2.10000e-01  1.99500e-01     0.000e+00
 3.06000e-01 -2.10000e-01  1.99500e-01     0.000e+00
 4.08000e-01 -2.10000e-01  1.99500e-01     0.000e+00
 5.10000e-01 -2.10000e-01  1.99500e-01     0.000e+00
-5.10000e-01 -1.68000e-01  1.99500e-01     0.000e+00
-4.08000e-01 -1.68000e-01  1.99500e-01     1.394e-03
-3.06000e-01 -1.68000e-01  1.99500e-01     1.394e-03
-2.04000e-01 -1.68000e-01  1.99500e-01     1.394e-03
-1.02000e-01 -1.68000e-01  1.99500e-01     1.394e-03
 0.00000e+00 -1.68000e-01  1.99500e-01     1.394e-03
 1.02000e-01 -1.68000e-01  1.99500e-01     1.394e-03
 2.04000e-01 -1.68000e-01  1.99500e-01     1.394e-03
 3.06000e-01 -1.68000e-01  1.99500e-01     1.394e-03
 4.08000e-01 -1.68000e-01  1.99500e-01     1.394e-03
 5.10000e-01 -1.68000e-01  1.99500e-01     0.000e+00
-5.10000e-01 -1.26000e-01  1.99500e-01     0.000e+00
-4.08000e-01 -1.26000e-01  1.99500e-01     1.401e-03
-3.06000e-01 -1.26000e-01  1.99500e-01     1.401e-03
-2.04000e-01 -1.26000e-01  1.99500e-01     1.401e-03
-1.02000e-01 -1.26000e-01  1.99500e-01     1.401e-03
 0.00000e+00 -1.26000e-01  1.99500e-01     1.401e-03
 1.02000e-01 -1.26000e-01  1.99500e-01     1.401e-03
 2.04000e-01 -1.26000e-01  1.99500e-01     1.401e-03
 3.06000e-01 -1.26000e-01  1.99500e-01     1.401e-03
 4.08000e-01 -1.26000e-01  1.99500e-01     1.401e-03
 5.10000e-01 -1.26000e-01  1.99500e-01     0.000e+00
-5.10000e-01 -8.40000e-02  1.99500e-01     0.000e+00
-4.08000e-01 -8.40000e-02  1.99500e-01     1.406e-03
-3.06000e-01 -8.40000e-02  1.99500e-01     1.406e-03
-2.04000e-01 -8.40000e-02  1.99500e-01     1.406e-03
-1.02000e-01 -8.40000e-02  1.99500e-01     1.406e-03
 0.00000e+00 -8.40000e-02  1.99500e-01     1.406e-03
 1.02000e-01 -8.40000e-02  1.99500e-01     1.406e-03
 2.04000e-01 -8.40000e-02  1.99500e-01     1.406e-03
 3.06000e-01 -8.40000e-02  1.99500e-01     1.406e-03
 4.08000e-01 -8.40000e-02  1.99500e-01     1.406e-03
 5.10000e-01 -8.40000e-02  1.99500e-01     0.000e+00
-5.10000e-01 -4.20000e-02  1.99500e-01     0.000e+00
-4.08000e-01 -4.20000e-02  1.99500e-01     1.409e-03
-3.06000e-01 -4.20000e-02  1.99500e-01     1.409e-03
-2.04000e-01 -4.20000e-02  1.99500e-01     1.409e-03
-1.02000e-01 -4.20000e-02  1.99500e-01     1.409e-03
 0.00000e+00 -4.20000e-02  1.99500e-01     1.409e-03
 1.02000e-01 -4.20000e-02  1.99500e-01     1.409e-03
 2.04000e-01 -4.20000e-02  1.99500e-01     1.409e-03
 3.06000e-01 -4.20000e-02  1.99500e-01     1.409e-03
 4.08000e-01 -4.20000e-02  1.99500e-01     1.409e-03
 5.10000e-01 -4.20000e-02  1.99500e-01     0.000e+00
-5.10000e-01  0.00000e+00  1.99500e-01     0.000e+00
-4.08000e-01  0.00000e+00  1.99500e-01     1.410e-03
-3.06000e-01  0.00000e+00  1.99500e-01     1.410e-03
-2.04000e-01  0.00000e+00  1.99500e-01     1.410e-03
-1.02000e-01  0.00000e+00  1.99500e-01     1.410e-03
 0.00000e+00  0.00000e+00  1.99500e-01     1.410e-03
 1.02000e-01  0.00000e+00  1.99500e-01     1.410e-03
 2.04000e-01  0.00000e+00  1.99500e-01     1.410e-03
 3.06000e-01  0.00000e+00  1.99500e-01     1.410e-03
 4.08000e-01  0.00000e+00  1.99500e-01     1.410e-03
 5.10000e-01  0.00000e+00  1.99500e-01     0.000e+00
-5.10000e-01  4.20000e-02  1.99500e-01     0.000e+00
-4.08000e-01  4.20000e-02  1.99500e-01     1.409e-03
-3.06000e-01  4.20000e-02  1.99500e-01     1.409e-03
-2.04000e-01  4.20000e-02  1.99500e-01     1.409e-03
-1.02000e-01  4.20000e-02  1.99500e-01     1.409e-03
 0.00000e+00  4.20000e-02  1.99500e-01     1.409e-03
 1.02000e-01  4.20000e-02  1.99500e-01     1.409e-03
 2.04000e-01  4.20000e-02  1.99500e-01     1.409e-03
 3.06000e-01  4.20000e-02  1.99500e-01     1.409e-03
 4.08000e-01  4.20000e-02  1.99500e-01     1.409e-03
 5.10000e-01  4.20000e-02  1.99500e-01     0.000e+00
-5.10000e-01  8.40000e-02  1.99500e-01     0.000e+00
-4.08000e-01  8.40000e-02  1.99500e-01     1.406e-03
-3.06000e-01  8.40000e-02  1.99500e-01     1.406e-03
-2.04000e-01  8.40000e-02  1.99500e-01     1.406e-03
-1.02000e-01  8.40000e-02  1.99500e-01     1.406e-03
 0.00000e+00  8.40000e-02  1.99500e-01     1.406e-03
 1.02000e-01  8.40000e-02  1.99500e-01     1.406e-03
 2.04000e-01  8.40000e-02  1.99500e-01     1.406e-03
 3.06000e-01  8.40000e-02  1.99500e-01     1.406e-03
 4.08000e-01  8.40000e-02  1.99500e-01     1.406e-03
 5.10000e-01  8.40000e-02  1.99500e-01     0.000e+00
-5.10000e-01  1.26000e-01  1.99500e-01     0.000e+00
-4.08000e-01  1.26000e-01  1.99500e-01     1.401e-03
-3.06000e-01  1.26000e-01  1.99500e-01     1.401e-03
-2.04000e-01  1.26000e-01  1.99500e-01     1.401e-03
-1.02000e-01  1.26000e-01  1.99500e-01     1.401e-03
 0.00000e+00  1.26000e-01  1.99500e-01     1.401e-03
 1.02000e-01  1.26000e-01  1.99500e-01     1.401e-03
 2.04000e-01  1.26000e-01  1.99500e-01     1.401e-03
 3.06000e-01  1.26000e-01  1.99500e-01     1.401e-03
 4.08000e-01  1.26000e-01  1.99500e-01     1.401e-03
 5.10000e-01  1.26000e-01  1.99500e-01     0.000e+00
-5.10000e-01  1.68000e-01  1.99500e-01     0.000e+00
-4.08000e-01  1.68000e-01  1.99500e-01     1.394e-03
-3.06000e-01  1.68000e-01  1.99500e-01     1.394e-03
-2.04000e-01  1.68000e-01  1.99500e-01     1.394e-03
-1.02000e-01  1.68000e-01  1.99500e-01     1.394e-03
 0.00000e+00  1.68000e-01  1.99500e-01     1.394e-03
 1.02000e-01  1.68000e-01  1.99500e-01     1.394e-03
 2.04000e-01  1.68000e-01  1.99500e-01     1.394e-03
 3.06000e-01  1.68000e-01  1.99500e-01     1.394e-03
 4.08000e-01  1.68000e-01  1.99500e-01     1.394e-03
 5.10000e-01  1.68000e-01  1.99500e-01     0.000e+00
-5.10000e-01  2.10000e-01  1.99500e-01     0.000e+00
-4.08000e-01  2.10000e-01  1.99500e-01     0.000e+00
-3.06000e-01  2.10000e-01  1.99500e-01     0.000e+00
-2.04000e-01  2.10000e-01  1.99500e-01     0.000e+00
-1.02000e-01  2.10000e-01  1.99500e-01     0.000e+00
 0.00000e+00  2.10000e-01  1.99500e-01     0.000e+00
 1.02000e-01  2.10000e-01  1.99500e-01     0.000e+00
 2.04000e-01  2.10000e-01  1.99500e-01     0.000e+00
 3.06000e-01  2.10000e-01  1.99500e-01     0.000e+00
 4.08000e-01  2.10000e-01  1.99500e-01     0.000e+00
 5.10000e-01  2.10000e-01  1.99500e-01     0.000e+00
-5.10000e-01 -2.10000e-01  2.03127e-01     0.000e+00
-4.08000e-01 -2.10000e-01  2.03127e-01     0.000e+00
-3.06000e-01 -2.10000e-01  2.03127e-01     0.000e+00
-2.04000e-01 -2.10000e-01  2.03127e-01     0.000e+00
-1.02000e-01 -2.10000e-01  2.03127e-01     0.000e+00
 0.00000e+00 -2.10000e-01  2.03127e-01     0.000e+00
 1.02000e-01 -2.10000e-01  2.03127e-01     0.000e+00
 2.04000e-01 -2.10000e-01  2.03127e-01     0.000e+00
 3.06000e-01 -2.10000e-01  2.03127e-01     0.000e+00
 4.08000e-01 -2.10000e-01  2.03127e-01     0.000e+00
 5.10000e-01 -2.10000e-01  2.03127e-01     0.000e+00
-5.10000e-01 -1.68000e-01  2.03127e-01     0.000e+00
-4.08000e-01 -1.68000e-01  2.03127e-01     1.365e-03
-3.06000e-01 -1.68000e-01  2.03127e-01     1.365e-03
-2.04000e-01 -1.68000e-01  2.03127e-01     1.365e-03
-1.02000e-01 -1.68000e-01  2.03127e-01     1.365e-03
 0.00000e+00 -1.68000e-01  2.03127e-01     1.365e-03
 1.02000e-01 -1.68000e-01  2.03127e-01     1.365e-03
 2.04000e-01 -1.68000e-01  2.03127e-01     1.365e-03
 3.06000e-01 -1.68000e-01  2.03127e-01     1.365e-03
 4.08000e-01 -1.68000e-01  2.03127e-01     1.365e-03
 5.10000e-01 -1.68000e-01  2.03127e-01     0.000e+00
-5.10000e-01 -1.26000e-01  2.03127e-01     0.000e+00
-4.08000e-01 -1.26000e-01  2.03127e-01     1.372e-03
-3.06000e-01 -1.26000e-01  2.03127e-01     1.372e-03
-2.04000e-01 -1.26000e-01  2.03127e-01     1.372e-03
-1.02000e-01 -1.26000e-01  2.03127e-01     1.372e-03
 0.00000e+00 -1.26000e-01  2.03127e-01     1.372e-03
 1.02000e-01 -1.26000e-01  2.03127e-01     1.372e-03
 2.04000e-01 -1.26000e-01  2.03127e-01     1.372e-03
 3.06000e-01 -1.26000e-01  2.03127e-01     1.372e-03
 4.08000e-01 -1.26000e-01  2.03127e-01     1.372e-03
 5.10000e-01 -1.26000e-01  2.03127e-01     0.000e+00
-5.10000e-01 -8.40000e-02  2.03127e-01     0.000e+00
-4.08000e-01 -8.40000e-02  2.03127e-01     1.377e-03
-3.06000e-01 -8.40000e-02  2.03127e-01     1.377e-03
-2.04000e-01 -8.40000e-02  2.03127e-01     1.377e-03
-1.02000e-01 -8.40000e-02  2.03127e-01     1.377e-03
 0.00000e+00 -8.40000e-02  2.03127e-01     1.377e-03
 1.02000e-01 -8.40000e-02  2.03127e-01     1.377e-03
 2.04000e-01 -8.40000e-02  2.03127e-01     1.377e-03
 3.06000e-01 -8.40000e-02  2.03127e-01     1.377e-03
 4.08000e-01 -8.40000e-02  2.03127e-01     1.377e-03
 5.10000e-01 -8.40000e-02  2.03127e-01     0.000e+00
-5.10000e-01 -4.20000e-02  2.03127e-01     0.000e+00
-4.08000e-01 -4.20000e-02  2.03127e-01     1.380e-03
-3.06000e-01 -4.20000e-02  2.03127e-01     1.380e-03
-2.04000e-01 -4.20000e-02  2.03127e-01     1.380e-03
-1.02000e-01 -4.20000e-02  2.03127e-01     1.380e-03
 0.00000e+00 -4.20000e-02  2.03127e-01     1.380e-03
 1.02000e-01 -4.20000e-02  2.03127e-01     1.380e-03
 2.04000e-01 -4.20000e-02  2.03127e-01     1.380e-03
 3.06000e-01 -4.20000e-02  2.03127e-01     1.380e-03
 4.08000e-01 -4.20000e-02  2.03127e-01     1.380e-03
 5.10000e-01 -4.20000e-02  2.03127e-01     0.000e+00
-5.10000e-01  0.00000e+00  2.03127e-01     0.000e+00
-4.08000e-01  0.00000e+00  2.03127e-01     1.381e-03
-3.06000e-01  0.00000e+00  2.03127e-01     1.381e-03
-2.04000e-01  0.00000e+00  2.03127e-01     1.381e-03
-1.02000e-01  0.00000e+00  2.03127e-01     1.381e-03
 0.00000e+00  0.00000e+00  2.03127e-01     1.381e-03
 1.02000e-01  0.00000e+00  2.03127e-01     1.381e-03
 2.04000e-01  0.00000e+00  2.03127e-01     1.381e-03
 3.06000e-01  0.00000e+00  2.03127e-01     1.381e-03
 4.08000e-01  0.00000e+00  2.03127e-01     1.381e-03
 5.10000e-01  0.00000e+00  2.03127e-01     0.000e+00
-5.10000e-01  4.20000e-02  2.03127e-01     0.000e+00
-4.08000e-01  4.20000e-02  2.03127e-01     1.380e-03
-3.06000e-01  4.20000e-02  2.03127e-01     1.380e-03
-2.04000e-01  4.20000e-02  2.03127e-01     1.380e-03
-1.02000e-01  4.20000e-02  2.03127e-01     1.380e-03
 0.00000e+00  4.20000e-02  2.03127e-01     1.380e-03
 1.02000e-01  4.20000e-02  2.03127e-01     1.380e-03
 2.04000e-01  4.20000e-02  2.03127e-01     1.380e-03
 3.06000e-01  4.20000e-02  2.03127e-01     1.380e-03
 4.08000e-01  4.20000e-02  2.03127e-01     1.380e-03
 5.10000e-01  4.20000e-02  2.03127e-01     0.000e+00
-5.10000e-01  8.40000e-02  2.03127e-01     0.000e+00
-4.08000e-01  8.40000e-02  2.03127e-01     1.377e-03
-3.06000e-01  8.40000e-02  2.03127e-01     1.377e-03
-2.04000e-01  8.40000e-02  2.03127e-01     1.377e-03
-1.02000e-01  8.40000e-02  2.03127e-01     1.377e-03
 0.00000e+00  8.40000e-02  2.03127e-01     1.377e-03
 1.02000e-01  8.40000e-02  2.03127e-01     1.377e-03
 2.04000e-01  8.40000e-02  2.03127e-01     1.377e-03
 3.06000e-01  8.40000e-02  2.03127e-01     1.377e-03
 4.08000e-01  8.40000e-02  2.03127e-01     1.377e-03
 5.10000e-01  8.40000e-02  2.03127e-01     0.000e+00
-5.10000e-01  1.26000e-01  2.03127e-01     0.000e+00
-4.08000e-01  1.26000e-01  2.03127e-01     1.372e-03
-3.06000e-01  1.26000e-01  2.03127e-01     1.372e-03
-2.04000e-01  1.26000e-01  2.03127e-01     1.372e-03
-1.02000e-01  1.26000e-01  2.03127e-01     1.372e-03
 0.00000e+00  1.26000e-01  2.03127e-01     1.372e-03
 1.02000e-01  1.26000e-01  2.03127e-01     1.372e-03
 2.04000e-01  1.26000e-01  2.03127e-01     1.372e-03
 3.06000e-01  1.26000e-01  2.03127e-01     1.372e-03
 4.08000e-01  1.26000e-01  2.03127e-01     1.372e-03
 5.10000e-01  1.26000e-01  2.03127e-01     0.000e+00
-5.10000e-01  1.68000e-01  2.03127e-01     0.000e+00
-4.08000e-01  1.68000e-01  2.03127e-01     1.365e-03
-3.06000e-01  1.68000e-01  2.03127e-01     1.365e-03
-2.04000e-01  1.68000e-01  2.03127e-01     1.365e-03
-1.02000e-01  1.68000e-01  2.03127e-01     1.365e-03
 0.00000e+00  1.68000e-01  2.03127e-01     1.365e-03
 1.02000e-01  1.68000e-01  2.03127e-01     1.365e-03
 2.04000e-01  1.68000e-01  2.03127e-01     1.365e-03
 3.06000e-01  1.68000e-01  2.03127e-01     1.365e-03
 4.08000e-01  1.68000e-01  2.03127e-01     1.365e-03
 5.10000e-01  1.68000e-01  2.03127e-01     0.000e+00
-5.10000e-01  2.10000e-01  2.03127e-01     0.000e+00
-4.08000e-01  2.10000e-01  2.03127e-01     0.000e+00
-3.06000e-01  2.10000e-01  2.03127e-01     0.000e+00
-2.04000e-01  2.10000e-01  2.03127e-01     0.000e+00
-1.02000e-01  2.10000e-01  2.03127e-01     0.000e+00
 0.00000e+00  2.10000e-01  2.03127e-01     0.000e+00
 1.02000e-01  2.10000e-01  2.03127e-01     0.000e+00
 2.04000e-01  2.10000e-01  2.03127e-01     0.000e+00
 3.06000e-01  2.10000e-01  2.03127e-01     0.000e+00
 4.08000e-01  2.10000e-01  2.03127e-01     0.000e+00
 5.10000e-01  2.10000e-01  2.03127e-01     0.000e+00
-5.10000e-01 -2.10000e-01  2.06755e-01     0.000e+00
-4.08000e-01 -2.10000e-01  2.06755e-01     0.000e+00
-3.06000e-01 -2.10000e-01  2.06755e-01     0.000e+00
-2.04000e-01 -2.10000e-01  2.06755e-01     0.000e+00
-1.02000e-01 -2.10000e-01  2.06755e-01     0.000e+00
 0.00000e+00 -2.10000e-01  2.06755e-01     0.000e+00
 1.02000e-01 -2.10000e-01  2.06755e-01     0.000e+00
 2.04000e-01 -2.10000e-01  2.06755e-01     0.000e+00
 3.06000e-01 -2.10000e-01  2.06755e-01     0.000e+00
 4.08000e-01 -2.10000e-01  2.06755e-01     0.000e+00
 5.10000e-01 -2.10000e-01  2.06755e-01     0.000e+00
-5.10000e-01 -1.68000e-01  2.06755e-01     0.000e+00
-4.08000e-01 -1.68000e-01  2.06755e-01     1.338e-03
-3.06000e-01 -1.68000e-01  2.06755e-01     1.338e-03
-2.04000e-01 -1.68000e-01  2.06755e-01     1.338e-03
-1.02000e-01 -1.68000e-01  2.06755e-01     1.338e-03
 0.00000e+00 -1.68000e-01  2.06755e-01     1.338e-03
 1.02000e-01 -1.68000e-01  2.06755e-01     1.338e-03
 2.04000e-01 -1.68000e-01  2.06755e-01     1.338e-03
 3.06000e-01 -1.68000e-01  2.06755e-01     1.338e-03
 4.08000e-01 -1.68000e-01  2.06755e-01     1.338e-03
 5.10000e-01 -1.68000e-01  2.06755e-01     0.000e+00
-5.10000e-01 -1.26000e-01  2.06755e-01     0.000e+00
-4.08000e-01 -1.26000e-01  2.06755e-01     1.344e-03
-3.06000e-01 -1.26000e-01  2.06755e-01     1.344e-03
-2.04000e-01 -1.26000e-01  2.06755e-01     1.344e-03
-1.02000e-01 -1.26000e-01  2.06755e-01     1.344e-03
 0.00000e+00 -1.26000e-01  2.06755e-01     1.344e-03
 1.02000e-01 -1.26000e-01  2.06755e-01     1.344e-03
 2.04000e-01 -1.26000e-01  2.06755e-01     1.344e-03
 3.06000e-01 -1.26000e-01  2.06755e-01     1.344e-03
 4.08000e-01 -1.26000e-01  2.06755e-01     1.344e-03
 5.10000e-01 -1.26000e-01  2.06755e-01     0.000e+00
-5.10000e-01 -8.40000e-02  2.06755e-01     0.000e+00
-4.08000e-01 -8.40000e-02  2.06755e-01     1.349e-03
-3.06000e-01 -8.40000e-02  2.06755e-01     1.349e-03
-2.04000e-01 -8.40000e-02  2.06755e-01     1.349e-03
-1.02000e-01 -8.40000e-02  2.06755e-01     1.349e-03
 0.00000e+00 -8.40000e-02  2.06755e-01     1.349e-03
 1.02000e-01 -8.40000e-02  2.06755e-01     1.349e-03
 2.04000e-01 -8.40000e-02  2.06755e-01     1.349e-03
 3.06000e-01 -8.40000e-02  2.06755e-01     1.349e-03
 4.08000e-01 -8.40000e-02  2.06755e-01     1.349e-03
 5.10000e-01 -8.40000e-02  2.06755e-01     0.000e+00
-5.10000e-01 -4.20000e-02  2.06755e-01     0.000e+00
-4.08000e-01 -4.20000e-02  2.06755e-01     1.352e-03
-3.06000e-01 -4.20000e-02  2.06755e-01     1.352e-03
-2.04000e-01 -4.20000e-02  2.06755e-01     1.352e-03
-1.02000e-01 -4.20000e-02  2.06755e-01     1.352e-03
 0.00000e+00 -4.20000e-02  2.06755e-01     1.352e-03
 1.02000e-01 -4.20000e-02  2.06755e-01     1.352e-03
 2.04000e-01 -4.20000e-02  2.06755e-01     1.352e-03
 3.06000e-01 -4.20000e-02  2.06755e-01     1.352e-03
 4.08000e-01 -4.20000e-02  2.06755e-01     1.352e-03
 5.10000e-01 -4.20000e-02  2.06755e-01     0.000e+00
-5.10000e-01  0.00000e+00  2.06755e-01     0.000e+00
-4.08000e-01  0.00000e+00  2.06755e-01     1.353e-03
-3.06000e-01  0.00000e+00  2.06755e-01     1.353e-03
-2.04000e-01  0.00000e+00  2.06755e-01     1.353e-03
-1.02000e-01  0.00000e+00  2.06755e-01     1.353e-03
 0.00000e+00  0.00000e+00  2.06755e-01     1.353e-03
 1.02000e-01  0.00000e+00  2.06755e-01     1.353e-03
 2.04000e-01  0.00000e+00  2.06755e-01     1.353e-03
 3.06000e-01  0.00000e+00  2.06755e-01     1.353e-03
 4.08000e-01  0.00000e+00  2.06755e-01     1.353e-03
 5.10000e-01  0.00000e+00  2.06755e-01     0.000e+00
-5.10000e-01  4.20000e-02  2.06755e-01     0.000e+00
-4.08000e-01  4.20000e-02  2.06755e-01     1.352e-03
-3.06000e-01  4.20000e-02  2.06755e-01     1.352e-03
-2.04000e-01  4.20000e-02  2.06755e-01     1.352e-03
-1.02000e-01  4.20000e-02  2.06755e-01     1.352e-03
 0.00000e+00  4.20000e-02  2.06755e-01     1.352e-03
 1.02000e-01  4.20000e-02  2.06755e-01     1.352e-03
 2.04000e-01  4.20000e-02  2.06755e-01     1.352e-03
 3.06000e-01  4.20000e-02  2.06755e-01     1.352e-03
 4.08000e-01  4.20000e-02  2.06755e-01     1.352e-03
 5.10000e-01  4.20000e-02  2.06755e-01     0.000e+00
-5.10000e-01  8.40000e-02  2.06755e-01     0.000e+00
-4.08000e-01  8.40000e-02  2.06755e-01     1.349e-03
-3.06000e-01  8.40000e-02  2.06755e-01     1.349e-03
-2.04000e-01  8.40000e-02  2.06755e-01     1.349e-03
-1.02000e-01  8.40000e-02  2.06755e-01     1.349e-03
 0.00000e+00  8.40000e-02  2.06755e-01     1.349e-03
 1.02000e-01  8.40000e-02  2.06755e-01     1.349e-03
 2.04000e-01  8.40000e-02  2.06755e-01     1.349e-03
 3.06000e-01  8.40000e-02  2.06755e-01     1.349e-03
 4.08000e-01  8.40000e-02  2.06755e-01     1.349e-03
 5.10000e-01  8.40000e-02  2.06755e-01     0.000e+00
-5.10000e-01  1.26000e-01  2.06755e-01     0.000e+00
-4.08000e-01  1.26000e-01  2.06755e-01     1.344e-03
-3.06000e-01  1.26000e-01  2.06755e-01     1.344e-03
-2.04000e-01  1.26000e-01  2.06755e-01     1.344e-03
-1.02000e-01  1.26000e-01  2.06755e-01     1.344e-03
 0.00000e+00  1.26000e-01  2.06755e-01     1.344e-03
 1.02000e-01  1.26000e-01  2.06755e-01     1.344e-03
 2.04000e-01  1.26000e-01  2.06755e-01     1.344e-03
 3.06000e-01  1.26000e-01  2.06755e-01     1.344e-03
 4.08000e-01  1.26000e-01  2.06755e-01     1.344e-03
 5.10000e-01  1.26000e-01  2.06755e-01     0.000e+00
-5.10000e-01  1.68000e-01  2.06755e-01     0.000e+00
-4.08000e-01  1.68000e-01  2.06755e-01     1.338e-03
-3.06000e-01  1.68000e-01  2.06755e-01     1.338e-03
-2.04000e-01  1.68000e-01  2.06755e-01     1.338e-03
-1.02000e-01  1.68000e-01  2.06755e-01     1.338e-03
 0.00000e+00  1.68000e-01  2.06755e-01     1.338e-03
 1.02000e-01  1.68000e-01  2.06755e-01     1.338e-03
 2.04000e-01  1.68000e-01  2.06755e-01     1.338e-03
 3.06000e-01  1.68000e-01  2.06755e-01     1.338e-03
 4.08000e-01  1.68000e-01  2.06755e-01     1.338e-03
 5.10000e-01  1.68000e-01  2.06755e-01     0.000e+00
-5.10000e-01  2.10000e-01  2.06755e-01     0.000e+00
-4.08000e-01  2.10000e-01  2.06755e-01     0.000e+00
-3.06000e-01  2.10000e-01  2.06755e-01     0.000e+00
-2.04000e-01  2.10000e-01  2.06755e-01     0.000e+00
-1.02000e-01  2.10000e-01  2.06755e-01     0.000e+00
 0.00000e+00  2.10000e-01  2.06755e-01     0.000e+00
 1.02000e-01  2.10000e-01  2.06755e-01     0.000e+00
 2.04000e-01  2.10000e-01  2.06755e-01     0.000e+00
 3.06000e-01  2.10000e-01  2.06755e-01     0.000e+00
 4.08000e-01  2.10000e-01  2.06755e-01     0.000e+00
 5.10000e-01  2.10000e-01  2.06755e-01     0.000e+00
-5.10000e-01 -2.10000e-01  2.10382e-01     0.000e+00
-4.08000e-01 -2.10000e-01  2.10382e-01     0.000e+00
-3.06000e-01 -2.10000e-01  2.10382e-01     0.000e+00
-2.04000e-01 -2.10000e-01  2.10382e-01     0.000e+00
-1.02000e-01 -2.10000e-01  2.10382e-01     0.000e+00
 0.00000e+00 -2.10000e-01  2.10382e-01     0.000e+00
 1.02000e-01 -2.10000e-01  2.10382e-01     0.000e+00
 2.04000e-01 -2.10000e-01  2.10382e-01     0.000e+00
 3.06000e-01 -2.10000e-01  2.10382e-01     0.000e+00
 4.08000e-01 -2.10000e-01  2.10382e-01     0.000e+00
 5.10000e-01 -2.10000e-01  2.10382e-01     0.000e+00
-5.10000e-01 -1.68000e-01  2.10382e-01     0.000e+00
-4.08000e-01 -1.68000e-01  2.10382e-01     1.311e-03
-3.06000e-01 -1.68000e-01  2.10382e-01     1.311e-03
-2.04000e-01 -1.68000e-01  2.10382e-01     1.311e-03
-1.02000e-01 -1.68000e-01  2.10382e-01     1.311e-03
 0.00000e+00 -1.68000e-01  2.10382e-01     1.311e-03
 1.02000e-01 -1.68000e-01  2.10382e-01     1.311e-03
 2.04000e-01 -1.68000e-01  2.10382e-01     1.311e-03
 3.06000e-01 -1.68000e-01  2.10382e-01     1.311e-03
 4.08000e-01 -1.68000e-01  2.10382e-01     1.311e-03
 5.10000e-01 -1.68000e-01  2.10382e-01     0.000e+00
-5.10000e-01 -1.26000e-01  2.10382e-01     0.000e+00
-4.08000e-01 -1.26000e-01  2.10382e-01     1.318e-03
-3.06000e-01 -1.26000e-01  2.10382e-01     1.318e-03
-2.04000e-01 -1.26000e-01  2.10382e-01     1.318e-03
-1.02000e-01 -1.26000e-01  2.10382e-01     1.318e-03
 0.00000e+00 -1.26000e-01  2.10382e-01     1.318e-03
 1.02000e-01 -1.26000e-01  2.10382e-01     1.318e-03
 2.04000e-01 -1.26000e-01  2.10382e-01     1.318e-03
 3.06000e-01 -1.26000e-01  2.10382e-01     1.318e-03
 4.08000e-01 -1.26000e-01  2.10382e-01     1.318e-03
 5.10000e-01 -1.26000e-01  2.10382e-01     0.000e+00
-5.10000e-01 -8.40000e-02  2.10382e-01     0.000e+00
-4.08000e-01 -8.40000e-02  2.10382e-01     1.323e-03
-3.06000e-01 -8.40000e-02  2.10382e-01     1.323e-03
-2.04000e-01 -8.40000e-02  2.10382e-01     1.323e-03
-1.02000e-01 -8.40000e-02  2.10382e-01     1.323e-03
 0.00000e+00 -8.40000e-02  2.10382e-01     1.323e-03
 1.02000e-01 -8.40000e-02  2.10382e-01     1.323e-03
 2.04000e-01 -8.40000e-02  2.10382e-01     1.323e-03
 3.06000e-01 -8.40000e-02  2.10382e-01     1.323e-03
 4.08000e-01 -8.40000e-02  2.10382e-01     1.323e-03
 5.10000e-01 -8.40000e-02  2.10382e-01     0.000e+00
-5.10000e-01 -4.20000e-02  2.10382e-01     0.000e+00
-4.08000e-01 -4.20000e-02  2.10382e-01     1.325e-03
-3.06000e-01 -4.20000e-02  2.10382e-01     1.325e-03
-2.04000e-01 -4.20000e-02  2.10382e-01     1.325e-03
-1.02000e-01 -4.20000e-02  2.10382e-01     1.325e-03
 0.00000e+00 -4.20000e-02  2.10382e-01     1.325e-03
 1.02000e-01 -4.20000e-02  2.10382e-01     1.325e-03
 2.04000e-01 -4.20000e-02  2.10382e-01     1.325e-03
 3.06000e-01 -4.20000e-02  2.10382e-01     1.325e-03
 4.08000e-01 -4.20000e-02  2.10382e-01     1.325e-03
 5.10000e-01 -4.20000e-02  2.10382e-01     0.000e+00
-5.10000e-01  0.00000e+00  2.10382e-01     0.000e+00
-4.08000e-01  0.00000e+00  2.10382e-01     1.326e-03
-3.06000e-01  0.00000e+00  2.10382e-01     1.326e-03
-2.04000e-01  0.00000e+00  2.10382e-01     1.326e-03
-1.02000e-01  0.00000e+00  2.10382e-01     1.326e-03
 0.00000e+00  0.00000e+00  2.10382e-01     1.326e-03
 1.02000e-01  0.00000e+00  2.10382e-01     1.326e-03
 2.04000e-01  0.00000e+00  2.10382e-01     1.326e-03
 3.06000e-01  0.00000e+00  2.10382e-01     1.326e-03
 4.08000e-01  0.00000e+00  2.10382e-01     1.326e-03
 5.10000e-01  0.00000e+00  2.10382e-01     0.000e+00
-5.10000e-01  4.20000e-02  2.10382e-01     0.000e+00
-4.08000e-01  4.20000e-02  2.10382e-01     1.325e-03
-3.06000e-01  4.20000e-02  2.10382e-01     1.325e-03
-2.04000e-01  4.20000e-02  2.10382e-01     1.325e-03
-1.02000e-01  4.20000e-02  2.10382e-01     1.325e-03
 0.00000e+00  4.20000e-02  2.10382e-01     1.325e-03
 1.02000e-01  4.20000e-02  2.10382e-01     1.325e-03
 2.04000e-01  4.20000e-02  2.10382e-01     1.325e-03
 3.06000e-01  4.20000e-02  2.10382e-01     1.325e-03
 4.08000e-01  4.20000e-02  2.10382e-01     1.325e-03
 5.10000e-01  4.20000e-02  2.10382e-01     0.000e+00
-5.10000e-01  8.40000e-02  2.10382e-01     0.000e+00
-4.08000e-01  8.40000e-02  2.10382e-01     1.323e-03
-3.06000e-01  8.40000e-02  2.10382e-01     1.323e-03
-2.04000e-01  8.40000e-02  2.10382e-01     1.323e-03
-1.02000e-01  8.40000e-02  2.10382e-01     1.323e-03
 0.00000e+00  8.40000e-02  2.10382e-01     1.323e-03
 1.02000e-01  8.40000e-02  2.10382e-01     1.323e-03
 2.04000e-01  8.40000e-02  2.10382e-01     1.323e-03
 3.06000e-01  8.40000e-02  2.10382e-01     1.323e-03
 4.08000e-01  8.40000e-02  2.10382e-01     1.323e-03
 5.10000e-01  8.40000e-02  2.10382e-01     0.000e+00
-5.10000e-01  1.26000e-01  2.10382e-01     0.000e+00
-4.08000e-01  1.26000e-01  2.10382e-01     1.318e-03
-3.06000e-01  1.26000e-01  2.10382e-01     1.318e-03
-2.04000e-01  1.26000e-01  2.10382e-01     1.318e-03
-1.02000e-01  1.26000e-01  2.10382e-01     1.318e-03
 0.00000e+00  1.26000e-01  2.10382e-01     1.318e-03
 1.02000e-01  1.26000e-01  2.10382e-01     1.318e-03
 2.04000e-01  1.26000e-01  2.10382e-01     1.318e-03
 3.06000e-01  1.26000e-01  2.10382e-01     1.318e-03
 4.08000e-01  1.26000e-01  2.10382e-01     1.318e-03
 5.10000e-01  1.26000e-01  2.10382e-01     0.000e+00
-5.10000e-01  1.68000e-01  2.10382e-01     0.000e+00
-4.08000e-01  1.68000e-01  2.10382e-01     1.311e-03
-3.06000e-01  1.68000e-01  2.10382e-01     1.311e-03
-2.04000e-01  1.68000e-01  2.10382e-01     1.311e-03
-1.02000e-01  1.68000e-01  2.10382e-01     1.311e-03
 0.00000e+00  1.68000e-01  2.10382e-01     1.311e-03
 1.02000e-01  1.68000e-01  2.10382e-01     1.311e-03
 2.04000e-01  1.68000e-01  2.10382e-01     1.311e-03
 3.06000e-01  1.68000e-01  2.10382e-01     1.311e-03
 4.08000e-01  1.68000e-01  2.10382e-01     1.311e-03
 5.10000e-01  1.68000e-01  2.10382e-01     0.000e+00
-5.10000e-01  2.10000e-01  2.10382e-01     0.000e+00
-4.08000e-01  2.10000e-01  2.10382e-01     0.000e+00
-3.06000e-01  2.10000e-01  2.10382e-01     0.000e+00
-2.04000e-01  2.10000e-01  2.10382e-01     0.000e+00
-1.02000e-01  2.10000e-01  2.10382e-01     0.000e+00
 0.00000e+00  2.10000e-01  2.10382e-01     0.000e+00
 1.02000e-01  2.10000e-01  2.10382e-01     0.000e+00
 2.04000e-01  2.10000e-01  2.10382e-01     0.000e+00
 3.06000e-01  2.10000e-01  2.10382e-01     0.000e+00
 4.08000e-01  2.10000e-01  2.10382e-01     0.000e+00
 5.10000e-01  2.10000e-01  2.10382e-01     0.000e+00
-5.10000e-01 -2.10000e-01  2.14009e-01     0.000e+00
-4.08000e-01 -2.10000e-01  2.14009e-01     0.000e+00
-3.06000e-01 -2.10000e-01  2.14009e-01     0.000e+00
-2.04000e-01 -2.10000e-01  2.14009e-01     0.000e+00
-1.02000e-01 -2.10000e-01  2.14009e-01     0.000e+00
 0.00000e+00 -2.10000e-01  2.14009e-01     0.000e+00
 1.02000e-01 -2.10000e-01  2.14009e-01     0.000e+00
 2.04000e-01 -2.10000e-01  2.14009e-01     0.000e+00
 3.06000e-01 -2.10000e-01  2.14009e-01     0.000e+00
 4.08000e-01 -2.10000e-01  2.14009e-01     0.000e+00
 5.10000e-01 -2.10000e-01  2.14009e-01     0.000e+00
-5.10000e-01 -1.68000e-01  2.14009e-01     0.000e+00
-4.08000e-01 -1.68000e-01  2.14009e-01     1.285e-03
-3.06000e-01 -1.68000e-01  2.14009e-01     1.285e-03
-2.04000e-01 -1.68000e-01  2.14009e-01     1.285e-03
-1.02000e-01 -1.68000e-01  2.14009e-01     1.285e-03
 0.00000e+00 -1.68000e-01  2.14009e-01     1.285e-03
 1.02000e-01 -1.68000e-01  2.14009e-01     1.285e-03
 2.04000e-01 -1.68000e-01  2.14009e-01     1.285e-03
 3.06000e-01 -1.68000e-01  2.14009e-01     1.285e-03
 4.08000e-01 -1.68000e-01  2.14009e-01     1.285e-03
 5.10000e-01 -1.68000e-01  2.14009e-01     0.000e+00
-5.10000e-01 -1.26000e-01  2.14009e-01     0.000e+00
-4.08000e-01 -1.26000e-01  2.14009e-01     1.292e-03
-3.06000e-01 -1.26000e-01  2.14009e-01     1.292e-03
-2.04000e-01 -1.26000e-01  2.14009e-01     1.292e-03
-1.02000e-01 -1.26000e-01  2.14009e-01     1.292e-03
 0.00000e+00 -1.26000e-01  2.14009e-01     1.292e-03
 1.02000e-01 -1.26000e-01  2.14009e-01     1.292e-03
 2.04000e-01 -1.26000e-01  2.14009e-01     1.292e-03
 3.06000e-01 -1.26000e-01  2.14009e-01     1.292e-03
 4.08000e-01 -1.26000e-01  2.14009e-01     1.292e-03
 5.10000e-01 -1.26000e-01  2.14009e-01     0.000e+00
-5.10000e-01 -8.40000e-02  2.14009e-01     0.000e+00
-4.08000e-01 -8.40000e-02  2.14009e-01     1.297e-03
-3.06000e-01 -8.40000e-02  2.14009e-01     1.297e-03
-2.04000e-01 -8.40000e-02  2.14009e-01     1.297e-03
-1.02000e-01 -8.40000e-02  2.14009e-01     1.297e-03
 0.00000e+00 -8.40000e-02  2.14009e-01     1.297e-03
 1.02000e-01 -8.40000e-02  2.14009e-01     1.297e-03
 2.04000e-01 -8.40000e-02  2.14009e-01     1.297e-03
 3.06000e-01 -8.40000e-02  2.14009e-01     1.297e-03
 4.08000e-01 -8.40000e-02  2.14009e-01     1.297e-03
 5.10000e-01 -8.40000e-02  2.14009e-01     0.000e+00
-5.10000e-01 -4.20000e-02  2.14009e-01     0.000e+00
-4.08000e-01 -4.20000e-02  2.14009e-01     1.300e-03
-3.06000e-01 -4.20000e-02  2.14009e-01     1.300e-03
-2.04000e-01 -4.20000e-02  2.14009e-01     1.300e-03
-1.02000e-01 -4.20000e-02  2.14009e-01     1.300e-03
 0.00000e+00 -4.20000e-02  2.14009e-01     1.300e-03
 1.02000e-01 -4.20000e-02  2.14009e-01     1.300e-03
 2.04000e-01 -4.20000e-02  2.14009e-01     1.300e-03
 3.06000e-01 -4.20000e-02  2.14009e-01     1.300e-03
 4.08000e-01 -4.20000e-02  2.14009e-01     1.300e-03
 5.10000e-01 -4.20000e-02  2.14009e-01     0.000e+00
-5.10000e-01  0.00000e+00  2.14009e-01     0.000e+00
-4.08000e-01  0.00000e+00  2.14009e-01     1.300e-03
-3.06000e-01  0.00000e+00  2.14009e-01     1.300e-03
-2.04000e-01  0.00000e+00  2.14009e-01     1.300e-03
-1.02000e-01  0.00000e+00  2.14009e-01     1.300e-03
 0.00000e+00  0.00000e+00  2.14009e-01     1.300e-03
 1.02000e-01  0.00000e+00  2.14009e-01     1.300e-03
 2.04000e-01  0.00000e+00  2.14009e-01     1.300e-03
 3.06000e-01  0.00000e+00  2.14009e-01     1.300e-03
 4.08000e-01  0.00000e+00  2.14009e-01     1.300e-03
 5.10000e-01  0.00000e+00  2.14009e-01     0.000e+00
-5.10000e-01  4.20000e-02  2.14009e-01     0.000e+00
-4.08000e-01  4.20000e-02  2.14009e-01     1.300e-03
-3.06000e-01  4.20000e-02  2.14009e-01     1.300e-03
-2.04000e-01  4.20000e-02  2.14009e-01     1.300e-03
-1.02000e-01  4.20000e-02  2.14009e-01     1.300e-03
 0.00000e+00  4.20000e-02  2.14009e-01     1.300e-03
 1.02000e-01  4.20000e-02  2.14009e-01     1.300e-03
 2.04000e-01  4.20000e-02  2.14009e-01     1.300e-03
 3.06000e-01  4.20000e-02  2.14009e-01     1.300e-03
 4.08000e-01  4.20000e-02  2.14009e-01     1.300e-03
 5.10000e-01  4.20000e-02  2.14009e-01     0.000e+00
-5.10000e-01  8.40000e-02  2.14009e-01     0.000e+00
-4.08000e-01  8.40000e-02  2.14009e-01     1.297e-03
-3.06000e-01  8.40000e-02  2.14009e-01     1.297e-03
-2.04000e-01  8.40000e-02  2.14009e-01     1.297e-03
-1.02000e-01  8.40000e-02  2.14009e-01     1.297e-03
 0.00000e+00  8.40000e-02  2.14009e-01     1.297e-03
 1.02000e-01  8.40000e-02  2.14009e-01     1.297e-03
 2.04000e-01  8.40000e-02  2.14009e-01     1.297e-03
 3.06000e-01  8.40000e-02  2.14009e-01     1.297e-03
 4.08000e-01  8.40000e-02  2.14009e-01     1.297e-03
 5.10000e-01  8.40000e-02  2.14009e-01     0.000e+00
-5.10000e-01  1.26000e-01  2.14009e-01     0.000e+00
-4.08000e-01  1.26000e-01  2.14009e-01     1.292e-03
-3.06000e-01  1.26000e-01  2.14009e-01     1.292e-03
-2.04000e-01  1.26000e-01  2.14009e-01     1.292e-03
-1.02000e-01  1.26000e-01  2.14009e-01     1.292e-03
 0.00000e+00  1.26000e-01  2.14009e-01     1.292e-03
 1.02000e-01  1.26000e-01  2.14009e-01     1.292e-03
 2.04000e-01  1.26000e-01  2.14009e-01     1.292e-03
 3.06000e-01  1.26000e-01  2.14009e-01     1.292e-03
 4.08000e-01  1.26000e-01  2.14009e-01     1.292e-03
 5.10000e-01  1.26000e-01  2.14009e-01     0.000e+00
-5.10000e-01  1.68000e-01  2.14009e-01     0.000e+00
-4.08000e-01  1.68000e-01  2.14009e-01     1.285e-03
-3.06000e-01  1.68000e-01  2.14009e-01     1.285e-03
-2.04000e-01  1.68000e-01  2.14009e-01     1.285e-03
-1.02000e-01  1.68000e-01  2.14009e-01     1.285e-03
 0.00000e+00  1.68000e-01  2.14009e-01     1.285e-03
 1.02000e-01  1.68000e-01  2.14009e-01     1.285e-03
 2.04000e-01  1.68000e-01  2.14009e-01     1.285e-03
 3.06000e-01  1.68000e-01  2.14009e-01     1.285e-03
 4.08000e-01  1.68000e-01  2.14009e-01     1.285e-03
 5.10000e-01  1.68000e-01  2.14009e-01     0.000e+00
-5.10000e-01  2.10000e-01  2.14009e-01     0.000e+00
-4.08000e-01  2.10000e-01  2.14009e-01     0.000e+00
-3.06000e-01  2.10000e-01  2.14009e-01     0.000e+00
-2.04000e-01  2.10000e-01  2.14009e-01     0.000e+00
-1.02000e-01  2.10000e-01  2.14009e-01     0.000e+00
 0.00000e+00  2.10000e-01  2.14009e-01     0.000e+00
 1.02000e-01  2.10000e-01  2.14009e-01     0.000e+00
 2.04000e-01  2.10000e-01  2.14009e-01     0.000e+00
 3.06000e-01  2.10000e-01  2.14009e-01     0.000e+00
 4.08000e-01  2.10000e-01  2.14009e-01     0.000e+00
 5.10000e-01  2.10000e-01  2.14009e-01     0.000e+00
-5.10000e-01 -2.10000e-01  2.17636e-01     0.000e+00
-4.08000e-01 -2.10000e-01  2.17636e-01     0.000e+00
-3.06000e-01 -2.10000e-01  2.17636e-01     0.000e+00
-2.04000e-01 -2.10000e-01  2.17636e-01     0.000e+00
-1.02000e-01 -2.10000e-01  2.17636e-01     0.000e+00
 0.00000e+00 -2.10000e-01  2.17636e-01     0.000e+00
 1.02000e-01 -2.10000e-01  2.17636e-01     0.000e+00
 2.04000e-01 -2.10000e-01  2.17636e-01     0.000e+00
 3.06000e-01 -2.10000e-01  2.17636e-01     0.000e+00
 4.08000e-01 -2.10000e-01  2.17636e-01     0.000e+00
 5.10000e-01 -2.10000e-01  2.17636e-01     0.000e+00
-5.10000e-01 -1.68000e-01  2.17636e-01     0.000e+00
-4.08000e-01 -1.68000e-01  2.17636e-01     1.261e-03
-3.06000e-01 -1.68000e-01  2.17636e-01     1.261e-03
-2.04000e-01 -1.68000e-01  2.17636e-01     1.261e-03
-1.02000e-01 -1.68000e-01  2.17636e-01     1.261e-03
 0.00000e+00 -1.68000e-01  2.17636e-01     1.261e-03
 1.02000e-01 -1.68000e-01  2.17636e-01     1.261e-03
 2.04000e-01 -1.68000e-01  2.17636e-01     1.261e-03
 3.06000e-01 -1.68000e-01  2.17636e-01     1.261e-03
 4.08000e-01 -1.68000e-01  2.17636e-01     1.261e-03
 5.10000e-01 -1.68000e-01  2.17636e-01     0.000e+00
-5.10000e-01 -1.26000e-01  2.17636e-01     0.000e+00
-4.08000e-01 -1.26000e-01  2.17636e-01     1.267e-03
-3.06000e-01 -1.26000e-01  2.17636e-01     1.267e-03
-2.04000e-01 -1.26000e-01  2.17636e-01     1.267e-03
-1.02000e-01 -1.26000e-01  2.17636e-01     1.267e-03
 0.00000e+00 -1.26000e-01  2.17636e-01     1.267e-03
 1.02000e-01 -1.26000e-01  2.17636e-01     1.267e-03
 2.04000e-01 -1.26000e-01  2.17636e-01     1.267e-03
 3.06000e-01 -1.26000e-01  2.17636e-01     1.267e-03
 4.08000e-01 -1.26000e-01  2.17636e-01     1.267e-03
 5.10000e-01 -1.26000e-01  2.17636e-01     0.000e+00
-5.10000e-01 -8.40000e-02  2.17636e-01     0.000e+00
-4.08000e-01 -8.40000e-02  2.17636e-01     1.272e-03
-3.06000e-01 -8.40000e-02  2.17636e-01     1.272e-03
-2.04000e-01 -8.40000e-02  2.17636e-01     1.272e-03
-1.02000e-01 -8.40000e-02  2.17636e-01     1.272e-03
 0.00000e+00 -8.40000e-02  2.17636e-01     1.272e-03
 1.02000e-01 -8.40000e-02  2.17636e-01     1.272e-03
 2.04000e-01 -8.40000e-02  2.17636e-01     1.272e-03
 3.06000e-01 -8.40000e-02  2.17636e-01     1.272e-03
 4.08000e-01 -8.40000e-02  2.17636e-01     1.272e-03
 5.10000e-01 -8.40000e-02  2.17636e-01     0.000e+00
-5.10000e-01 -4.20000e-02  2.17636e-01     0.000e+00
-4.08000e-01 -4.20000e-02  2.17636e-01     1.274e-03
-3.06000e-01 -4.20000e-02  2.17636e-01     1.274e-03
-2.04000e-01 -4.20000e-02  2.17636e-01     1.274e-03
-1.02000e-01 -4.20000e-02  2.17636e-01     1.274e-03
 0.00000e+00 -4.20000e-02  2.17636e-01     1.274e-03
 1.02000e-01 -4.20000e-02  2.17636e-01     1.274e-03
 2.04000e-01 -4.20000e-02  2.17636e-01     1.274e-03
 3.06000e-01 -4.20000e-02  2.17636e-01     1.274e-03
 4.08000e-01 -4.20000e-02  2.17636e-01     1.274e-03
 5.10000e-01 -4.20000e-02  2.17636e-01     0.000e+00
-5.10000e-01  0.00000e+00  2.17636e-01     0.000e+00
-4.08000e-01  0.00000e+00  2.17636e-01     1.275e-03
-3.06000e-01  0.00000e+00  2.17636e-01     1.275e-03
-2.04000e-01  0.00000e+00  2.17636e-01     1.275e-03
-1.02000e-01  0.00000e+00  2.17636e-01     1.275e-03
 0.00000e+00  0.00000e+00  2.17636e-01     1.275e-03
 1.02000e-01  0.00000e+00  2.17636e-01     1.275e-03
 2.04000e-01  0.00000e+00  2.17636e-01     1.275e-03
 3.06000e-01  0.00000e+00  2.17636e-01     1.275e-03
 4.08000e-01  0.00000e+00  2.17636e-01     1.275e-03
 5.10000e-01  0.00000e+00  2.17636e-01     0.000e+00
-5.10000e-01  4.20000e-02  2.17636e-01     0.000e+00
-4.08000e-01  4.20000e-02  2.17636e-01     1.274e-03
-3.06000e-01  4.20000e-02  2.17636e-01     1.274e-03
-2.04000e-01  4.20000e-02  2.17636e-01     1.274e-03
-1.02000e-01  4.20000e-02  2.17636e-01     1.274e-03
 0.00000e+00  4.20000e-02  2.17636e-01     1.274e-03
 1.02000e-01  4.20000e-02  2.17636e-01     1.274e-03
 2.04000e-01  4.20000e-02  2.17636e-01     1.274e-03
 3.06000e-01  4.20000e-02  2.17636e-01     1.274e-03
 4.08000e-01  4.20000e-02  2.17636e-01     1.274e-03
 5.10000e-01  4.20000e-02  2.17636e-01     0.000e+00
-5.10000e-01  8.40000e-02  2.17636e-01     0.000e+00
-4.08000e-01  8.40000e-02  2.17636e-01     1.272e-03
-3.06000e-01  8.40000e-02  2.17636e-01     1.272e-03
-2.04000e-01  8.40000e-02  2.17636e-01     1.272e-03
-1.02000e-01  8.40000e-02  2.17636e-01     1.272e-03
 0.00000e+00  8.40000e-02  2.17636e-01     1.272e-03
 1.02000e-01  8.40000e-02  2.17636e-01     1.272e-03
 2.04000e-01  8.40000e-02  2.17636e-01     1.272e-03
 3.06000e-01  8.40000e-02  2.17636e-01     1.272e-03
 4.08000e-01  8.40000e-02  2.17636e-01     1.272e-03
 5.10000e-01  8.40000e-02  2.17636e-01     0.000e+00
-5.10000e-01  1.26000e-01  2.17636e-01     0.000e+00
-4.08000e-01  1.26000e-01  2.17636e-01     1.267e-03
-3.06000e-01  1.26000e-01  2.17636e-01     1.267e-03
-2.04000e-01  1.26000e-01  2.17636e-01     1.267e-03
-1.02000e-01  1.26000e-01  2.17636e-01     1.267e-03
 0.00000e+00  1.26000e-01  2.17636e-01     1.267e-03
 1.02000e-01  1.26000e-01  2.17636e-01     1.267e-03
 2.04000e-01  1.26000e-01  2.17636e-01     1.267e-03
 3.06000e-01  1.26000e-01  2.17636e-01     1.267e-03
 4.08000e-01  1.26000e-01  2.17636e-01     1.267e-03
 5.10000e-01  1.26000e-01  2.17636e-01     0.000e+00
-5.10000e-01  1.68000e-01  2.17636e-01     0.000e+00
-4.08000e-01  1.68000e-01  2.17636e-01     1.261e-03
-3.06000e-01  1.68000e-01  2.17636e-01     1.261e-03
-2.04000e-01  1.68000e-01  2.17636e-01     1.261e-03
-1.02000e-01  1.68000e-01  2.17636e-01     1.261e-03
 0.00000e+00  1.68000e-01  2.17636e-01     1.261e-03
 1.02000e-01  1.68000e-01  2.17636e-01     1.261e-03
 2.04000e-01  1.68000e-01  2.17636e-01     1.261e-03
 3.06000e-01  1.68000e-01  2.17636e-01     1.261e-03
 4.08000e-01  1.68000e-01  2.17636e-01     1.261e-03
 5.10000e-01  1.68000e-01  2.17636e-01     0.000e+00
-5.10000e-01  2.10000e-01  2.17636e-01     0.000e+00
-4.08000e-01  2.10000e-01  2.17636e-01     0.000e+00
-3.06000e-01  2.10000e-01  2.17636e-01     0.000e+00
-2.04000e-01  2.10000e-01  2.17636e-01     0.000e+00
-1.02000e-01  2.10000e-01  2.17636e-01     0.000e+00
 0.00000e+00  2.10000e-01  2.17636e-01     0.000e+00
 1.02000e-01  2.10000e-01  2.17636e-01     0.000e+00
 2.04000e-01  2.10000e-01  2.17636e-01     0.000e+00
 3.06000e-01  2.10000e-01  2.17636e-01     0.000e+00
 4.08000e-01  2.10000e-01  2.17636e-01     0.000e+00
 5.10000e-01  2.10000e-01  2.17636e-01     0.000e+00
-5.10000e-01 -2.10000e-01  2.21264e-01     0.000e+00
-4.08000e-01 -2.10000e-01  2.21264e-01     0.000e+00
-3.06000e-01 -2.10000e-01  2.21264e-01     0.000e+00
-2.04000e-01 -2.10000e-01  2.21264e-01     0.000e+00
-1.02000e-01 -2.10000e-01  2.21264e-01     0.000e+00
 0.00000e+00 -2.10000e-01  2.21264e-01     0.000e+00
 1.02000e-01 -2.10000e-01  2.21264e-01     0.000e+00
 2.04000e-01 -2.10000e-01  2.21264e-01     0.000e+00
 3.06000e-01 -2.10000e-01  2.21264e-01     0.000e+00
 4.08000e-01 -2.10000e-01  2.21264e-01     0.000e+00
 5.10000e-01 -2.10000e-01  2.21264e-01     0.000e+00
-5.10000e-01 -1.68000e-01  2.21264e-01     0.000e+00
-4.08000e-01 -1.68000e-01  2.21264e-01     1.237e-03
-3.06000e-01 -1.68000e-01  2.21264e-01     1.237e-03
-2.04000e-01 -1.68000e-01  2.21264e-01     1.237e-03
-1.02000e-01 -1.68000e-01  2.21264e-01     1.237e-03
 0.00000e+00 -1.68000e-01  2.21264e-01     1.237e-03
 1.02000e-01 -1.68000e-01  2.21264e-01     1.237e-03
 2.04000e-01 -1.68000e-01  2.21264e-01     1.237e-03
 3.06000e-01 -1.68000e-01  2.21264e-01     1.237e-03
 4.08000e-01 -1.68000e-01  2.21264e-01     1.237e-03
 5.10000e-01 -1.68000e-01  2.21264e-01     0.000e+00
-5.10000e-01 -1.26000e-01  2.21264e-01     0.000e+00
-4.08000e-01 -1.26000e-01  2.21264e-01     1.243e-03
-3.06000e-01 -1.26000e-01  2.21264e-01     1.243e-03
-2.04000e-01 -1.26000e-01  2.21264e-01     1.243e-03
-1.02000e-01 -1.26000e-01  2.21264e-01     1.243e-03
 0.00000e+00 -1.26000e-01  2.21264e-01     1.243e-03
 1.02000e-01 -1.26000e-01  2.21264e-01     1.243e-03
 2.04000e-01 -1.26000e-01  2.21264e-01     1.243e-03
 3.06000e-01 -1.26000e-01  2.21264e-01     1.243e-03
 4.08000e-01 -1.26000e-01  2.21264e-01     1.243e-03
 5.10000e-01 -1.26000e-01  2.21264e-01     0.000e+00
-5.10000e-01 -8.40000e-02  2.21264e-01     0.000e+00
-4.08000e-01 -8.40000e-02  2.21264e-01     1.247e-03
-3.06000e-01 -8.40000e-02  2.21264e-01     1.247e-03
-2.04000e-01 -8.40000e-02  2.21264e-01     1.247e-03
-1.02000e-01 -8.40000e-02  2.21264e-01     1.247e-03
 0.00000e+00 -8.40000e-02  2.21264e-01     1.247e-03
 1.02000e-01 -8.40000e-02  2.21264e-01     1.247e-03
 2.04000e-01 -8.40000e-02  2.21264e-01     1.247e-03
 3.06000e-01 -8.40000e-02  2.21264e-01     1.247e-03
 4.08000e-01 -8.40000e-02  2.21264e-01     1.247e-03
 5.10000e-01 -8.40000e-02  2.21264e-01     0.000e+00
-5.10000e-01 -4.20000e-02  2.21264e-01     0.000e+00
-4.08000e-01 -4.20000e-02  2.21264e-01     1.250e-03
-3.06000e-01 -4.20000e-02  2.21264e-01     1.250e-03
-2.04000e-01 -4.20000e-02  2.21264e-01     1.250e-03
-1.02000e-01 -4.20000e-02  2.21264e-01     1.250e-03
 0.00000e+00 -4.20000e-02  2.21264e-01     1.250e-03
 1.02000e-01 -4.20000e-02  2.21264e-01     1.250e-03
 2.04000e-01 -4.20000e-02  2.21264e-01     1.250e-03
 3.06000e-01 -4.20000e-02  2.21264e-01     1.250e-03
 4.08000e-01 -4.20000e-02  2.21264e-01     1.250e-03
 5.10000e-01 -4.20000e-02  2.21264e-01     0.000e+00
-5.10000e-01  0.00000e+00  2.21264e-01     0.000e+00
-4.08000e-01  0.00000e+00  2.21264e-01     1.251e-03
-3.06000e-01  0.00000e+00  2.21264e-01     1.251e-03
-2.04000e-01  0.00000e+00  2.21264e-01     1.251e-03
-1.02000e-01  0.00000e+00  2.21264e-01     1.251e-03
 0.00000e+00  0.00000e+00  2.21264e-01     1.251e-03
 1.02000e-01  0.00000e+00  2.21264e-01     1.251e-03
 2.04000e-01  0.00000e+00  2.21264e-01     1.251e-03
 3.06000e-01  0.00000e+00  2.21264e-01     1.251e-03
 4.08000e-01  0.00000e+00  2.21264e-01     1.251e-03
 5.10000e-01  0.00000e+00  2.21264e-01     0.000e+00
-5.10000e-01  4.20000e-02  2.21264e-01     0.000e+00
-4.08000e-01  4.20000e-02  2.21264e-01     1.250e-03
-3.06000e-01  4.20000e-02  2.21264e-01     1.250e-03
-2.04000e-01  4.20000e-02  2.21264e-01     1.250e-03
-1.02000e-01  4.20000e-02  2.21264e-01     1.250e-03
 0.00000e+00  4.20000e-02  2.21264e-01     1.250e-03
 1.02000e-01  4.20000e-02  2.21264e-01     1.250e-03
 2.04000e-01  4.20000e-02  2.21264e-01     1.250e-03
 3.06000e-01  4.20000e-02  2.21264e-01     1.250e-03
 4.08000e-01  4.20000e-02  2.21264e-01     1.250e-03
 5.10000e-01  4.20000e-02  2.21264e-01     0.000e+00
-5.10000e-01  8.40000e-02  2.21264e-01     0.000e+00
-4.08000e-01  8.40000e-02  2.21264e-01     1.247e-03
-3.06000e-01  8.40000e-02  2.21264e-01     1.247e-03
-2.04000e-01  8.40000e-02  2.21264e-01     1.247e-03
-1.02000e-01  8.40000e-02  2.21264e-01     1.247e-03
 0.00000e+00  8.40000e-02  2.21264e-01     1.247e-03
 1.02000e-01  8.40000e-02  2.21264e-01     1.247e-03
 2.04000e-01  8.40000e-02  2.21264e-01     1.247e-03
 3.06000e-01  8.40000e-02  2.21264e-01     1.247e-03
 4.08000e-01  8.40000e-02  2.21264e-01     1.247e-03
 5.10000e-01  8.40000e-02  2.21264e-01     0.000e+00
-5.10000e-01  1.26000e-01  2.21264e-01     0.000e+00
-4.08000e-01  1.26000e-01  2.21264e-01     1.243e-03
-3.06000e-01  1.26000e-01  2.21264e-01     1.243e-03
-2.04000e-01  1.26000e-01  2.21264e-01     1.243e-03
-1.02000e-01  1.26000e-01  2.21264e-01     1.243e-03
 0.00000e+00  1.26000e-01  2.21264e-01     1.243e-03
 1.02000e-01  1.26000e-01  2.21264e-01     1.243e-03
 2.04000e-01  1.26000e-01  2.21264e-01     1.243e-03
 3.06000e-01  1.26000e-01  2.21264e-01     1.243e-03
 4.08000e-01  1.26000e-01  2.21264e-01     1.243e-03
 5.10000e-01  1.26000e-01  2.21264e-01     0.000e+00
-5.10000e-01  1.68000e-01  2.21264e-01     0.000e+00
-4.08000e-01  1.68000e-01  2.21264e-01     1.237e-03
-3.06000e-01  1.68000e-01  2.21264e-01     1.237e-03
-2.04000e-01  1.68000e-01  2.21264e-01     1.237e-03
-1.02000e-01  1.68000e-01  2.21264e-01     1.237e-03
 0.00000e+00  1.68000e-01  2.21264e-01     1.237e-03
 1.02000e-01  1.68000e-01  2.21264e-01     1.237e-03
 2.04000e-01  1.68000e-01  2.21264e-01     1.237e-03
 3.06000e-01  1.68000e-01  2.21264e-01     1.237e-03
 4.08000e-01  1.68000e-01  2.21264e-01     1.237e-03
 5.10000e-01  1.68000e-01  2.21264e-01     0.000e+00
-5.10000e-01  2.10000e-01  2.21264e-01     0.000e+00
-4.08000e-01  2.10000e-01  2.21264e-01     0.000e+00
-3.06000e-01  2.10000e-01  2.21264e-01     0.000e+00
-2.04000e-01  2.10000e-01  2.21264e-01     0.000e+00
-1.02000e-01  2.10000e-01  2.21264e-01     0.000e+00
 0.00000e+00  2.10000e-01  2.21264e-01     0.000e+00
 1.02000e-01  2.10000e-01  2.21264e-01     0.000e+00
 2.04000e-01  2.10000e-01  2.21264e-01     0.000e+00
 3.06000e-01  2.10000e-01  2.21264e-01     0.000e+00
 4.08000e-01  2.10000e-01  2.21264e-01     0.000e+00
 5.10000e-01  2.10000e-01  2.21264e-01     0.000e+00
-5.10000e-01 -2.10000e-01  2.24891e-01     0.000e+00
-4.08000e-01 -2.10000e-01  2.24891e-01     0.000e+00
-3.06000e-01 -2.10000e-01  2.24891e-01     0.000e+00
-2.04000e-01 -2.10000e-01  2.24891e-01     0.000e+00
-1.02000e-01 -2.10000e-01  2.24891e-01     0.000e+00
 0.00000e+00 -2.10000e-01  2.24891e-01     0.000e+00
 1.02000e-01 -2.10000e-01  2.24891e-01     0.000e+00
 2.04000e-01 -2.10000e-01  2.24891e-01     0.000e+00
 3.06000e-01 -2.10000e-01  2.24891e-01     0.000e+00
 4.08000e-01 -2.10000e-01  2.24891e-01     0.000e+00
 5.10000e-01 -2.10000e-01  2.24891e-01     0.000e+00
-5.10000e-01 -1.68000e-01  2.24891e-01     0.000e+00
-4.08000e-01 -1.68000e-01  2.24891e-01     1.213e-03
-3.06000e-01 -1.68000e-01  2.24891e-01     1.213e-03
-2.04000e-01 -1.68000e-01  2.24891e-01     1.213e-03
-1.02000e-01 -1.68000e-01  2.24891e-01     1.213e-03
 0.00000e+00 -1.68000e-01  2.24891e-01     1.213e-03
 1.02000e-01 -1.68000e-01  2.24891e-01     1.213e-03
 2.04000e-01 -1.68000e-01  2.24891e-01     1.213e-03
 3.06000e-01 -1.68000e-01  2.24891e-01     1.213e-03
 4.08000e-01 -1.68000e-01  2.24891e-01     1.213e-03
 5.10000e-01 -1.68000e-01  2.24891e-01     0.000e+00
-5.10000e-01 -1.26000e-01  2.24891e-01     0.000e+00
-4.08000e-01 -1.26000e-01  2.24891e-01     1.220e-03
-3.06000e-01 -1.26000e-01  2.24891e-01     1.220e-03
-2.04000e-01 -1.26000e-01  2.24891e-01     1.220e-03
-1.02000e-01 -1.26000e-01  2.24891e-01     1.220e-03
 0.00000e+00 -1.26000e-01  2.24891e-01     1.220e-03
 1.02000e-01 -1.26000e-01  2.24891e-01     1.220e-03
 2.04000e-01 -1.26000e-01  2.24891e-01     1.220e-03
 3.06000e-01 -1.26000e-01  2.24891e-01     1.220e-03
 4.08000e-01 -1.26000e-01  2.24891e-01     1.220e-03
 5.10000e-01 -1.26000e-01  2.24891e-01     0.000e+00
-5.10000e-01 -8.40000e-02  2.24891e-01     0.000e+00
-4.08000e-01 -8.40000e-02  2.24891e-01     1.224e-03
-3.06000e-01 -8.40000e-02  2.24891e-01     1.224e-03
-2.04000e-01 -8.40000e-02  2.24891e-01     1.224e-03
-1.02000e-01 -8.40000e-02  2.24891e-01     1.224e-03
 0.00000e+00 -8.40000e-02  2.24891e-01     1.224e-03
 1.02000e-01 -8.40000e-02  2.24891e-01     1.224e-03
 2.04000e-01 -8.40000e-02  2.24891e-01     1.224e-03
 3.06000e-01 -8.40000e-02  2.24891e-01     1.224e-03
 4.08000e-01 -8.40000e-02  2.24891e-01     1.224e-03
 5.10000e-01 -8.40000e-02  2.24891e-01     0.000e+00
-5.10000e-01 -4.20000e-02  2.24891e-01     0.000e+00
-4.08000e-01 -4.20000e-02  2.24891e-01     1.227e-03
-3.06000e-01 -4.20000e-02  2.24891e-01     1.227e-03
-2.04000e-01 -4.20000e-02  2.24891e-01     1.227e-03
-1.02000e-01 -4.20000e-02  2.24891e-01     1.227e-03
 0.00000e+00 -4.20000e-02  2.24891e-01     1.227e-03
 1.02000e-01 -4.20000e-02  2.24891e-01     1.227e-03
 2.04000e-01 -4.20000e-02  2.24891e-01     1.227e-03
 3.06000e-01 -4.20000e-02  2.24891e-01     1.227e-03
 4.08000e-01 -4.20000e-02  2.24891e-01     1.227e-03
 5.10000e-01 -4.20000e-02  2.24891e-01     0.000e+00
-5.10000e-01  0.00000e+00  2.24891e-01     0.000e+00
-4.08000e-01  0.00000e+00  2.24891e-01     1.228e-03
-3.06000e-01  0.00000e+00  2.24891e-01     1.228e-03
-2.04000e-01  0.00000e+00  2.24891e-01     1.228e-03
-1.02000e-01  0.00000e+00  2.24891e-01     1.228e-03
 0.00000e+00  0.00000e+00  2.24891e-01     1.228e-03
 1.02000e-01  0.00000e+00  2.24891e-01     1.228e-03
 2.04000e-01  0.00000e+00  2.24891e-01     1.228e-03
 3.06000e-01  0.00000e+00  2.24891e-01     1.228e-03
 4.08000e-01  0.00000e+00  2.24891e-01     1.228e-03
 5.10000e-01  0.00000e+00  2.24891e-01     0.000e+00
-5.10000e-01  4.20000e-02  2.24891e-01     0.000e+00
-4.08000e-01  4.20000e-02  2.24891e-01     1.227e-03
-3.06000e-01  4.20000e-02  2.24891e-01     1.227e-03
-2.04000e-01  4.20000e-02  2.24891e-01     1.227e-03
-1.02000e-01  4.20000e-02  2.24891e-01     1.227e-03
 0.00000e+00  4.20000e-02  2.24891e-01     1.227e-03
 1.02000e-01  4.20000e-02  2.24891e-01     1.227e-03
 2.04000e-01  4.20000e-02  2.24891e-01     1.227e-03
 3.06000e-01  4.20000e-02  2.24891e-01     1.227e-03
 4.08000e-01  4.20000e-02  2.24891e-01     1.227e-03
 5.10000e-01  4.20000e-02  2.24891e-01     0.000e+00
-5.10000e-01  8.40000e-02  2.24891e-01     0.000e+00
-4.08000e-01  8.40000e-02  2.24891e-01     1.224e-03
-3.06000e-01  8.40000e-02  2.24891e-01     1.224e-03
-2.04000e-01  8.40000e-02  2.24891e-01     1.224e-03
-1.02000e-01  8.40000e-02  2.24891e-01     1.224e-03
 0.00000e+00  8.40000e-02  2.24891e-01     1.224e-03
 1.02000e-01  8.40000e-02  2.24891e-01     1.224e-03
 2.04000e-01  8.40000e-02  2.24891e-01     1.224e-03
 3.06000e-01  8.40000e-02  2.24891e-01     1.224e-03
 4.08000e-01  8.40000e-02  2.24891e-01     1.224e-03
 5.10000e-01  8.40000e-02  2.24891e-01     0.000e+00
-5.10000e-01  1.26000e-01  2.24891e-01     0.000e+00
-4.08000e-01  1.26000e-01  2.24891e-01     1.220e-03
-3.06000e-01  1.26000e-01  2.24891e-01     1.220e-03
-2.04000e-01  1.26000e-01  2.24891e-01     1.220e-03
-1.02000e-01  1.26000e-01  2.24891e-01     1.220e-03
 0.00000e+00  1.26000e-01  2.24891e-01     1.220e-03
 1.02000e-01  1.26000e-01  2.24891e-01     1.220e-03
 2.04000e-01  1.26000e-01  2.24891e-01     1.220e-03
 3.06000e-01  1.26000e-01  2.24891e-01     1.220e-03
 4.08000e-01  1.26000e-01  2.24891e-01     1.220e-03
 5.10000e-01  1.26000e-01  2.24891e-01     0.000e+00
-5.10000e-01  1.68000e-01  2.24891e-01     0.000e+00
-4.08000e-01  1.68000e-01  2.24891e-01     1.213e-03
-3.06000e-01  1.68000e-01  2.24891e-01     1.213e-03
-2.04000e-01  1.68000e-01  2.24891e-01     1.213e-03
-1.02000e-01  1.68000e-01  2.24891e-01     1.213e-03
 0.00000e+00  1.68000e-01  2.24891e-01     1.213e-03
 1.02000e-01  1.68000e-01  2.24891e-01     1.213e-03
 2.04000e-01  1.68000e-01  2.24891e-01     1.213e-03
 3.06000e-01  1.68000e-01  2.24891e-01     1.213e-03
 4.08000e-01  1.68000e-01  2.24891e-01     1.213e-03
 5.10000e-01  1.68000e-01  2.24891e-01     0.000e+00
-5.10000e-01  2.10000e-01  2.24891e-01     0.000e+00
-4.08000e-01  2.10000e-01  2.24891e-01     0.000e+00
-3.06000e-01  2.10000e-01  2.24891e-01     0.000e+00
-2.04000e-01  2.10000e-01  2.24891e-01     0.000e+00
-1.02000e-01  2.10000e-01  2.24891e-01     0.000e+00
 0.00000e+00  2.10000e-01  2.24891e-01     0.000e+00
 1.02000e-01  2.10000e-01  2.24891e-01     0.000e+00
 2.04000e-01  2.10000e-01  2.24891e-01     0.000e+00
 3.06000e-01  2.10000e-01  2.24891e-01     0.000e+00
 4.08000e-01  2.10000e-01  2.24891e-01     0.000e+00
 5.10000e-01  2.10000e-01  2.24891e-01     0.000e+00
-5.10000e-01 -2.10000e-01  2.28518e-01     0.000e+00
-4.08000e-01 -2.10000e-01  2.28518e-01     0.000e+00
-3.06000e-01 -2.10000e-01  2.28518e-01     0.000e+00
-2.04000e-01 -2.10000e-01  2.28518e-01     0.000e+00
-1.02000e-01 -2.10000e-01  2.28518e-01     0.000e+00
 0.00000e+00 -2.10000e-01  2.28518e-01     0.000e+00
 1.02000e-01 -2.10000e-01  2.28518e-01     0.000e+00
 2.04000e-01 -2.10000e-01  2.28518e-01     0.000e+00
 3.06000e-01 -2.10000e-01  2.28518e-01     0.000e+00
 4.08000e-01 -2.10000e-01  2.28518e-01     0.000e+00
 5.10000e-01 -2.10000e-01  2.28518e-01     0.000e+00
-5.10000e-01 -1.68000e-01  2.28518e-01     0.000e+00
-4.08000e-01 -1.68000e-01  2.28518e-01     1.191e-03
-3.06000e-01 -1.68000e-01  2.28518e-01     1.191e-03
-2.04000e-01 -1.68000e-01  2.28518e-01     1.191e-03
-1.02000e-01 -1.68000e-01  2.28518e-01     1.191e-03
 0.00000e+00 -1.68000e-01  2.28518e-01     1.191e-03
 1.02000e-01 -1.68000e-01  2.28518e-01     1.191e-03
 2.04000e-01 -1.68000e-01  2.28518e-01     1.191e-03
 3.06000e-01 -1.68000e-01  2.28518e-01     1.191e-03
 4.08000e-01 -1.68000e-01  2.28518e-01     1.191e-03
 5.10000e-01 -1.68000e-01  2.28518e-01     0.000e+00
-5.10000e-01 -1.26000e-01  2.28518e-01     0.000e+00
-4.08000e-01 -1.26000e-01  2.28518e-01     1.197e-03
-3.06000e-01 -1.26000e-01  2.28518e-01     1.197e-03
-2.04000e-01 -1.26000e-01  2.28518e-01     1.197e-03
-1.02000e-01 -1.26000e-01  2.28518e-01     1.197e-03
 0.00000e+00 -1.26000e-01  2.28518e-01     1.197e-03
 1.02000e-01 -1.26000e-01  2.28518e-01     1.197e-03
 2.04000e-01 -1.26000e-01  2.28518e-01     1.197e-03
 3.06000e-01 -1.26000e-01  2.28518e-01     1.197e-03
 4.08000e-01 -1.26000e-01  2.28518e-01     1.197e-03
 5.10000e-01 -1.26000e-01  2.28518e-01     0.000e+00
-5.10000e-01 -8.40000e-02  2.28518e-01     0.000e+00
-4.08000e-01 -8.40000e-02  2.28518e-01     1.201e-03
-3.06000e-01 -8.40000e-02  2.28518e-01     1.201e-03
-2.04000e-01 -8.40000e-02  2.28518e-01     1.201e-03
-1.02000e-01 -8.40000e-02  2.28518e-01     1.201e-03
 0.00000e+00 -8.40000e-02  2.28518e-01     1.201e-03
 1.02000e-01 -8.40000e-02  2.28518e-01     1.201e-03
 2.04000e-01 -8.40000e-02  2.28518e-01     1.201e-03
 3.06000e-01 -8.40000e-02  2.28518e-01     1.201e-03
 4.08000e-01 -8.40000e-02  2.28518e-01     1.201e-03
 5.10000e-01 -8.40000e-02  2.28518e-01     0.000e+00
-5.10000e-01 -4.20000e-02  2.28518e-01     0.000e+00
-4.08000e-01 -4.20000e-02  2.28518e-01     1.204e-03
-3.06000e-01 -4.20000e-02  2.28518e-01     1.204e-03
-2.04000e-01 -4.20000e-02  2.28518e-01     1.204e-03
-1.02000e-01 -4.20000e-02  2.28518e-01     1.204e-03
 0.00000e+00 -4.20000e-02  2.28518e-01     1.204e-03
 1.02000e-01 -4.20000e-02  2.28518e-01     1.204e-03
 2.04000e-01 -4.20000e-02  2.28518e-01     1.204e-03
 3.06000e-01 -4.20000e-02  2.28518e-01     1.204e-03
 4.08000e-01 -4.20000e-02  2.28518e-01     1.204e-03
 5.10000e-01 -4.20000e-02  2.28518e-01     0.000e+00
-5.10000e-01  0.00000e+00  2.28518e-01     0.000e+00
-4.08000e-01  0.00000e+00  2.28518e-01     1.205e-03
-3.06000e-01  0.00000e+00  2.28518e-01     1.205e-03
-2.04000e-01  0.00000e+00  2.28518e-01     1.205e-03
-1.02000e-01  0.00000e+00  2.28518e-01     1.205e-03
 0.00000e+00  0.00000e+00  2.28518e-01     1.205e-03
 1.02000e-01  0.00000e+00  2.28518e-01     1.205e-03
 2.04000e-01  0.00000e+00  2.28518e-01     1.205e-03
 3.06000e-01  0.00000e+00  2.28518e-01     1.205e-03
 4.08000e-01  0.00000e+00  2.28518e-01     1.205e-03
 5.10000e-01  0.00000e+00  2.28518e-01     0.000e+00
-5.10000e-01  4.20000e-02  2.28518e-01     0.000e+00
-4.08000e-01  4.20000e-02  2.28518e-01     1.204e-03
-3.06000e-01  4.20000e-02  2.28518e-01     1.204e-03
-2.04000e-01  4.20000e-02  2.28518e-01     1.204e-03
-1.02000e-01  4.20000e-02  2.28518e-01     1.204e-03
 0.00000e+00  4.20000e-02  2.28518e-01     1.204e-03
 1.02000e-01  4.20000e-02  2.28518e-01     1.204e-03
 2.04000e-01  4.20000e-02  2.28518e-01     1.204e-03
 3.06000e-01  4.20000e-02  2.28518e-01     1.204e-03
 4.08000e-01  4.20000e-02  2.28518e-01     1.204e-03
 5.10000e-01  4.20000e-02  2.28518e-01     0.000e+00
-5.10000e-01  8.40000e-02  2.28518e-01     0.000e+00
-4.08000e-01  8.40000e-02  2.28518e-01     1.201e-03
-3.06000e-01  8.40000e-02  2.28518e-01     1.201e-03
-2.04000e-01  8.40000e-02  2.28518e-01     1.201e-03
-1.02000e-01  8.40000e-02  2.28518e-01     1.201e-03
 0.00000e+00  8.40000e-02  2.28518e-01     1.201e-03
 1.02000e-01  8.40000e-02  2.28518e-01     1.201e-03
 2.04000e-01  8.40000e-02  2.28518e-01     1.201e-03
 3.06000e-01  8.40000e-02  2.28518e-01     1.201e-03
 4.08000e-01  8.40000e-02  2.28518e-01     1.201e-03
 5.10000e-01  8.40000e-02  2.28518e-01     0.000e+00
-5.10000e-01  1.26000e-01  2.28518e-01     0.000e+00
-4.08000e-01  1.26000e-01  2.28518e-01     1.197e-03
-3.06000e-01  1.26000e-01  2.28518e-01     1.197e-03
-2.04000e-01  1.26000e-01  2.28518e-01     1.197e-03
-1.02000e-01  1.26000e-01  2.28518e-01     1.197e-03
 0.00000e+00  1.26000e-01  2.28518e-01     1.197e-03
 1.02000e-01  1.26000e-01  2.28518e-01     1.197e-03
 2.04000e-01  1.26000e-01  2.28518e-01     1.197e-03
 3.06000e-01  1.26000e-01  2.28518e-01     1.197e-03
 4.08000e-01  1.26000e-01  2.28518e-01     1.197e-03
 5.10000e-01  1.26000e-01  2.28518e-01     0.000e+00
-5.10000e-01  1.68000e-01  2.28518e-01     0.000e+00
-4.08000e-01  1.68000e-01  2.28518e-01     1.191e-03
-3.06000e-01  1.68000e-01  2.28518e-01     1.191e-03
-2.04000e-01  1.68000e-01  2.28518e-01     1.191e-03
-1.02000e-01  1.68000e-01  2.28518e-01     1.191e-03
 0.00000e+00  1.68000e-01  2.28518e-01     1.191e-03
 1.02000e-01  1.68000e-01  2.28518e-01     1.191e-03
 2.04000e-01  1.68000e-01  2.28518e-01     1.191e-03
 3.06000e-01  1.68000e-01  2.28518e-01     1.191e-03
 4.08000e-01  1.68000e-01  2.28518e-01     1.191e-03
 5.10000e-01  1.68000e-01  2.28518e-01     0.000e+00
-5.10000e-01  2.10000e-01  2.28518e-01     0.000e+00
-4.08000e-01  2.10000e-01  2.28518e-01     0.000e+00
-3.06000e-01  2.10000e-01  2.28518e-01     0.000e+00
-2.04000e-01  2.10000e-01  2.28518e-01     0.000e+00
-1.02000e-01  2.10000e-01  2.28518e-01     0.000e+00
 0.00000e+00  2.10000e-01  2.28518e-01     0.000e+00
 1.02000e-01  2.10000e-01  2.28518e-01     0.000e+00
 2.04000e-01  2.10000e-01  2.28518e-01     0.000e+00
 3.06000e-01  2.10000e-01  2.28518e-01     0.000e+00
 4.08000e-01  2.10000e-01  2.28518e-01     0.000e+00
 5.10000e-01  2.10000e-01  2.28518e-01     0.000e+00
-5.10000e-01 -2.10000e-01  2.32145e-01     0.000e+00
-4.08000e-01 -2.10000e-01  2.32145e-01     0.000e+00
-3.06000e-01 -2.10000e-01  2.32145e-01     0.000e+00
-2.04000e-01 -2.10000e-01  2.32145e-01     0.000e+00
-1.02000e-01 -2.10000e-01  2.32145e-01     0.000e+00
 0.00000e+00 -2.10000e-01  2.32145e-01     0.000e+00
 1.02000e-01 -2.10000e-01  2.32145e-01     0.000e+00
 2.04000e-01 -2.10000e-01  2.32145e-01     0.000e+00
 3.06000e-01 -2.10000e-01  2.32145e-01     0.000e+00
 4.08000e-01 -2.10000e-01  2.32145e-01     0.000e+00
 5.10000e-01 -2.10000e-01  2.32145e-01     0.000e+00
-5.10000e-01 -1.68000e-01  2.32145e-01     0.000e+00
-4.08000e-01 -1.68000e-01  2.32145e-01     1.169e-03
-3.06000e-01 -1.68000e-01  2.32145e-01     1.169e-03
-2.04000e-01 -1.68000e-01  2.32145e-01     1.169e-03
-1.02000e-01 -1.68000e-01  2.32145e-01     1.169e-03
 0.00000e+00 -1.68000e-01  2.32145e-01     1.169e-03
 1.02000e-01 -1.68000e-01  2.32145e-01     1.169e-03
 2.04000e-01 -1.68000e-01  2.32145e-01     1.169e-03
 3.06000e-01 -1.68000e-01  2.32145e-01     1.169e-03
 4.08000e-01 -1.68000e-01  2.32145e-01     1.169e-03
 5.10000e-01 -1.68000e-01  2.32145e-01     0.000e+00
-5.10000e-01 -1.26000e-01  2.32145e-01     0.000e+00
-4.08000e-01 -1.26000e-01  2.32145e-01     1.175e-03
-3.06000e-01 -1.26000e-01  2.32145e-01     1.175e-03
-2.04000e-01 -1.26000e-01  2.32145e-01     1.175e-03
-1.02000e-01 -1.26000e-01  2.32145e-01     1.175e-03
 0.00000e+00 -1.26000e-01  2.32145e-01     1.175e-03
 1.02000e-01 -1.26000e-01  2.32145e-01     1.175e-03
 2.04000e-01 -1.26000e-01  2.32145e-01     1.175e-03
 3.06000e-01 -1.26000e-01  2.32145e-01     1.175e-03
 4.08000e-01 -1.26000e-01  2.32145e-01     1.175e-03
 5.10000e-01 -1.26000e-01  2.32145e-01     0.000e+00
-5.10000e-01 -8.40000e-02  2.32145e-01     0.000e+00
-4.08000e-01 -8.40000e-02  2.32145e-01     1.179e-03
-3.06000e-01 -8.40000e-02  2.32145e-01     1.179e-03
-2.04000e-01 -8.40000e-02  2.32145e-01     1.179e-03
-1.02000e-01 -8.40000e-02  2.32145e-01     1.179e-03
 0.00000e+00 -8.40000e-02  2.32145e-01     1.179e-03
 1.02000e-01 -8.40000e-02  2.32145e-01     1.179e-03
 2.04000e-01 -8.40000e-02  2.32145e-01     1.179e-03
 3.06000e-01 -8.40000e-02  2.32145e-01     1.179e-03
 4.08000e-01 -8.40000e-02  2.32145e-01     1.179e-03
 5.10000e-01 -8.40000e-02  2.32145e-01     0.000e+00
-5.10000e-01 -4.20000e-02  2.32145e-01     0.000e+00
-4.08000e-01 -4.20000e-02  2.32145e-01     1.182e-03
-3.06000e-01 -4.20000e-02  2.32145e-01     1.182e-03
-2.04000e-01 -4.20000e-02  2.32145e-01     1.182e-03
-1.02000e-01 -4.20000e-02  2.32145e-01     1.182e-03
 0.00000e+00 -4.20000e-02  2.32145e-01     1.182e-03
 1.02000e-01 -4.20000e-02  2.32145e-01     1.182e-03
 2.04000e-01 -4.20000e-02  2.32145e-01     1.182e-03
 3.06000e-01 -4.20000e-02  2.32145e-01     1.182e-03
 4.08000e-01 -4.20000e-02  2.32145e-01     1.182e-03
 5.10000e-01 -4.20000e-02  2.32145e-01     0.000e+00
-5.10000e-01  0.00000e+00  2.32145e-01     0.000e+00
-4.08000e-01  0.00000e+00  2.32145e-01     1.183e-03
-3.06000e-01  0.00000e+00  2.32145e-01     1.183e-03
-2.04000e-01  0.00000e+00  2.32145e-01     1.183e-03
-1.02000e-01  0.00000e+00  2.32145e-01     1.183e-03
 0.00000e+00  0.00000e+00  2.32145e-01     1.183e-03
 1.02000e-01  0.00000e+00  2.32145e-01     1.183e-03
 2.04000e-01  0.00000e+00  2.32145e-01     1.183e-03
 3.06000e-01  0.00000e+00  2.32145e-01     1.183e-03
 4.08000e-01  0.00000e+00  2.32145e-01     1.183e-03
 5.10000e-01  0.00000e+00  2.32145e-01     0.000e+00
-5.10000e-01  4.20000e-02  2.32145e-01     0.000e+00
-4.08000e-01  4.20000e-02  2.32145e-01     1.182e-03
-3.06000e-01  4.20000e-02  2.32145e-01     1.182e-03
-2.04000e-01  4.20000e-02  2.32145e-01     1.182e-03
-1.02000e-01  4.20000e-02  2.32145e-01     1.182e-03
 0.00000e+00  4.20000e-02  2.32145e-01     1.182e-03
 1.02000e-01  4.20000e-02  2.32145e-01     1.182e-03
 2.04000e-01  4.20000e-02  2.32145e-01     1.182e-03
 3.06000e-01  4.20000e-02  2.32145e-01     1.182e-03
 4.08000e-01  4.20000e-02  2.32145e-01     1.182e-03
 5.10000e-01  4.20000e-02  2.32145e-01     0.000e+00
-5.10000e-01  8.40000e-02  2.32145e-01     0.000e+00
-4.08000e-01  8.40000e-02  2.32145e-01     1.179e-03
-3.06000e-01  8.40000e-02  2.32145e-01     1.179e-03
-2.04000e-01  8.40000e-02  2.32145e-01     1.179e-03
-1.02000e-01  8.40000e-02  2.32145e-01     1.179e-03
 0.00000e+00  8.40000e-02  2.32145e-01     1.179e-03
 1.02000e-01  8.40000e-02  2.32145e-01     1.179e-03
 2.04000e-01  8.40000e-02  2.32145e-01     1.179e-03
 3.06000e-01  8.40000e-02  2.32145e-01     1.179e-03
 4.08000e-01  8.40000e-02  2.32145e-01     1.179e-03
 5.10000e-01  8.40000e-02  2.32145e-01     0.000e+00
-5.10000e-01  1.26000e-01  2.32145e-01     0.000e+00
-4.08000e-01  1.26000e-01  2.32145e-01     1.175e-03
-3.06000e-01  1.26000e-01  2.32145e-01     1.175e-03
-2.04000e-01  1.26000e-01  2.32145e-01     1.175e-03
-1.02000e-01  1.26000e-01  2.32145e-01     1.175e-03
 0.00000e+00  1.26000e-01  2.32145e-01     1.175e-03
 1.02000e-01  1.26000e-01  2.32145e-01     1.175e-03
 2.04000e-01  1.26000e-01  2.32145e-01     1.175e-03
 3.06000e-01  1.26000e-01  2.32145e-01     1.175e-03
 4.08000e-01  1.26000e-01  2.32145e-01     1.175e-03
 5.10000e-01  1.26000e-01  2.32145e-01     0.000e+00
-5.10000e-01  1.68000e-01  2.32145e-01     0.000e+00
-4.08000e-01  1.68000e-01  2.32145e-01     1.169e-03
-3.06000e-01  1.68000e-01  2.32145e-01     1.169e-03
-2.04000e-01  1.68000e-01  2.32145e-01     1.169e-03
-1.02000e-01  1.68000e-01  2.32145e-01     1.169e-03
 0.00000e+00  1.68000e-01  2.32145e-01     1.169e-03
 1.02000e-01  1.68000e-01  2.32145e-01     1.169e-03
 2.04000e-01  1.68000e-01  2.32145e-01     1.169e-03
 3.06000e-01  1.68000e-01  2.32145e-01     1.169e-03
 4.08000e-01  1.68000e-01  2.32145e-01     1.169e-03
 5.10000e-01  1.68000e-01  2.32145e-01     0.000e+00
-5.10000e-01  2.10000e-01  2.32145e-01     0.000e+00
-4.08000e-01  2.10000e-01  2.32145e-01     0.000e+00
-3.06000e-01  2.10000e-01  2.32145e-01     0.000e+00
-2.04000e-01  2.10000e-01  2.32145e-01     0.000e+00
-1.02000e-01  2.10000e-01  2.32145e-01     0.000e+00
 0.00000e+00  2.10000e-01  2.32145e-01     0.000e+00
 1.02000e-01  2.10000e-01  2.32145e-01     0.000e+00
 2.04000e-01  2.10000e-01  2.32145e-01     0.000e+00
 3.06000e-01  2.10000e-01  2.32145e-01     0.000e+00
 4.08000e-01  2.10000e-01  2.32145e-01     0.000e+00
 5.10000e-01  2.10000e-01  2.32145e-01     0.000e+00
-5.10000e-01 -2.10000e-01  2.35773e-01     0.000e+00
-4.08000e-01 -2.10000e-01  2.35773e-01     0.000e+00
-3.06000e-01 -2.10000e-01  2.35773e-01     0.000e+00
-2.04000e-01 -2.10000e-01  2.35773e-01     0.000e+00
-1.02000e-01 -2.10000e-01  2.35773e-01     0.000e+00
 0.00000e+00 -2.10000e-01  2.35773e-01     0.000e+00
 1.02000e-01 -2.10000e-01  2.35773e-01     0.000e+00
 2.04000e-01 -2.10000e-01  2.35773e-01     0.000e+00
 3.06000e-01 -2.10000e-01  2.35773e-01     0.000e+00
 4.08000e-01 -2.10000e-01  2.35773e-01     0.000e+00
 5.10000e-01 -2.10000e-01  2.35773e-01     0.000e+00
-5.10000e-01 -1.68000e-01  2.35773e-01     0.000e+00
-4.08000e-01 -1.68000e-01  2.35773e-01     1.148e-03
-3.06000e-01 -1.68000e-01  2.35773e-01     1.148e-03
-2.04000e-01 -1.68000e-01  2.35773e-01     1.148e-03
-1.02000e-01 -1.68000e-01  2.35773e-01     1.148e-03
 0.00000e+00 -1.68000e-01  2.35773e-01     1.148e-03
 1.02000e-01 -1.68000e-01  2.35773e-01     1.148e-03
 2.04000e-01 -1.68000e-01  2.35773e-01     1.148e-03
 3.06000e-01 -1.68000e-01  2.35773e-01     1.148e-03
 4.08000e-01 -1.68000e-01  2.35773e-01     1.148e-03
 5.10000e-01 -1.68000e-01  2.35773e-01     0.000e+00
-5.10000e-01 -1.26000e-01  2.35773e-01     0.000e+00
-4.08000e-01 -1.26000e-01  2.35773e-01     1.154e-03
-3.06000e-01 -1.26000e-01  2.35773e-01     1.154e-03
-2.04000e-01 -1.26000e-01  2.35773e-01     1.154e-03
-1.02000e-01 -1.26000e-01  2.35773e-01     1.154e-03
 0.00000e+00 -1.26000e-01  2.35773e-01     1.154e-03
 1.02000e-01 -1.26000e-01  2.35773e-01     1.154e-03
 2.04000e-01 -1.26000e-01  2.35773e-01     1.154e-03
 3.06000e-01 -1.26000e-01  2.35773e-01     1.154e-03
 4.08000e-01 -1.26000e-01  2.35773e-01     1.154e-03
 5.10000e-01 -1.26000e-01  2.35773e-01     0.000e+00
-5.10000e-01 -8.40000e-02  2.35773e-01     0.000e+00
-4.08000e-01 -8.40000e-02  2.35773e-01     1.158e-03
-3.06000e-01 -8.40000e-02  2.35773e-01     1.158e-03
-2.04000e-01 -8.40000e-02  2.35773e-01     1.158e-03
-1.02000e-01 -8.40000e-02  2.35773e-01     1.158e-03
 0.00000e+00 -8.40000e-02  2.35773e-01     1.158e-03
 1.02000e-01 -8.40000e-02  2.35773e-01     1.158e-03
 2.04000e-01 -8.40000e-02  2.35773e-01     1.158e-03
 3.06000e-01 -8.40000e-02  2.35773e-01     1.158e-03
 4.08000e-01 -8.40000e-02  2.35773e-01     1.158e-03
 5.10000e-01 -8.40000e-02  2.35773e-01     0.000e+00
-5.10000e-01 -4.20000e-02  2.35773e-01     0.000e+00
-4.08000e-01 -4.20000e-02  2.35773e-01     1.161e-03
-3.06000e-01 -4.20000e-02  2.35773e-01     1.161e-03
-2.04000e-01 -4.20000e-02  2.35773e-01     1.161e-03
-1.02000e-01 -4.20000e-02  2.35773e-01     1.161e-03
 0.00000e+00 -4.20000e-02  2.35773e-01     1.161e-03
 1.02000e-01 -4.20000e-02  2.35773e-01     1.161e-03
 2.04000e-01 -4.20000e-02  2.35773e-01     1.161e-03
 3.06000e-01 -4.20000e-02  2.35773e-01     1.161e-03
 4.08000e-01 -4.20000e-02  2.35773e-01     1.161e-03
 5.10000e-01 -4.20000e-02  2.35773e-01     0.000e+00
-5.10000e-01  0.00000e+00  2.35773e-01     0.000e+00
-4.08000e-01  0.00000e+00  2.35773e-01     1.161e-03
-3.06000e-01  0.00000e+00  2.35773e-01     1.161e-03
-2.04000e-01  0.00000e+00  2.35773e-01     1.161e-03
-1.02000e-01  0.00000e+00  2.35773e-01     1.161e-03
 0.00000e+00  0.00000e+00  2.35773e-01     1.161e-03
 1.02000e-01  0.00000e+00  2.35773e-01     1.161e-03
 2.04000e-01  0.00000e+00  2.35773e-01     1.161e-03
 3.06000e-01  0.00000e+00  2.35773e-01     1.161e-03
 4.08000e-01  0.00000e+00  2.35773e-01     1.161e-03
 5.10000e-01  0.00000e+00  2.35773e-01     0.000e+00
-5.10000e-01  4.20000e-02  2.35773e-01     0.000e+00
-4.08000e-01  4.20000e-02  2.35773e-01     1.161e-03
-3.06000e-01  4.20000e-02  2.35773e-01     1.161e-03
-2.04000e-01  4.20000e-02  2.35773e-01     1.161e-03
-1.02000e-01  4.20000e-02  2.35773e-01     1.161e-03
 0.00000e+00  4.20000e-02  2.35773e-01     1.161e-03
 1.02000e-01  4.20000e-02  2.35773e-01     1.161e-03
 2.04000e-01  4.20000e-02  2.35773e-01     1.161e-03
 3.06000e-01  4.20000e-02  2.35773e-01     1.161e-03
 4.08000e-01  4.20000e-02  2.35773e-01     1.161e-03
 5.10000e-01  4.20000e-02  2.35773e-01     0.000e+00
-5.10000e-01  8.40000e-02  2.35773e-01     0.000e+00
-4.08000e-01  8.40000e-02  2.35773e-01     1.158e-03
-3.06000e-01  8.40000e-02  2.35773e-01     1.158e-03
-2.04000e-01  8.40000e-02  2.35773e-01     1.158e-03
-1.02000e-01  8.40000e-02  2.35773e-01     1.158e-03
 0.00000e+00  8.40000e-02  2.35773e-01     1.158e-03
 1.02000e-01  8.40000e-02  2.35773e-01     1.158e-03
 2.04000e-01  8.40000e-02  2.35773e-01     1.158e-03
 3.06000e-01  8.40000e-02  2.35773e-01     1.158e-03
 4.08000e-01  8.40000e-02  2.35773e-01     1.158e-03
 5.10000e-01  8.40000e-02  2.35773e-01     0.000e+00
-5.10000e-01  1.26000e-01  2.35773e-01     0.000e+00
-4.08000e-01  1.26000e-01  2.35773e-01     1.154e-03
-3.06000e-01  1.26000e-01  2.35773e-01     1.154e-03
-2.04000e-01  1.26000e-01  2.35773e-01     1.154e-03
-1.02000e-01  1.26000e-01  2.35773e-01     1.154e-03
 0.00000e+00  1.26000e-01  2.35773e-01     1.154e-03
 1.02000e-01  1.26000e-01  2.35773e-01     1.154e-03
 2.04000e-01  1.26000e-01  2.35773e-01     1.154e-03
 3.06000e-01  1.26000e-01  2.35773e-01     1.154e-03
 4.08000e-01  1.26000e-01  2.35773e-01     1.154e-03
 5.10000e-01  1.26000e-01  2.35773e-01     0.000e+00
-5.10000e-01  1.68000e-01  2.35773e-01     0.000e+00
-4.08000e-01  1.68000e-01  2.35773e-01     1.148e-03
-3.06000e-01  1.68000e-01  2.35773e-01     1.148e-03
-2.04000e-01  1.68000e-01  2.35773e-01     1.148e-03
-1.02000e-01  1.68000e-01  2.35773e-01     1.148e-03
 0.00000e+00  1.68000e-01  2.35773e-01     1.148e-03
 1.02000e-01  1.68000e-01  2.35773e-01     1.148e-03
 2.04000e-01  1.68000e-01  2.35773e-01     1.148e-03
 3.06000e-01  1.68000e-01  2.35773e-01     1.148e-03
 4.08000e-01  1.68000e-01  2.35773e-01     1.148e-03
 5.10000e-01  1.68000e-01  2.35773e-01     0.000e+00
-5.10000e-01  2.10000e-01  2.35773e-01     0.000e+00
-4.08000e-01  2.10000e-01  2.35773e-01     0.000e+00
-3.06000e-01  2.10000e-01  2.35773e-01     0.000e+00
-2.04000e-01  2.10000e-01  2.35773e-01     0.000e+00
-1.02000e-01  2.10000e-01  2.35773e-01     0.000e+00
 0.00000e+00  2.10000e-01  2.35773e-01     0.000e+00
 1.02000e-01  2.10000e-01  2.35773e-01     0.000e+00
 2.04000e-01  2.10000e-01  2.35773e-01     0.000e+00
 3.06000e-01  2.10000e-01  2.35773e-01     0.000e+00
 4.08000e-01  2.10000e-01  2.35773e-01     0.000e+00
 5.10000e-01  2.10000e-01  2.35773e-01     0.000e+00
-5.10000e-01 -2.10000e-01  2.39400e-01     0.000e+00
-4.08000e-01 -2.10000e-01  2.39400e-01     0.000e+00
-3.06000e-01 -2.10000e-01  2.39400e-01     0.000e+00
-2.04000e-01 -2.10000e-01  2.39400e-01     0.000e+00
-1.02000e-01 -2.10000e-01  2.39400e-01     0.000e+00
 0.00000e+00 -2.10000e-01  2.39400e-01     0.000e+00
 1.02000e-01 -2.10000e-01  2.39400e-01     0.000e+00
 2.04000e-01 -2.10000e-01  2.39400e-01     0.000e+00
 3.06000e-01 -2.10000e-01  2.39400e-01     0.000e+00
 4.08000e-01 -2.10000e-01  2.39400e-01     0.000e+00
 5.10000e-01 -2.10000e-01  2.39400e-01     0.000e+00
-5.10000e-01 -1.68000e-01  2.39400e-01     0.000e+00
-4.08000e-01 -1.68000e-01  2.39400e-01     1.127e-03
-3.06000e-01 -1.68000e-01  2.39400e-01     1.127e-03
-2.04000e-01 -1.68000e-01  2.39400e-01     1.127e-03
-1.02000e-01 -1.68000e-01  2.39400e-01     1.127e-03
 0.00000e+00 -1.68000e-01  2.39400e-01     1.127e-03
 1.02000e-01 -1.68000e-01  2.39400e-01     1.127e-03
 2.04000e-01 -1.68000e-01  2.39400e-01     1.127e-03
 3.06000e-01 -1.68000e-01  2.39400e-01     1.127e-03
 4.08000e-01 -1.68000e-01  2.39400e-01     1.127e-03
 5.10000e-01 -1.68000e-01  2.39400e-01     0.000e+00
-5.10000e-01 -1.26000e-01  2.39400e-01     0.000e+00
-4.08000e-01 -1.26000e-01  2.39400e-01     1.133e-03
-3.06000e-01 -1.26000e-01  2.39400e-01     1.133e-03
-2.04000e-01 -1.26000e-01  2.39400e-01     1.133e-03
-1.02000e-01 -1.26000e-01  2.39400e-01     1.133e-03
 0.00000e+00 -1.26000e-01  2.39400e-01     1.133e-03
 1.02000e-01 -1.26000e-01  2.39400e-01     1.133e-03
 2.04000e-01 -1.26000e-01  2.39400e-01     1.133e-03
 3.06000e-01 -1.26000e-01  2.39400e-01     1.133e-03
 4.08000e-01 -1.26000e-01  2.39400e-01     1.133e-03
 5.10000e-01 -1.26000e-01  2.39400e-01     0.000e+00
-5.10000e-01 -8.40000e-02  2.39400e-01     0.000e+00
-4.08000e-01 -8.40000e-02  2.39400e-01     1.137e-03
-3.06000e-01 -8.40000e-02  2.39400e-01     1.137e-03
-2.04000e-01 -8.40000e-02  2.39400e-01     1.137e-03
-1.02000e-01 -8.40000e-02  2.39400e-01     1.137e-03
 0.00000e+00 -8.40000e-02  2.39400e-01     1.137e-03
 1.02000e-01 -8.40000e-02  2.39400e-01     1.137e-03
 2.04000e-01 -8.40000e-02  2.39400e-01     1.137e-03
 3.06000e-01 -8.40000e-02  2.39400e-01     1.137e-03
 4.08000e-01 -8.40000e-02  2.39400e-01     1.137e-03
 5.10000e-01 -8.40000e-02  2.39400e-01     0.000e+00
-5.10000e-01 -4.20000e-02  2.39400e-01     0.000e+00
-4.08000e-01 -4.20000e-02  2.39400e-01     1.140e-03
-3.06000e-01 -4.20000e-02  2.39400e-01     1.140e-03
-2.04000e-01 -4.20000e-02  2.39400e-01     1.140e-03
-1.02000e-01 -4.20000e-02  2.39400e-01     1.140e-03
 0.00000e+00 -4.20000e-02  2.39400e-01     1.140e-03
 1.02000e-01 -4.20000e-02  2.39400e-01     1.140e-03
 2.04000e-01 -4.20000e-02  2.39400e-01     1.140e-03
 3.06000e-01 -4.20000e-02  2.39400e-01     1.140e-03
 4.08000e-01 -4.20000e-02  2.39400e-01     1.140e-03
 5.10000e-01 -4.20000e-02  2.39400e-01     0.000e+00
-5.10000e-01  0.00000e+00  2.39400e-01     0.000e+00
-4.08000e-01  0.00000e+00  2.39400e-01     1.141e-03
-3.06000e-01  0.00000e+00  2.39400e-01     1.141e-03
-2.04000e-01  0.00000e+00  2.39400e-01     1.141e-03
-1.02000e-01  0.00000e+00  2.39400e-01     1.141e-03
 0.00000e+00  0.00000e+00  2.39400e-01     1.141e-03
 1.02000e-01  0.00000e+00  2.39400e-01     1.141e-03
 2.04000e-01  0.00000e+00  2.39400e-01     1.141e-03
 3.06000e-01  0.00000e+00  2.39400e-01     1.141e-03
 4.08000e-01  0.00000e+00  2.39400e-01     1.141e-03
 5.10000e-01  0.00000e+00  2.39400e-01     0.000e+00
-5.10000e-01  4.20000e-02  2.39400e-01     0.000e+00
-4.08000e-01  4.20000e-02  2.39400e-01     1.140e-03
-3.06000e-01  4.20000e-02  2.39400e-01     1.140e-03
-2.04000e-01  4.20000e-02  2.39400e-01     1.140e-03
-1.02000e-01  4.20000e-02  2.39400e-01     1.140e-03
 0.00000e+00  4.20000e-02  2.39400e-01     1.140e-03
 1.02000e-01  4.20000e-02  2.39400e-01     1.140e-03
 2.04000e-01  4.20000e-02  2.39400e-01     1.140e-03
 3.06000e-01  4.20000e-02  2.39400e-01     1.140e-03
 4.08000e-01  4.20000e-02  2.39400e-01     1.140e-03
 5.10000e-01  4.20000e-02  2.39400e-01     0.000e+00
-5.10000e-01  8.40000e-02  2.39400e-01     0.000e+00
-4.08000e-01  8.40000e-02  2.39400e-01     1.137e-03
-3.06000e-01  8.40000e-02  2.39400e-01     1.137e-03
-2.04000e-01  8.40000e-02  2.39400e-01     1.137e-03
-1.02000e-01  8.40000e-02  2.39400e-01     1.137e-03
 0.00000e+00  8.40000e-02  2.39400e-01     1.137e-03
 1.02000e-01  8.40000e-02  2.39400e-01     1.137e-03
 2.04000e-01  8.40000e-02  2.39400e-01     1.137e-03
 3.06000e-01  8.40000e-02  2.39400e-01     1.137e-03
 4.08000e-01  8.40000e-02  2.39400e-01     1.137e-03
 5.10000e-01  8.40000e-02  2.39400e-01     0.000e+00
-5.10000e-01  1.26000e-01  2.39400e-01     0.000e+00
-4.08000e-01  1.26000e-01  2.39400e-01     1.133e-03
-3.06000e-01  1.26000e-01  2.39400e-01     1.133e-03
-2.04000e-01  1.26000e-01  2.39400e-01     1.133e-03
-1.02000e-01  1.26000e-01  2.39400e-01     1.133e-03
 0.00000e+00  1.26000e-01  2.39400e-01     1.133e-03
 1.02000e-01  1.26000e-01  2.39400e-01     1.133e-03
 2.04000e-01  1.26000e-01  2.39400e-01     1.133e-03
 3.06000e-01  1.26000e-01  2.39400e-01     1.133e-03
 4.08000e-01  1.26000e-01  2.39400e-01     1.133e-03
 5.10000e-01  1.26000e-01  2.39400e-01     0.000e+00
-5.10000e-01  1.68000e-01  2.39400e-01     0.000e+00
-4.08000e-01  1.68000e-01  2.39400e-01     1.127e-03
-3.06000e-01  1.68000e-01  2.39400e-01     1.127e-03
-2.04000e-01  1.68000e-01  2.39400e-01     1.127e-03
-1.02000e-01  1.68000e-01  2.39400e-01     1.127e-03
 0.00000e+00  1.68000e-01  2.39400e-01     1.127e-03
 1.02000e-01  1.68000e-01  2.39400e-01     1.127e-03
 2.04000e-01  1.68000e-01  2.39400e-01     1.127e-03
 3.06000e-01  1.68000e-01  2.39400e-01     1.127e-03
 4.08000e-01  1.68000e-01  2.39400e-01     1.127e-03
 5.10000e-01  1.68000e-01  2.39400e-01     0.000e+00
-5.10000e-01  2.10000e-01  2.39400e-01     0.000e+00
-4.08000e-01  2.10000e-01  2.39400e-01     0.000e+00
-3.06000e-01  2.10000e-01  2.39400e-01     0.000e+00
-2.04000e-01  2.10000e-01  2.39400e-01     0.000e+00
-1.02000e-01  2.10000e-01  2.39400e-01     0.000e+00
 0.00000e+00  2.10000e-01  2.39400e-01     0.000e+00
 1.02000e-01  2.10000e-01  2.39400e-01     0.000e+00
 2.04000e-01  2.10000e-01  2.39400e-01     0.000e+00
 3.06000e-01  2.10000e-01  2.39400e-01     0.000e+00
 4.08000e-01  2.10000e-01  2.39400e-01     0.000e+00
 5.10000e-01  2.10000e-01  2.39400e-01     0.000e+00
-5.10000e-01 -2.10000e-01  2.43027e-01     0.000e+00
-4.08000e-01 -2.10000e-01  2.43027e-01     0.000e+00
-3.06000e-01 -2.10000e-01  2.43027e-01     0.000e+00
-2.04000e-01 -2.10000e-01  2.43027e-01     0.000e+00
-1.02000e-01 -2.10000e-01  2.43027e-01     0.000e+00
 0.00000e+00 -2.10000e-01  2.43027e-01     0.000e+00
 1.02000e-01 -2.10000e-01  2.43027e-01     0.000e+00
 2.04000e-01 -2.10000e-01  2.43027e-01     0.000e+00
 3.06000e-01 -2.10000e-01  2.43027e-01     0.000e+00
 4.08000e-01 -2.10000e-01  2.43027e-01     0.000e+00
 5.10000e-01 -2.10000e-01  2.43027e-01     0.000e+00
-5.10000e-01 -1.68000e-01  2.43027e-01     0.000e+00
-4.08000e-01 -1.68000e-01  2.43027e-01     1.107e-03
-3.06000e-01 -1.68000e-01  2.43027e-01     1.107e-03
-2.04000e-01 -1.68000e-01  2.43027e-01     1.107e-03
-1.02000e-01 -1.68000e-01  2.43027e-01     1.107e-03
 0.00000e+00 -1.68000e-01  2.43027e-01     1.107e-03
 1.02000e-01 -1.68000e-01  2.43027e-01     1.107e-03
 2.04000e-01 -1.68000e-01  2.43027e-01     1.107e-03
 3.06000e-01 -1.68000e-01  2.43027e-01     1.107e-03
 4.08000e-01 -1.68000e-01  2.43027e-01     1.107e-03
 5.10000e-01 -1.68000e-01  2.43027e-01     0.000e+00
-5.10000e-01 -1.26000e-01  2.43027e-01     0.000e+00
-4.08000e-01 -1.26000e-01  2.43027e-01     1.113e-03
-3.06000e-01 -1.26000e-01  2.43027e-01     1.113e-03
-2.04000e-01 -1.26000e-01  2.43027e-01     1.113e-03
-1.02000e-01 -1.26000e-01  2.43027e-01     1.113e-03
 0.00000e+00 -1.26000e-01  2.43027e-01     1.113e-03
 1.02000e-01 -1.26000e-01  2.43027e-01     1.113e-03
 2.04000e-01 -1.26000e-01  2.43027e-01     1.113e-03
 3.06000e-01 -1.26000e-01  2.43027e-01     1.113e-03
 4.08000e-01 -1.26000e-01  2.43027e-01     1.113e-03
 5.10000e-01 -1.26000e-01  2.43027e-01     0.000e+00
-5.10000e-01 -8.40000e-02  2.43027e-01     0.000e+00
-4.08000e-01 -8.40000e-02  2.43027e-01     1.117e-03
-3.06000e-01 -8.40000e-02  2.43027e-01     1.117e-03
-2.04000e-01 -8.40000e-02  2.43027e-01     1.117e-03
-1.02000e-01 -8.40000e-02  2.43027e-01     1.117e-03
 0.00000e+00 -8.40000e-02  2.43027e-01     1.117e-03
 1.02000e-01 -8.40000e-02  2.43027e-01     1.117e-03
 2.04000e-01 -8.40000e-02  2.43027e-01     1.117e-03
 3.06000e-01 -8.40000e-02  2.43027e-01     1.117e-03
 4.08000e-01 -8.40000e-02  2.43027e-01     1.117e-03
 5.10000e-01 -8.40000e-02  2.43027e-01     0.000e+00
-5.10000e-01 -4.20000e-02  2.43027e-01     0.000e+00
-4.08000e-01 -4.20000e-02  2.43027e-01     1.120e-03
-3.06000e-01 -4.20000e-02  2.43027e-01     1.120e-03
-2.04000e-01 -4.20000e-02  2.43027e-01     1.120e-03
-1.02000e-01 -4.20000e-02  2.43027e-01     1.120e-03
 0.00000e+00 -4.20000e-02  2.43027e-01     1.120e-03
 1.02000e-01 -4.20000e-02  2.43027e-01     1.120e-03
 2.04000e-01 -4.20000e-02  2.43027e-01     1.120e-03
 3.06000e-01 -4.20000e-02  2.43027e-01     1.120e-03
 4.08000e-01 -4.20000e-02  2.43027e-01     1.120e-03
 5.10000e-01 -4.20000e-02  2.43027e-01     0.000e+00
-5.10000e-01  0.00000e+00  2.43027e-01     0.000e+00
-4.08000e-01  0.00000e+00  2.43027e-01     1.121e-03
-3.06000e-01  0.00000e+00  2.43027e-01     1.121e-03
-2.04000e-01  0.00000e+00  2.43027e-01     1.121e-03
-1.02000e-01  0.00000e+00  2.43027e-01     1.121e-03
 0.00000e+00  0.00000e+00  2.43027e-01     1.121e-03
 1.02000e-01  0.00000e+00  2.43027e-01     1.121e-03
 2.04000e-01  0.00000e+00  2.43027e-01     1.121e-03
 3.06000e-01  0.00000e+00  2.43027e-01     1.121e-03
 4.08000e-01  0.00000e+00  2.43027e-01     1.121e-03
 5.10000e-01  0.00000e+00  2.43027e-01     0.000e+00
-5.10000e-01  4.20000e-02  2.43027e-01     0.000e+00
-4.08000e-01  4.20000e-02  2.43027e-01     1.120e-03
-3.06000e-01  4.20000e-02  2.43027e-01     1.120e-03
-2.04000e-01  4.20000e-02  2.43027e-01     1.120e-03
-1.02000e-01  4.20000e-02  2.43027e-01     1.120e-03
 0.00000e+00  4.20000e-02  2.43027e-01     1.120e-03
 1.02000e-01  4.20000e-02  2.43027e-01     1.120e-03
 2.04000e-01  4.20000e-02  2.43027e-01     1.120e-03
 3.06000e-01  4.20000e-02  2.43027e-01     1.120e-03
 4.08000e-01  4.20000e-02  2.43027e-01     1.120e-03
 5.10000e-01  4.20000e-02  2.43027e-01     0.000e+00
-5.10000e-01  8.40000e-02  2.43027e-01     0.000e+00
-4.08000e-01  8.40000e-02  2.43027e-01     1.117e-03
-3.06000e-01  8.40000e-02  2.43027e-01     1.117e-03
-2.04000e-01  8.40000e-02  2.43027e-01     1.117e-03
-1.02000e-01  8.40000e-02  2.43027e-01     1.117e-03
 0.00000e+00  8.40000e-02  2.43027e-01     1.117e-03
 1.02000e-01  8.40000e-02  2.43027e-01     1.117e-03
 2.04000e-01  8.40000e-02  2.43027e-01     1.117e-03
 3.06000e-01  8.40000e-02  2.43027e-01     1.117e-03
 4.08000e-01  8.40000e-02  2.43027e-01     1.117e-03
 5.10000e-01  8.40000e-02  2.43027e-01     0.000e+00
-5.10000e-01  1.26000e-01  2.43027e-01     0.000e+00
-4.08000e-01  1.26000e-01  2.43027e-01     1.113e-03
-3.06000e-01  1.26000e-01  2.43027e-01     1.113e-03
-2.04000e-01  1.26000e-01  2.43027e-01     1.113e-03
-1.02000e-01  1.26000e-01  2.43027e-01     1.113e-03
 0.00000e+00  1.26000e-01  2.43027e-01     1.113e-03
 1.02000e-01  1.26000e-01  2.43027e-01     1.113e-03
 2.04000e-01  1.26000e-01  2.43027e-01     1.113e-03
 3.06000e-01  1.26000e-01  2.43027e-01     1.113e-03
 4.08000e-01  1.26000e-01  2.43027e-01     1.113e-03
 5.10000e-01  1.26000e-01  2.43027e-01     0.000e+00
-5.10000e-01  1.68000e-01  2.43027e-01     0.000e+00
-4.08000e-01  1.68000e-01  2.43027e-01     1.107e-03
-3.06000e-01  1.68000e-01  2.43027e-01     1.107e-03
-2.04000e-01  1.68000e-01  2.43027e-01     1.107e-03
-1.02000e-01  1.68000e-01  2.43027e-01     1.107e-03
 0.00000e+00  1.68000e-01  2.43027e-01     1.107e-03
 1.02000e-01  1.68000e-01  2.43027e-01     1.107e-03
 2.04000e-01  1.68000e-01  2.43027e-01     1.107e-03
 3.06000e-01  1.68000e-01  2.43027e-01     1.107e-03
 4.08000e-01  1.68000e-01  2.43027e-01     1.107e-03
 5.10000e-01  1.68000e-01  2.43027e-01     0.000e+00
-5.10000e-01  2.10000e-01  2.43027e-01     0.000e+00
-4.08000e-01  2.10000e-01  2.43027e-01     0.000e+00
-3.06000e-01  2.10000e-01  2.43027e-01     0.000e+00
-2.04000e-01  2.10000e-01  2.43027e-01     0.000e+00
-1.02000e-01  2.10000e-01  2.43027e-01     0.000e+00
 0.00000e+00  2.10000e-01  2.43027e-01     0.000e+00
 1.02000e-01  2.10000e-01  2.43027e-01     0.000e+00
 2.04000e-01  2.10000e-01  2.43027e-01     0.000e+00
 3.06000e-01  2.10000e-01  2.43027e-01     0.000e+00
 4.08000e-01  2.10000e-01  2.43027e-01     0.000e+00
 5.10000e-01  2.10000e-01  2.43027e-01     0.000e+00
-5.10000e-01 -2.10000e-01  2.46655e-01     0.000e+00
-4.08000e-01 -2.10000e-01  2.46655e-01     0.000e+00
-3.06000e-01 -2.10000e-01  2.46655e-01     0.000e+00
-2.04000e-01 -2.10000e-01  2.46655e-01     0.000e+00
-1.02000e-01 -2.10000e-01  2.46655e-01     0.000e+00
 0.00000e+00 -2.10000e-01  2.46655e-01     0.000e+00
 1.02000e-01 -2.10000e-01  2.46655e-01     0.000e+00
 2.04000e-01 -2.10000e-01  2.46655e-01     0.000e+00
 3.06000e-01 -2.10000e-01  2.46655e-01     0.000e+00
 4.08000e-01 -2.10000e-01  2.46655e-01     0.000e+00
 5.10000e-01 -2.10000e-01  2.46655e-01     0.000e+00
-5.10000e-01 -1.68000e-01  2.46655e-01     0.000e+00
-4.08000e-01 -1.68000e-01  2.46655e-01     1.088e-03
-3.06000e-01 -1.68000e-01  2.46655e-01     1.088e-03
-2.04000e-01 -1.68000e-01  2.46655e-01     1.088e-03
-1.02000e-01 -1.68000e-01  2.46655e-01     1.088e-03
 0.00000e+00 -1.68000e-01  2.46655e-01     1.088e-03
 1.02000e-01 -1.68000e-01  2.46655e-01     1.088e-03
 2.04000e-01 -1.68000e-01  2.46655e-01     1.088e-03
 3.06000e-01 -1.68000e-01  2.46655e-01     1.088e-03
 4.08000e-01 -1.68000e-01  2.46655e-01     1.088e-03
 5.10000e-01 -1.68000e-01  2.46655e-01     0.000e+00
-5.10000e-01 -1.26000e-01  2.46655e-01     0.000e+00
-4.08000e-01 -1.26000e-01  2.46655e-01     1.094e-03
-3.06000e-01 -1.26000e-01  2.46655e-01     1.094e-03
-2.04000e-01 -1.26000e-01  2.46655e-01     1.094e-03
-1.02000e-01 -1.26000e-01  2.46655e-01     1.094e-03
 0.00000e+00 -1.26000e-01  2.46655e-01     1.094e-03
 1.02000e-01 -1.26000e-01  2.46655e-01     1.094e-03
 2.04000e-01 -1.26000e-01  2.46655e-01     1.094e-03
 3.06000e-01 -1.26000e-01  2.46655e-01     1.094e-03
 4.08000e-01 -1.26000e-01  2.46655e-01     1.094e-03
 5.10000e-01 -1.26000e-01  2.46655e-01     0.000e+00
-5.10000e-01 -8.40000e-02  2.46655e-01     0.000e+00
-4.08000e-01 -8.40000e-02  2.46655e-01     1.098e-03
-3.06000e-01 -8.40000e-02  2.46655e-01     1.098e-03
-2.04000e-01 -8.40000e-02  2.46655e-01     1.098e-03
-1.02000e-01 -8.40000e-02  2.46655e-01     1.098e-03
 0.00000e+00 -8.40000e-02  2.46655e-01     1.098e-03
 1.02000e-01 -8.40000e-02  2.46655e-01     1.098e-03
 2.04000e-01 -8.40000e-02  2.46655e-01     1.098e-03
 3.06000e-01 -8.40000e-02  2.46655e-01     1.098e-03
 4.08000e-01 -8.40000e-02  2.46655e-01     1.098e-03
 5.10000e-01 -8.40000e-02  2.46655e-01     0.000e+00
-5.10000e-01 -4.20000e-02  2.46655e-01     0.000e+00
-4.08000e-01 -4.20000e-02  2.46655e-01     1.100e-03
-3.06000e-01 -4.20000e-02  2.46655e-01     1.100e-03
-2.04000e-01 -4.20000e-02  2.46655e-01     1.100e-03
-1.02000e-01 -4.20000e-02  2.46655e-01     1.100e-03
 0.00000e+00 -4.20000e-02  2.46655e-01     1.100e-03
 1.02000e-01 -4.20000e-02  2.46655e-01     1.100e-03
 2.04000e-01 -4.20000e-02  2.46655e-01     1.100e-03
 3.06000e-01 -4.20000e-02  2.46655e-01     1.100e-03
 4.08000e-01 -4.20000e-02  2.46655e-01     1.100e-03
 5.10000e-01 -4.20000e-02  2.46655e-01     0.000e+00
-5.10000e-01  0.00000e+00  2.46655e-01     0.000e+00
-4.08000e-01  0.00000e+00  2.46655e-01     1.101e-03
-3.06000e-01  0.00000e+00  2.46655e-01     1.101e-03
-2.04000e-01  0.00000e+00  2.46655e-01     1.101e-03
-1.02000e-01  0.00000e+00  2.46655e-01     1.101e-03
 0.00000e+00  0.00000e+00  2.46655e-01     1.101e-03
 1.02000e-01  0.00000e+00  2.46655e-01     1.101e-03
 2.04000e-01  0.00000e+00  2.46655e-01     1.101e-03
 3.06000e-01  0.00000e+00  2.46655e-01     1.101e-03
 4.08000e-01  0.00000e+00  2.46655e-01     1.101e-03
 5.10000e-01  0.00000e+00  2.46655e-01     0.000e+00
-5.10000e-01  4.20000e-02  2.46655e-01     0.000e+00
-4.08000e-01  4.20000e-02  2.46655e-01     1.100e-03
-3.06000e-01  4.20000e-02  2.46655e-01     1.100e-03
-2.04000e-01  4.20000e-02  2.46655e-01     1.100e-03
-1.02000e-01  4.20000e-02  2.46655e-01     1.100e-03
 0.00000e+00  4.20000e-02  2.46655e-01     1.100e-03
 1.02000e-01  4.20000e-02  2.46655e-01     1.100e-03
 2.04000e-01  4.20000e-02  2.46655e-01     1.100e-03
 3.06000e-01  4.20000e-02  2.46655e-01     1.100e-03
 4.08000e-01  4.20000e-02  2.46655e-01     1.100e-03
 5.10000e-01  4.20000e-02  2.46655e-01     0.000e+00
-5.10000e-01  8.40000e-02  2.46655e-01     0.000e+00
-4.08000e-01  8.40000e-02  2.46655e-01     1.098e-03
-3.06000e-01  8.40000e-02  2.46655e-01     1.098e-03
-2.04000e-01  8.40000e-02  2.46655e-01     1.098e-03
-1.02000e-01  8.40000e-02  2.46655e-01     1.098e-03
 0.00000e+00  8.40000e-02  2.46655e-01     1.098e-03
 1.02000e-01  8.40000e-02  2.46655e-01     1.098e-03
 2.04000e-01  8.40000e-02  2.46655e-01     1.098e-03
 3.06000e-01  8.40000e-02  2.46655e-01     1.098e-03
 4.08000e-01  8.40000e-02  2.46655e-01     1.098e-03
 5.10000e-01  8.40000e-02  2.46655e-01     0.000e+00
-5.10000e-01  1.26000e-01  2.46655e-01     0.000e+00
-4.08000e-01  1.26000e-01  2.46655e-01     1.094e-03
-3.06000e-01  1.26000e-01  2.46655e-01     1.094e-03
-2.04000e-01  1.26000e-01  2.46655e-01     1.094e-03
-1.02000e-01  1.26000e-01  2.46655e-01     1.094e-03
 0.00000e+00  1.26000e-01  2.46655e-01     1.094e-03
 1.02000e-01  1.26000e-01  2.46655e-01     1.094e-03
 2.04000e-01  1.26000e-01  2.46655e-01     1.094e-03
 3.06000e-01  1.26000e-01  2.46655e-01     1.094e-03
 4.08000e-01  1.26000e-01  2.46655e-01     1.094e-03
 5.10000e-01  1.26000e-01  2.46655e-01     0.000e+00
-5.10000e-01  1.68000e-01  2.46655e-01     0.000e+00
-4.08000e-01  1.68000e-01  2.46655e-01     1.088e-03
-3.06000e-01  1.68000e-01  2.46655e-01     1.088e-03
-2.04000e-01  1.68000e-01  2.46655e-01     1.088e-03
-1.02000e-01  1.68000e-01  2.46655e-01     1.088e-03
 0.00000e+00  1.68000e-01  2.46655e-01     1.088e-03
 1.02000e-01  1.68000e-01  2.46655e-01     1.088e-03
 2.04000e-01  1.68000e-01  2.46655e-01     1.088e-03
 3.06000e-01  1.68000e-01  2.46655e-01     1.088e-03
 4.08000e-01  1.68000e-01  2.46655e-01     1.088e-03
 5.10000e-01  1.68000e-01  2.46655e-01     0.000e+00
-5.10000e-01  2.10000e-01  2.46655e-01     0.000e+00
-4.08000e-01  2.10000e-01  2.46655e-01     0.000e+00
-3.06000e-01  2.10000e-01  2.46655e-01     0.000e+00
-2.04000e-01  2.10000e-01  2.46655e-01     0.000e+00
-1.02000e-01  2.10000e-01  2.46655e-01     0.000e+00
 0.00000e+00  2.10000e-01  2.46655e-01     0.000e+00
 1.02000e-01  2.10000e-01  2.46655e-01     0.000e+00
 2.04000e-01  2.10000e-01  2.46655e-01     0.000e+00
 3.06000e-01  2.10000e-01  2.46655e-01     0.000e+00
 4.08000e-01  2.10000e-01  2.46655e-01     0.000e+00
 5.10000e-01  2.10000e-01  2.46655e-01     0.000e+00
-5.10000e-01 -2.10000e-01  2.50282e-01     0.000e+00
-4.08000e-01 -2.10000e-01  2.50282e-01     0.000e+00
-3.06000e-01 -2.10000e-01  2.50282e-01     0.000e+00
-2.04000e-01 -2.10000e-01  2.50282e-01     0.000e+00
-1.02000e-01 -2.10000e-01  2.50282e-01     0.000e+00
 0.00000e+00 -2.10000e-01  2.50282e-01     0.000e+00
 1.02000e-01 -2.10000e-01  2.50282e-01     0.000e+00
 2.04000e-01 -2.10000e-01  2.50282e-01     0.000e+00
 3.06000e-01 -2.10000e-01  2.50282e-01     0.000e+00
 4.08000e-01 -2.10000e-01  2.50282e-01     0.000e+00
 5.10000e-01 -2.10000e-01  2.50282e-01     0.000e+00
-5.10000e-01 -1.68000e-01  2.50282e-01     0.000e+00
-4.08000e-01 -1.68000e-01  2.50282e-01     1.069e-03
-3.06000e-01 -1.68000e-01  2.50282e-01     1.069e-03
-2.04000e-01 -1.68000e-01  2.50282e-01     1.069e-03
-1.02000e-01 -1.68000e-01  2.50282e-01     1.069e-03
 0.00000e+00 -1.68000e-01  2.50282e-01     1.069e-03
 1.02000e-01 -1.68000e-01  2.50282e-01     1.069e-03
 2.04000e-01 -1.68000e-01  2.50282e-01     1.069e-03
 3.06000e-01 -1.68000e-01  2.50282e-01     1.069e-03
 4.08000e-01 -1.68000e-01  2.50282e-01     1.069e-03
 5.10000e-01 -1.68000e-01  2.50282e-01     0.000e+00
-5.10000e-01 -1.26000e-01  2.50282e-01     0.000e+00
-4.08000e-01 -1.26000e-01  2.50282e-01     1.075e-03
-3.06000e-01 -1.26000e-01  2.50282e-01     1.075e-03
-2.04000e-01 -1.26000e-01  2.50282e-01     1.075e-03
-1.02000e-01 -1.26000e-01  2.50282e-01     1.075e-03
 0.00000e+00 -1.26000e-01  2.50282e-01     1.075e-03
 1.02000e-01 -1.26000e-01  2.50282e-01     1.075e-03
 2.04000e-01 -1.26000e-01  2.50282e-01     1.075e-03
 3.06000e-01 -1.26000e-01  2.50282e-01     1.075e-03
 4.08000e-01 -1.26000e-01  2.50282e-01     1.075e-03
 5.10000e-01 -1.26000e-01  2.50282e-01     0.000e+00
-5.10000e-01 -8.40000e-02  2.50282e-01     0.000e+00
-4.08000e-01 -8.40000e-02  2.50282e-01     1.079e-03
-3.06000e-01 -8.40000e-02  2.50282e-01     1.079e-03
-2.04000e-01 -8.40000e-02  2.50282e-01     1.079e-03
-1.02000e-01 -8.40000e-02  2.50282e-01     1.079e-03
 0.00000e+00 -8.40000e-02  2.50282e-01     1.079e-03
 1.02000e-01 -8.40000e-02  2.50282e-01     1.079e-03
 2.04000e-01 -8.40000e-02  2.50282e-01     1.079e-03
 3.06000e-01 -8.40000e-02  2.50282e-01     1.079e-03
 4.08000e-01 -8.40000e-02  2.50282e-01     1.079e-03
 5.10000e-01 -8.40000e-02  2.50282e-01     0.000e+00
-5.10000e-01 -4.20000e-02  2.50282e-01     0.000e+00
-4.08000e-01 -4.20000e-02  2.50282e-01     1.081e-03
-3.06000e-01 -4.20000e-02  2.50282e-01     1.081e-03
-2.04000e-01 -4.20000e-02  2.50282e-01     1.081e-03
-1.02000e-01 -4.20000e-02  2.50282e-01     1.081e-03
 0.00000e+00 -4.20000e-02  2.50282e-01     1.081e-03
 1.02000e-01 -4.20000e-02  2.50282e-01     1.081e-03
 2.04000e-01 -4.20000e-02  2.50282e-01     1.081e-03
 3.06000e-01 -4.20000e-02  2.50282e-01     1.081e-03
 4.08000e-01 -4.20000e-02  2.50282e-01     1.081e-03
 5.10000e-01 -4.20000e-02  2.50282e-01     0.000e+00
-5.10000e-01  0.00000e+00  2.50282e-01     0.000e+00
-4.08000e-01  0.00000e+00  2.50282e-01     1.082e-03
-3.06000e-01  0.00000e+00  2.50282e-01     1.082e-03
-2.04000e-01  0.00000e+00  2.50282e-01     1.082e-03
-1.02000e-01  0.00000e+00  2.50282e-01     1.082e-03
 0.00000e+00  0.00000e+00  2.50282e-01     1.082e-03
 1.02000e-01  0.00000e+00  2.50282e-01     1.082e-03
 2.04000e-01  0.00000e+00  2.50282e-01     1.082e-03
 3.06000e-01  0.00000e+00  2.50282e-01     1.082e-03
 4.08000e-01  0.00000e+00  2.50282e-01     1.082e-03
 5.10000e-01  0.00000e+00  2.50282e-01     0.000e+00
-5.10000e-01  4.20000e-02  2.50282e-01     0.000e+00
-4.08000e-01  4.20000e-02  2.50282e-01     1.081e-03
-3.06000e-01  4.20000e-02  2.50282e-01     1.081e-03
-2.04000e-01  4.20000e-02  2.50282e-01     1.081e-03
-1.02000e-01  4.20000e-02  2.50282e-01     1.081e-03
 0.00000e+00  4.20000e-02  2.50282e-01     1.081e-03
 1.02000e-01  4.20000e-02  2.50282e-01     1.081e-03
 2.04000e-01  4.20000e-02  2.50282e-01     1.081e-03
 3.06000e-01  4.20000e-02  2.50282e-01     1.081e-03
 4.08000e-01  4.20000e-02  2.50282e-01     1.081e-03
 5.10000e-01  4.20000e-02  2.50282e-01     0.000e+00
-5.10000e-01  8.40000e-02  2.50282e-01     0.000e+00
-4.08000e-01  8.40000e-02  2.50282e-01     1.079e-03
-3.06000e-01  8.40000e-02  2.50282e-01     1.079e-03
-2.04000e-01  8.40000e-02  2.50282e-01     1.079e-03
-1.02000e-01  8.40000e-02  2.50282e-01     1.079e-03
 0.00000e+00  8.40000e-02  2.50282e-01     1.079e-03
 1.02000e-01  8.40000e-02  2.50282e-01     1.079e-03
 2.04000e-01  8.40000e-02  2.50282e-01     1.079e-03
 3.06000e-01  8.40000e-02  2.50282e-01     1.079e-03
 4.08000e-01  8.40000e-02  2.50282e-01     1.079e-03
 5.10000e-01  8.40000e-02  2.50282e-01     0.000e+00
-5.10000e-01  1.26000e-01  2.50282e-01     0.000e+00
-4.08000e-01  1.26000e-01  2.50282e-01     1.075e-03
-3.06000e-01  1.26000e-01  2.50282e-01     1.075e-03
-2.04000e-01  1.26000e-01  2.50282e-01     1.075e-03
-1.02000e-01  1.26000e-01  2.50282e-01     1.075e-03
 0.00000e+00  1.26000e-01  2.50282e-01     1.075e-03
 1.02000e-01  1.26000e-01  2.50282e-01     1.075e-03
 2.04000e-01  1.26000e-01  2.50282e-01     1.075e-03
 3.06000e-01  1.26000e-01  2.50282e-01     1.075e-03
 4.08000e-01  1.26000e-01  2.50282e-01     1.075e-03
 5.10000e-01  1.26000e-01  2.50282e-01     0.000e+00
-5.10000e-01  1.68000e-01  2.50282e-01     0.000e+00
-4.08000e-01  1.68000e-01  2.50282e-01     1.069e-03
-3.06000e-01  1.68000e-01  2.50282e-01     1.069e-03
-2.04000e-01  1.68000e-01  2.50282e-01     1.069e-03
-1.02000e-01  1.68000e-01  2.50282e-01     1.069e-03
 0.00000e+00  1.68000e-01  2.50282e-01     1.069e-03
 1.02000e-01  1.68000e-01  2.50282e-01     1.069e-03
 2.04000e-01  1.68000e-01  2.50282e-01     1.069e-03
 3.06000e-01  1.68000e-01  2.50282e-01     1.069e-03
 4.08000e-01  1.68000e-01  2.50282e-01     1.069e-03
 5.10000e-01  1.68000e-01  2.50282e-01     0.000e+00
-5.10000e-01  2.10000e-01  2.50282e-01     0.000e+00
-4.08000e-01  2.10000e-01  2.50282e-01     0.000e+00
-3.06000e-01  2.10000e-01  2.50282e-01     0.000e+00
-2.04000e-01  2.10000e-01  2.50282e-01     0.000e+00
-1.02000e-01  2.10000e-01  2.50282e-01     0.000e+00
 0.00000e+00  2.10000e-01  2.50282e-01     0.000e+00
 1.02000e-01  2.10000e-01  2.50282e-01     0.000e+00
 2.04000e-01  2.10000e-01  2.50282e-01     0.000e+00
 3.06000e-01  2.10000e-01  2.50282e-01     0.000e+00
 4.08000e-01  2.10000e-01  2.50282e-01     0.000e+00
 5.10000e-01  2.10000e-01  2.50282e-01     0.000e+00
-5.10000e-01 -2.10000e-01  2.53909e-01     0.000e+00
-4.08000e-01 -2.10000e-01  2.53909e-01     0.000e+00
-3.06000e-01 -2.10000e-01  2.53909e-01     0.000e+00
-2.04000e-01 -2.10000e-01  2.53909e-01     0.000e+00
-1.02000e-01 -2.10000e-01  2.53909e-01     0.000e+00
 0.00000e+00 -2.10000e-01  2.53909e-01     0.000e+00
 1.02000e-01 -2.10000e-01  2.53909e-01     0.000e+00
 2.04000e-01 -2.10000e-01  2.53909e-01     0.000e+00
 3.06000e-01 -2.10000e-01  2.53909e-01     0.000e+00
 4.08000e-01 -2.10000e-01  2.53909e-01     0.000e+00
 5.10000e-01 -2.10000e-01  2.53909e-01     0.000e+00
-5.10000e-01 -1.68000e-01  2.53909e-01     0.000e+00
-4.08000e-01 -1.68000e-01  2.53909e-01     1.051e-03
-3.06000e-01 -1.68000e-01  2.53909e-01     1.051e-03
-2.04000e-01 -1.68000e-01  2.53909e-01     1.051e-03
-1.02000e-01 -1.68000e-01  2.53909e-01     1.051e-03
 0.00000e+00 -1.68000e-01  2.53909e-01     1.051e-03
 1.02000e-01 -1.68000e-01  2.53909e-01     1.051e-03
 2.04000e-01 -1.68000e-01  2.53909e-01     1.051e-03
 3.06000e-01 -1.68000e-01  2.53909e-01     1.051e-03
 4.08000e-01 -1.68000e-01  2.53909e-01     1.051e-03
 5.10000e-01 -1.68000e-01  2.53909e-01     0.000e+00
-5.10000e-01 -1.26000e-01  2.53909e-01     0.000e+00
-4.08000e-01 -1.26000e-01  2.53909e-01     1.056e-03
-3.06000e-01 -1.26000e-01  2.53909e-01     1.056e-03
-2.04000e-01 -1.26000e-01  2.53909e-01     1.056e-03
-1.02000e-01 -1.26000e-01  2.53909e-01     1.056e-03
 0.00000e+00 -1.26000e-01  2.53909e-01     1.056e-03
 1.02000e-01 -1.26000e-01  2.53909e-01     1.056e-03
 2.04000e-01 -1.26000e-01  2.53909e-01     1.056e-03
 3.06000e-01 -1.26000e-01  2.53909e-01     1.056e-03
 4.08000e-01 -1.26000e-01  2.53909e-01     1.056e-03
 5.10000e-01 -1.26000e-01  2.53909e-01     0.000e+00
-5.10000e-01 -8.40000e-02  2.53909e-01     0.000e+00
-4.08000e-01 -8.40000e-02  2.53909e-01     1.060e-03
-3.06000e-01 -8.40000e-02  2.53909e-01     1.060e-03
-2.04000e-01 -8.40000e-02  2.53909e-01     1.060e-03
-1.02000e-01 -8.40000e-02  2.53909e-01     1.060e-03
 0.00000e+00 -8.40000e-02  2.53909e-01     1.060e-03
 1.02000e-01 -8.40000e-02  2.53909e-01     1.060e-03
 2.04000e-01 -8.40000e-02  2.53909e-01     1.060e-03
 3.06000e-01 -8.40000e-02  2.53909e-01     1.060e-03
 4.08000e-01 -8.40000e-02  2.53909e-01     1.060e-03
 5.10000e-01 -8.40000e-02  2.53909e-01     0.000e+00
-5.10000e-01 -4.20000e-02  2.53909e-01     0.000e+00
-4.08000e-01 -4.20000e-02  2.53909e-01     1.063e-03
-3.06000e-01 -4.20000e-02  2.53909e-01     1.063e-03
-2.04000e-01 -4.20000e-02  2.53909e-01     1.063e-03
-1.02000e-01 -4.20000e-02  2.53909e-01     1.063e-03
 0.00000e+00 -4.20000e-02  2.53909e-01     1.063e-03
 1.02000e-01 -4.20000e-02  2.53909e-01     1.063e-03
 2.04000e-01 -4.20000e-02  2.53909e-01     1.063e-03
 3.06000e-01 -4.20000e-02  2.53909e-01     1.063e-03
 4.08000e-01 -4.20000e-02  2.53909e-01     1.063e-03
 5.10000e-01 -4.20000e-02  2.53909e-01     0.000e+00
-5.10000e-01  0.00000e+00  2.53909e-01     0.000e+00
-4.08000e-01  0.00000e+00  2.53909e-01     1.064e-03
-3.06000e-01  0.00000e+00  2.53909e-01     1.064e-03
-2.04000e-01  0.00000e+00  2.53909e-01     1.064e-03
-1.02000e-01  0.00000e+00  2.53909e-01     1.064e-03
 0.00000e+00  0.00000e+00  2.53909e-01     1.064e-03
 1.02000e-01  0.00000e+00  2.53909e-01     1.064e-03
 2.04000e-01  0.00000e+00  2.53909e-01     1.064e-03
 3.06000e-01  0.00000e+00  2.53909e-01     1.064e-03
 4.08000e-01  0.00000e+00  2.53909e-01     1.064e-03
 5.10000e-01  0.00000e+00  2.53909e-01     0.000e+00
-5.10000e-01  4.20000e-02  2.53909e-01     0.000e+00
-4.08000e-01  4.20000e-02  2.53909e-01     1.063e-03
-3.06000e-01  4.20000e-02  2.53909e-01     1.063e-03
-2.04000e-01  4.20000e-02  2.53909e-01     1.063e-03
-1.02000e-01  4.20000e-02  2.53909e-01     1.063e-03
 0.00000e+00  4.20000e-02  2.53909e-01     1.063e-03
 1.02000e-01  4.20000e-02  2.53909e-01     1.063e-03
 2.04000e-01  4.20000e-02  2.53909e-01     1.063e-03
 3.06000e-01  4.20000e-02  2.53909e-01     1.063e-03
 4.08000e-01  4.20000e-02  2.53909e-01     1.063e-03
 5.10000e-01  4.20000e-02  2.53909e-01     0.000e+00
-5.10000e-01  8.40000e-02  2.53909e-01     0.000e+00
-4.08000e-01  8.40000e-02  2.53909e-01     1.060e-03
-3.06000e-01  8.40000e-02  2.53909e-01     1.060e-03
-2.04000e-01  8.40000e-02  2.53909e-01     1.060e-03
-1.02000e-01  8.40000e-02  2.53909e-01     1.060e-03
 0.00000e+00  8.40000e-02  2.53909e-01     1.060e-03
 1.02000e-01  8.40000e-02  2.53909e-01     1.060e-03
 2.04000e-01  8.40000e-02  2.53909e-01     1.060e-03
 3.06000e-01  8.40000e-02  2.53909e-01     1.060e-03
 4.08000e-01  8.40000e-02  2.53909e-01     1.060e-03
 5.10000e-01  8.40000e-02  2.53909e-01     0.000e+00
-5.10000e-01  1.26000e-01  2.53909e-01     0.000e+00
-4.08000e-01  1.26000e-01  2.53909e-01     1.056e-03
-3.06000e-01  1.26000e-01  2.53909e-01     1.056e-03
-2.04000e-01  1.26000e-01  2.53909e-01     1.056e-03
-1.02000e-01  1.26000e-01  2.53909e-01     1.056e-03
 0.00000e+00  1.26000e-01  2.53909e-01     1.056e-03
 1.02000e-01  1.26000e-01  2.53909e-01     1.056e-03
 2.04000e-01  1.26000e-01  2.53909e-01     1.056e-03
 3.06000e-01  1.26000e-01  2.53909e-01     1.056e-03
 4.08000e-01  1.26000e-01  2.53909e-01     1.056e-03
 5.10000e-01  1.26000e-01  2.53909e-01     0.000e+00
-5.10000e-01  1.68000e-01  2.53909e-01     0.000e+00
-4.08000e-01  1.68000e-01  2.53909e-01     1.051e-03
-3.06000e-01  1.68000e-01  2.53909e-01     1.051e-03
-2.04000e-01  1.68000e-01  2.53909e-01     1.051e-03
-1.02000e-01  1.68000e-01  2.53909e-01     1.051e-03
 0.00000e+00  1.68000e-01  2.53909e-01     1.051e-03
 1.02000e-01  1.68000e-01  2.53909e-01     1.051e-03
 2.04000e-01  1.68000e-01  2.53909e-01     1.051e-03
 3.06000e-01  1.68000e-01  2.53909e-01     1.051e-03
 4.08000e-01  1.68000e-01  2.53909e-01     1.051e-03
 5.10000e-01  1.68000e-01  2.53909e-01     0.000e+00
-5.10000e-01  2.10000e-01  2.53909e-01     0.000e+00
-4.08000e-01  2.10000e-01  2.53909e-01     0.000e+00
-3.06000e-01  2.10000e-01  2.53909e-01     0.000e+00
-2.04000e-01  2.10000e-01  2.53909e-01     0.000e+00
-1.02000e-01  2.10000e-01  2.53909e-01     0.000e+00
 0.00000e+00  2.10000e-01  2.53909e-01     0.000e+00
 1.02000e-01  2.10000e-01  2.53909e-01     0.000e+00
 2.04000e-01  2.10000e-01  2.53909e-01     0.000e+00
 3.06000e-01  2.10000e-01  2.53909e-01     0.000e+00
 4.08000e-01  2.10000e-01  2.53909e-01     0.000e+00
 5.10000e-01  2.10000e-01  2.53909e-01     0.000e+00
-5.10000e-01 -2.10000e-01  2.57536e-01     0.000e+00
-4.08000e-01 -2.10000e-01  2.57536e-01     0.000e+00
-3.06000e-01 -2.10000e-01  2.57536e-01     0.000e+00
-2.04000e-01 -2.10000e-01  2.57536e-01     0.000e+00
-1.02000e-01 -2.10000e-01  2.57536e-01     0.000e+00
 0.00000e+00 -2.10000e-01  2.57536e-01     0.000e+00
 1.02000e-01 -2.10000e-01  2.57536e-01     0.000e+00
 2.04000e-01 -2.10000e-01  2.57536e-01     0.000e+00
 3.06000e-01 -2.10000e-01  2.57536e-01     0.000e+00
 4.08000e-01 -2.10000e-01  2.57536e-01     0.000e+00
 5.10000e-01 -2.10000e-01  2.57536e-01     0.000e+00
-5.10000e-01 -1.68000e-01  2.57536e-01     0.000e+00
-4.08000e-01 -1.68000e-01  2.57536e-01     1.033e-03
-3.06000e-01 -1.68000e-01  2.57536e-01     1.033e-03
-2.04000e-01 -1.68000e-01  2.57536e-01     1.033e-03
-1.02000e-01 -1.68000e-01  2.57536e-01     1.033e-03
 0.00000e+00 -1.68000e-01  2.57536e-01     1.033e-03
 1.02000e-01 -1.68000e-01  2.57536e-01     1.033e-03
 2.04000e-01 -1.68000e-01  2.57536e-01     1.033e-03
 3.06000e-01 -1.68000e-01  2.57536e-01     1.033e-03
 4.08000e-01 -1.68000e-01  2.57536e-01     1.033e-03
 5.10000e-01 -1.68000e-01  2.57536e-01     0.000e+00
-5.10000e-01 -1.26000e-01  2.57536e-01     0.000e+00
-4.08000e-01 -1.26000e-01  2.57536e-01     1.039e-03
-3.06000e-01 -1.26000e-01  2.57536e-01     1.039e-03
-2.04000e-01 -1.26000e-01  2.57536e-01     1.039e-03
-1.02000e-01 -1.26000e-01  2.57536e-01     1.039e-03
 0.00000e+00 -1.26000e-01  2.57536e-01     1.039e-03
 1.02000e-01 -1.26000e-01  2.57536e-01     1.039e-03
 2.04000e-01 -1.26000e-01  2.57536e-01     1.039e-03
 3.06000e-01 -1.26000e-01  2.57536e-01     1.039e-03
 4.08000e-01 -1.26000e-01  2.57536e-01     1.039e-03
 5.10000e-01 -1.26000e-01  2.57536e-01     0.000e+00
-5.10000e-01 -8.40000e-02  2.57536e-01     0.000e+00
-4.08000e-01 -8.40000e-02  2.57536e-01     1.043e-03
-3.06000e-01 -8.40000e-02  2.57536e-01     1.043e-03
-2.04000e-01 -8.40000e-02  2.57536e-01     1.043e-03
-1.02000e-01 -8.40000e-02  2.57536e-01     1.043e-03
 0.00000e+00 -8.40000e-02  2.57536e-01     1.043e-03
 1.02000e-01 -8.40000e-02  2.57536e-01     1.043e-03
 2.04000e-01 -8.40000e-02  2.57536e-01     1.043e-03
 3.06000e-01 -8.40000e-02  2.57536e-01     1.043e-03
 4.08000e-01 -8.40000e-02  2.57536e-01     1.043e-03
 5.10000e-01 -8.40000e-02  2.57536e-01     0.000e+00
-5.10000e-01 -4.20000e-02  2.57536e-01     0.000e+00
-4.08000e-01 -4.20000e-02  2.57536e-01     1.045e-03
-3.06000e-01 -4.20000e-02  2.57536e-01     1.045e-03
-2.04000e-01 -4.20000e-02  2.57536e-01     1.045e-03
-1.02000e-01 -4.20000e-02  2.57536e-01     1.045e-03
 0.00000e+00 -4.20000e-02  2.57536e-01     1.045e-03
 1.02000e-01 -4.20000e-02  2.57536e-01     1.045e-03
 2.04000e-01 -4.20000e-02  2.57536e-01     1.045e-03
 3.06000e-01 -4.20000e-02  2.57536e-01     1.045e-03
 4.08000e-01 -4.20000e-02  2.57536e-01     1.045e-03
 5.10000e-01 -4.20000e-02  2.57536e-01     0.000e+00
-5.10000e-01  0.00000e+00  2.57536e-01     0.000e+00
-4.08000e-01  0.00000e+00  2.57536e-01     1.046e-03
-3.06000e-01  0.00000e+00  2.57536e-01     1.046e-03
-2.04000e-01  0.00000e+00  2.57536e-01     1.046e-03
-1.02000e-01  0.00000e+00  2.57536e-01     1.046e-03
 0.00000e+00  0.00000e+00  2.57536e-01     1.046e-03
 1.02000e-01  0.00000e+00  2.57536e-01     1.046e-03
 2.04000e-01  0.00000e+00  2.57536e-01     1.046e-03
 3.06000e-01  0.00000e+00  2.57536e-01     1.046e-03
 4.08000e-01  0.00000e+00  2.57536e-01     1.046e-03
 5.10000e-01  0.00000e+00  2.57536e-01     0.000e+00
-5.10000e-01  4.20000e-02  2.57536e-01     0.000e+00
-4.08000e-01  4.20000e-02  2.57536e-01     1.045e-03
-3.06000e-01  4.20000e-02  2.57536e-01     1.045e-03
-2.04000e-01  4.20000e-02  2.57536e-01     1.045e-03
-1.02000e-01  4.20000e-02  2.57536e-01     1.045e-03
 0.00000e+00  4.20000e-02  2.57536e-01     1.045e-03
 1.02000e-01  4.20000e-02  2.57536e-01     1.045e-03
 2.04000e-01  4.20000e-02  2.57536e-01     1.045e-03
 3.06000e-01  4.20000e-02  2.57536e-01     1.045e-03
 4.08000e-01  4.20000e-02  2.57536e-01     1.045e-03
 5.10000e-01  4.20000e-02  2.57536e-01     0.000e+00
-5.10000e-01  8.40000e-02  2.57536e-01     0.000e+00
-4.08000e-01  8.40000e-02  2.57536e-01     1.043e-03
-3.06000e-01  8.40000e-02  2.57536e-01     1.043e-03
-2.04000e-01  8.40000e-02  2.57536e-01     1.043e-03
-1.02000e-01  8.40000e-02  2.57536e-01     1.043e-03
 0.00000e+00  8.40000e-02  2.57536e-01     1.043e-03
 1.02000e-01  8.40000e-02  2.57536e-01     1.043e-03
 2.04000e-01  8.40000e-02  2.57536e-01     1.043e-03
 3.06000e-01  8.40000e-02  2.57536e-01     1.043e-03
 4.08000e-01  8.40000e-02  2.57536e-01     1.043e-03
 5.10000e-01  8.40000e-02  2.57536e-01     0.000e+00
-5.10000e-01  1.26000e-01  2.57536e-01     0.000e+00
-4.08000e-01  1.26000e-01  2.57536e-01     1.039e-03
-3.06000e-01  1.26000e-01  2.57536e-01     1.039e-03
-2.04000e-01  1.26000e-01  2.57536e-01     1.039e-03
-1.02000e-01  1.26000e-01  2.57536e-01     1.039e-03
 0.00000e+00  1.26000e-01  2.57536e-01     1.039e-03
 1.02000e-01  1.26000e-01  2.57536e-01     1.039e-03
 2.04000e-01  1.26000e-01  2.57536e-01     1.039e-03
 3.06000e-01  1.26000e-01  2.57536e-01     1.039e-03
 4.08000e-01  1.26000e-01  2.57536e-01     1.039e-03
 5.10000e-01  1.26000e-01  2.57536e-01     0.000e+00
-5.10000e-01  1.68000e-01  2.57536e-01     0.000e+00
-4.08000e-01  1.68000e-01  2.57536e-01     1.033e-03
-3.06000e-01  1.68000e-01  2.57536e-01     1.033e-03
-2.04000e-01  1.68000e-01  2.57536e-01     1.033e-03
-1.02000e-01  1.68000e-01  2.57536e-01     1.033e-03
 0.00000e+00  1.68000e-01  2.57536e-01     1.033e-03
 1.02000e-01  1.68000e-01  2.57536e-01     1.033e-03
 2.04000e-01  1.68000e-01  2.57536e-01     1.033e-03
 3.06000e-01  1.68000e-01  2.57536e-01     1.033e-03
 4.08000e-01  1.68000e-01  2.57536e-01     1.033e-03
 5.10000e-01  1.68000e-01  2.57536e-01     0.000e+00
-5.10000e-01  2.10000e-01  2.57536e-01     0.000e+00
-4.08000e-01  2.10000e-01  2.57536e-01     0.000e+00
-3.06000e-01  2.10000e-01  2.57536e-01     0.000e+00
-2.04000e-01  2.10000e-01  2.57536e-01     0.000e+00
-1.02000e-01  2.10000e-01  2.57536e-01     0.000e+00
 0.00000e+00  2.10000e-01  2.57536e-01     0.000e+00
 1.02000e-01  2.10000e-01  2.57536e-01     0.000e+00
 2.04000e-01  2.10000e-01  2.57536e-01     0.000e+00
 3.06000e-01  2.10000e-01  2.57536e-01     0.000e+00
 4.08000e-01  2.10000e-01  2.57536e-01     0.000e+00
 5.10000e-01  2.10000e-01  2.57536e-01     0.000e+00
-5.10000e-01 -2.10000e-01  2.61164e-01     0.000e+00
-4.08000e-01 -2.10000e-01  2.61164e-01     0.000e+00
-3.06000e-01 -2.10000e-01  2.61164e-01     0.000e+00
-2.04000e-01 -2.10000e-01  2.61164e-01     0.000e+00
-1.02000e-01 -2.10000e-01  2.61164e-01     0.000e+00
 0.00000e+00 -2.10000e-01  2.61164e-01     0.000e+00
 1.02000e-01 -2.10000e-01  2.61164e-01     0.000e+00
 2.04000e-01 -2.10000e-01  2.61164e-01     0.000e+00
 3.06000e-01 -2.10000e-01  2.61164e-01     0.000e+00
 4.08000e-01 -2.10000e-01  2.61164e-01     0.000e+00
 5.10000e-01 -2.10000e-01  2.61164e-01     0.000e+00
-5.10000e-01 -1.68000e-01  2.61164e-01     0.000e+00
-4.08000e-01 -1.68000e-01  2.61164e-01     1.016e-03
-3.06000e-01 -1.68000e-01  2.61164e-01     1.016e-03
-2.04000e-01 -1.68000e-01  2.61164e-01     1.016e-03
-1.02000e-01 -1.68000e-01  2.61164e-01     1.016e-03
 0.00000e+00 -1.68000e-01  2.61164e-01     1.016e-03
 1.02000e-01 -1.68000e-01  2.61164e-01     1.016e-03
 2.04000e-01 -1.68000e-01  2.61164e-01     1.016e-03
 3.06000e-01 -1.68000e-01  2.61164e-01     1.016e-03
 4.08000e-01 -1.68000e-01  2.61164e-01     1.016e-03
 5.10000e-01 -1.68000e-01  2.61164e-01     0.000e+00
-5.10000e-01 -1.26000e-01  2.61164e-01     0.000e+00
-4.08000e-01 -1.26000e-01  2.61164e-01     1.021e-03
-3.06000e-01 -1.26000e-01  2.61164e-01     1.021e-03
-2.04000e-01 -1.26000e-01  2.61164e-01     1.021e-03
-1.02000e-01 -1.26000e-01  2.61164e-01     1.021e-03
 0.00000e+00 -1.26000e-01  2.61164e-01     1.021e-03
 1.02000e-01 -1.26000e-01  2.61164e-01     1.021e-03
 2.04000e-01 -1.26000e-01  2.61164e-01     1.021e-03
 3.06000e-01 -1.26000e-01  2.61164e-01     1.021e-03
 4.08000e-01 -1.26000e-01  2.61164e-01     1.021e-03
 5.10000e-01 -1.26000e-01  2.61164e-01     0.000e+00
-5.10000e-01 -8.40000e-02  2.61164e-01     0.000e+00
-4.08000e-01 -8.40000e-02  2.61164e-01     1.025e-03
-3.06000e-01 -8.40000e-02  2.61164e-01     1.025e-03
-2.04000e-01 -8.40000e-02  2.61164e-01     1.025e-03
-1.02000e-01 -8.40000e-02  2.61164e-01     1.025e-03
 0.00000e+00 -8.40000e-02  2.61164e-01     1.025e-03
 1.02000e-01 -8.40000e-02  2.61164e-01     1.025e-03
 2.04000e-01 -8.40000e-02  2.61164e-01     1.025e-03
 3.06000e-01 -8.40000e-02  2.61164e-01     1.025e-03
 4.08000e-01 -8.40000e-02  2.61164e-01     1.025e-03
 5.10000e-01 -8.40000e-02  2.61164e-01     0.000e+00
-5.10000e-01 -4.20000e-02  2.61164e-01     0.000e+00
-4.08000e-01 -4.20000e-02  2.61164e-01     1.028e-03
-3.06000e-01 -4.20000e-02  2.61164e-01     1.028e-03
-2.04000e-01 -4.20000e-02  2.61164e-01     1.028e-03
-1.02000e-01 -4.20000e-02  2.61164e-01     1.028e-03
 0.00000e+00 -4.20000e-02  2.61164e-01     1.028e-03
 1.02000e-01 -4.20000e-02  2.61164e-01     1.028e-03
 2.04000e-01 -4.20000e-02  2.61164e-01     1.028e-03
 3.06000e-01 -4.20000e-02  2.61164e-01     1.028e-03
 4.08000e-01 -4.20000e-02  2.61164e-01     1.028e-03
 5.10000e-01 -4.20000e-02  2.61164e-01     0.000e+00
-5.10000e-01  0.00000e+00  2.61164e-01     0.000e+00
-4.08000e-01  0.00000e+00  2.61164e-01     1.028e-03
-3.06000e-01  0.00000e+00  2.61164e-01     1.028e-03
-2.04000e-01  0.00000e+00  2.61164e-01     1.028e-03
-1.02000e-01  0.00000e+00  2.61164e-01     1.028e-03
 0.00000e+00  0.00000e+00  2.61164e-01     1.028e-03
 1.02000e-01  0.00000e+00  2.61164e-01     1.028e-03
 2.04000e-01  0.00000e+00  2.61164e-01     1.028e-03
 3.06000e-01  0.00000e+00  2.61164e-01     1.028e-03
 4.08000e-01  0.00000e+00  2.61164e-01     1.028e-03
 5.10000e-01  0.00000e+00  2.61164e-01     0.000e+00
-5.10000e-01  4.20000e-02  2.61164e-01     0.000e+00
-4.08000e-01  4.20000e-02  2.61164e-01     1.028e-03
-3.06000e-01  4.20000e-02  2.61164e-01     1.028e-03
-2.04000e-01  4.20000e-02  2.61164e-01     1.028e-03
-1.02000e-01  4.20000e-02  2.61164e-01     1.028e-03
 0.00000e+00  4.20000e-02  2.61164e-01     1.028e-03
 1.02000e-01  4.20000e-02  2.61164e-01     1.028e-03
 2.04000e-01  4.20000e-02  2.61164e-01     1.028e-03
 3.06000e-01  4.20000e-02  2.61164e-01     1.028e-03
 4.08000e-01  4.20000e-02  2.61164e-01     1.028e-03
 5.10000e-01  4.20000e-02  2.61164e-01     0.000e+00
-5.10000e-01  8.40000e-02  2.61164e-01     0.000e+00
-4.08000e-01  8.40000e-02  2.61164e-01     1.025e-03
-3.06000e-01  8.40000e-02  2.61164e-01     1.025e-03
-2.04000e-01  8.40000e-02  2.61164e-01     1.025e-03
-1.02000e-01  8.40000e-02  2.61164e-01     1.025e-03
 0.00000e+00  8.40000e-02  2.61164e-01     1.025e-03
 1.02000e-01  8.40000e-02  2.61164e-01     1.025e-03
 2.04000e-01  8.40000e-02  2.61164e-01     1.025e-03
 3.06000e-01  8.40000e-02  2.61164e-01     1.025e-03
 4.08000e-01  8.40000e-02  2.61164e-01     1.025e-03
 5.10000e-01  8.40000e-02  2.61164e-01     0.000e+00
-5.10000e-01  1.26000e-01  2.61164e-01     0.000e+00
-4.08000e-01  1.26000e-01  2.61164e-01     1.021e-03
-3.06000e-01  1.26000e-01  2.61164e-01     1.021e-03
-2.04000e-01  1.26000e-01  2.61164e-01     1.021e-03
-1.02000e-01  1.26000e-01  2.61164e-01     1.021e-03
 0.00000e+00  1.26000e-01  2.61164e-01     1.021e-03
 1.02000e-01  1.26000e-01  2.61164e-01     1.021e-03
 2.04000e-01  1.26000e-01  2.61164e-01     1.021e-03
 3.06000e-01  1.26000e-01  2.61164e-01     1.021e-03
 4.08000e-01  1.26000e-01  2.61164e-01     1.021e-03
 5.10000e-01  1.26000e-01  2.61164e-01     0.000e+00
-5.10000e-01  1.68000e-01  2.61164e-01     0.000e+00
-4.08000e-01  1.68000e-01  2.61164e-01     1.016e-03
-3.06000e-01  1.68000e-01  2.61164e-01     1.016e-03
-2.04000e-01  1.68000e-01  2.61164e-01     1.016e-03
-1.02000e-01  1.68000e-01  2.61164e-01     1.016e-03
 0.00000e+00  1.68000e-01  2.61164e-01     1.016e-03
 1.02000e-01  1.68000e-01  2.61164e-01     1.016e-03
 2.04000e-01  1.68000e-01  2.61164e-01     1.016e-03
 3.06000e-01  1.68000e-01  2.61164e-01     1.016e-03
 4.08000e-01  1.68000e-01  2.61164e-01     1.016e-03
 5.10000e-01  1.68000e-01  2.61164e-01     0.000e+00
-5.10000e-01  2.10000e-01  2.61164e-01     0.000e+00
-4.08000e-01  2.10000e-01  2.61164e-01     0.000e+00
-3.06000e-01  2.10000e-01  2.61164e-01     0.000e+00
-2.04000e-01  2.10000e-01  2.61164e-01     0.000e+00
-1.02000e-01  2.10000e-01  2.61164e-01     0.000e+00
 0.00000e+00  2.10000e-01  2.61164e-01     0.000e+00
 1.02000e-01  2.10000e-01  2.61164e-01     0.000e+00
 2.04000e-01  2.10000e-01  2.61164e-01     0.000e+00
 3.06000e-01  2.10000e-01  2.61164e-01     0.000e+00
 4.08000e-01  2.10000e-01  2.61164e-01     0.000e+00
 5.10000e-01  2.10000e-01  2.61164e-01     0.000e+00
-5.10000e-01 -2.10000e-01  2.64791e-01     0.000e+00
-4.08000e-01 -2.10000e-01  2.64791e-01     0.000e+00
-3.06000e-01 -2.10000e-01  2.64791e-01     0.000e+00
-2.04000e-01 -2.10000e-01  2.64791e-01     0.000e+00
-1.02000e-01 -2.10000e-01  2.64791e-01     0.000e+00
 0.00000e+00 -2.10000e-01  2.64791e-01     0.000e+00
 1.02000e-01 -2.10000e-01  2.64791e-01     0.000e+00
 2.04000e-01 -2.10000e-01  2.64791e-01     0.000e+00
 3.06000e-01 -2.10000e-01  2.64791e-01     0.000e+00
 4.08000e-01 -2.10000e-01  2.64791e-01     0.000e+00
 5.10000e-01 -2.10000e-01  2.64791e-01     0.000e+00
-5.10000e-01 -1.68000e-01  2.64791e-01     0.000e+00
-4.08000e-01 -1.68000e-01  2.64791e-01     9.990e-04
-3.06000e-01 -1.68000e-01  2.64791e-01     9.990e-04
-2.04000e-01 -1.68000e-01  2.64791e-01     9.990e-04
-1.02000e-01 -1.68000e-01  2.64791e-01     9.990e-04
 0.00000e+00 -1.68000e-01  2.64791e-01     9.990e-04
 1.02000e-01 -1.68000e-01  2.64791e-01     9.990e-04
 2.04000e-01 -1.68000e-01  2.64791e-01     9.990e-04
 3.06000e-01 -1.68000e-01  2.64791e-01     9.990e-04
 4.08000e-01 -1.68000e-01  2.64791e-01     9.990e-04
 5.10000e-01 -1.68000e-01  2.64791e-01     0.000e+00
-5.10000e-01 -1.26000e-01  2.64791e-01     0.000e+00
-4.08000e-01 -1.26000e-01  2.64791e-01     1.004e-03
-3.06000e-01 -1.26000e-01  2.64791e-01     1.004e-03
-2.04000e-01 -1.26000e-01  2.64791e-01     1.004e-03
-1.02000e-01 -1.26000e-01  2.64791e-01     1.004e-03
 0.00000e+00 -1.26000e-01  2.64791e-01     1.004e-03
 1.02000e-01 -1.26000e-01  2.64791e-01     1.004e-03
 2.04000e-01 -1.26000e-01  2.64791e-01     1.004e-03
 3.06000e-01 -1.26000e-01  2.64791e-01     1.004e-03
 4.08000e-01 -1.26000e-01  2.64791e-01     1.004e-03
 5.10000e-01 -1.26000e-01  2.64791e-01     0.000e+00
-5.10000e-01 -8.40000e-02  2.64791e-01     0.000e+00
-4.08000e-01 -8.40000e-02  2.64791e-01     1.008e-03
-3.06000e-01 -8.40000e-02  2.64791e-01     1.008e-03
-2.04000e-01 -8.40000e-02  2.64791e-01     1.008e-03
-1.02000e-01 -8.40000e-02  2.64791e-01     1.008e-03
 0.00000e+00 -8.40000e-02  2.64791e-01     1.008e-03
 1.02000e-01 -8.40000e-02  2.64791e-01     1.008e-03
 2.04000e-01 -8.40000e-02  2.64791e-01     1.008e-03
 3.06000e-01 -8.40000e-02  2.64791e-01     1.008e-03
 4.08000e-01 -8.40000e-02  2.64791e-01     1.008e-03
 5.10000e-01 -8.40000e-02  2.64791e-01     0.000e+00
-5.10000e-01 -4.20000e-02  2.64791e-01     0.000e+00
-4.08000e-01 -4.20000e-02  2.64791e-01     1.011e-03
-3.06000e-01 -4.20000e-02  2.64791e-01     1.011e-03
-2.04000e-01 -4.20000e-02  2.64791e-01     1.011e-03
-1.02000e-01 -4.20000e-02  2.64791e-01     1.011e-03
 0.00000e+00 -4.20000e-02  2.64791e-01     1.011e-03
 1.02000e-01 -4.20000e-02  2.64791e-01     1.011e-03
 2.04000e-01 -4.20000e-02  2.64791e-01     1.011e-03
 3.06000e-01 -4.20000e-02  2.64791e-01     1.011e-03
 4.08000e-01 -4.20000e-02  2.64791e-01     1.011e-03
 5.10000e-01 -4.20000e-02  2.64791e-01     0.000e+00
-5.10000e-01  0.00000e+00  2.64791e-01     0.000e+00
-4.08000e-01  0.00000e+00  2.64791e-01     1.011e-03
-3.06000e-01  0.00000e+00  2.64791e-01     1.011e-03
-2.04000e-01  0.00000e+00  2.64791e-01     1.011e-03
-1.02000e-01  0.00000e+00  2.64791e-01     1.011e-03
 0.00000e+00  0.00000e+00  2.64791e-01     1.011e-03
 1.02000e-01  0.00000e+00  2.64791e-01     1.011e-03
 2.04000e-01  0.00000e+00  2.64791e-01     1.011e-03
 3.06000e-01  0.00000e+00  2.64791e-01     1.011e-03
 4.08000e-01  0.00000e+00  2.64791e-01     1.011e-03
 5.10000e-01  0.00000e+00  2.64791e-01     0.000e+00
-5.10000e-01  4.20000e-02  2.64791e-01     0.000e+00
-4.08000e-01  4.20000e-02  2.64791e-01     1.011e-03
-3.06000e-01  4.20000e-02  2.64791e-01     1.011e-03
-2.04000e-01  4.20000e-02  2.64791e-01     1.011e-03
-1.02000e-01  4.20000e-02  2.64791e-01     1.011e-03
 0.00000e+00  4.20000e-02  2.64791e-01     1.011e-03
 1.02000e-01  4.20000e-02  2.64791e-01     1.011e-03
 2.04000e-01  4.20000e-02  2.64791e-01     1.011e-03
 3.06000e-01  4.20000e-02  2.64791e-01     1.011e-03
 4.08000e-01  4.20000e-02  2.64791e-01     1.011e-03
 5.10000e-01  4.20000e-02  2.64791e-01     0.000e+00
-5.10000e-01  8.40000e-02  2.64791e-01     0.000e+00
-4.08000e-01  8.40000e-02  2.64791e-01     1.008e-03
-3.06000e-01  8.40000e-02  2.64791e-01     1.008e-03
-2.04000e-01  8.40000e-02  2.64791e-01     1.008e-03
-1.02000e-01  8.40000e-02  2.64791e-01     1.008e-03
 0.00000e+00  8.40000e-02  2.64791e-01     1.008e-03
 1.02000e-01  8.40000e-02  2.64791e-01     1.008e-03
 2.04000e-01  8.40000e-02  2.64791e-01     1.008e-03
 3.06000e-01  8.40000e-02  2.64791e-01     1.008e-03
 4.08000e-01  8.40000e-02  2.64791e-01     1.008e-03
 5.10000e-01  8.40000e-02  2.64791e-01     0.000e+00
-5.10000e-01  1.26000e-01  2.64791e-01     0.000e+00
-4.08000e-01  1.26000e-01  2.64791e-01     1.004e-03
-3.06000e-01  1.26000e-01  2.64791e-01     1.004e-03
-2.04000e-01  1.26000e-01  2.64791e-01     1.004e-03
-1.02000e-01  1.26000e-01  2.64791e-01     1.004e-03
 0.00000e+00  1.26000e-01  2.64791e-01     1.004e-03
 1.02000e-01  1.26000e-01  2.64791e-01     1.004e-03
 2.04000e-01  1.26000e-01  2.64791e-01     1.004e-03
 3.06000e-01  1.26000e-01  2.64791e-01     1.004e-03
 4.08000e-01  1.26000e-01  2.64791e-01     1.004e-03
 5.10000e-01  1.26000e-01  2.64791e-01     0.000e+00
-5.10000e-01  1.68000e-01  2.64791e-01     0.000e+00
-4.08000e-01  1.68000e-01  2.64791e-01     9.990e-04
-3.06000e-01  1.68000e-01  2.64791e-01     9.990e-04
-2.04000e-01  1.68000e-01  2.64791e-01     9.990e-04
-1.02000e-01  1.68000e-01  2.64791e-01     9.990e-04
 0.00000e+00  1.68000e-01  2.64791e-01     9.990e-04
 1.02000e-01  1.68000e-01  2.64791e-01     9.990e-04
 2.04000e-01  1.68000e-01  2.64791e-01     9.990e-04
 3.06000e-01  1.68000e-01  2.64791e-01     9.990e-04
 4.08000e-01  1.68000e-01  2.64791e-01     9.990e-04
 5.10000e-01  1.68000e-01  2.64791e-01     0.000e+00
-5.10000e-01  2.10000e-01  2.64791e-01     0.000e+00
-4.08000e-01  2.10000e-01  2.64791e-01     0.000e+00
-3.06000e-01  2.10000e-01  2.64791e-01     0.000e+00
-2.04000e-01  2.10000e-01  2.64791e-01     0.000e+00
-1.02000e-01  2.10000e-01  2.64791e-01     0.000e+00
 0.00000e+00  2.10000e-01  2.64791e-01     0.000e+00
 1.02000e-01  2.10000e-01  2.64791e-01     0.000e+00
 2.04000e-01  2.10000e-01  2.64791e-01     0.000e+00
 3.06000e-01  2.10000e-01  2.64791e-01     0.000e+00
 4.08000e-01  2.10000e-01  2.64791e-01     0.000e+00
 5.10000e-01  2.10000e-01  2.64791e-01     0.000e+00
-5.10000e-01 -2.10000e-01  2.68418e-01     0.000e+00
-4.08000e-01 -2.10000e-01  2.68418e-01     0.000e+00
-3.06000e-01 -2.10000e-01  2.68418e-01     0.000e+00
-2.04000e-01 -2.10000e-01  2.68418e-01     0.000e+00
-1.02000e-01 -2.10000e-01  2.68418e-01     0.000e+00
 0.00000e+00 -2.10000e-01  2.68418e-01     0.000e+00
 1.02000e-01 -2.10000e-01  2.68418e-01     0.000e+00
 2.04000e-01 -2.10000e-01  2.68418e-01     0.000e+00
 3.06000e-01 -2.10000e-01  2.68418e-01     0.000e+00
 4.08000e-01 -2.10000e-01  2.68418e-01     0.000e+00
 5.10000e-01 -2.10000e-01  2.68418e-01     0.000e+00
-5.10000e-01 -1.68000e-01  2.68418e-01     0.000e+00
-4.08000e-01 -1.68000e-01  2.68418e-01     9.827e-04
-3.06000e-01 -1.68000e-01  2.68418e-01     9.827e-04
-2.04000e-01 -1.68000e-01  2.68418e-01     9.827e-04
-1.02000e-01 -1.68000e-01  2.68418e-01     9.827e-04
 0.00000e+00 -1.68000e-01  2.68418e-01     9.827e-04
 1.02000e-01 -1.68000e-01  2.68418e-01     9.827e-04
 2.04000e-01 -1.68000e-01  2.68418e-01     9.827e-04
 3.06000e-01 -1.68000e-01  2.68418e-01     9.827e-04
 4.08000e-01 -1.68000e-01  2.68418e-01     9.827e-04
 5.10000e-01 -1.68000e-01  2.68418e-01     0.000e+00
-5.10000e-01 -1.26000e-01  2.68418e-01     0.000e+00
-4.08000e-01 -1.26000e-01  2.68418e-01     9.880e-04
-3.06000e-01 -1.26000e-01  2.68418e-01     9.880e-04
-2.04000e-01 -1.26000e-01  2.68418e-01     9.880e-04
-1.02000e-01 -1.26000e-01  2.68418e-01     9.880e-04
 0.00000e+00 -1.26000e-01  2.68418e-01     9.880e-04
 1.02000e-01 -1.26000e-01  2.68418e-01     9.880e-04
 2.04000e-01 -1.26000e-01  2.68418e-01     9.880e-04
 3.06000e-01 -1.26000e-01  2.68418e-01     9.880e-04
 4.08000e-01 -1.26000e-01  2.68418e-01     9.880e-04
 5.10000e-01 -1.26000e-01  2.68418e-01     0.000e+00
-5.10000e-01 -8.40000e-02  2.68418e-01     0.000e+00
-4.08000e-01 -8.40000e-02  2.68418e-01     9.918e-04
-3.06000e-01 -8.40000e-02  2.68418e-01     9.918e-04
-2.04000e-01 -8.40000e-02  2.68418e-01     9.918e-04
-1.02000e-01 -8.40000e-02  2.68418e-01     9.918e-04
 0.00000e+00 -8.40000e-02  2.68418e-01     9.918e-04
 1.02000e-01 -8.40000e-02  2.68418e-01     9.918e-04
 2.04000e-01 -8.40000e-02  2.68418e-01     9.918e-04
 3.06000e-01 -8.40000e-02  2.68418e-01     9.918e-04
 4.08000e-01 -8.40000e-02  2.68418e-01     9.918e-04
 5.10000e-01 -8.40000e-02  2.68418e-01     0.000e+00
-5.10000e-01 -4.20000e-02  2.68418e-01     0.000e+00
-4.08000e-01 -4.20000e-02  2.68418e-01     9.941e-04
-3.06000e-01 -4.20000e-02  2.68418e-01     9.941e-04
-2.04000e-01 -4.20000e-02  2.68418e-01     9.941e-04
-1.02000e-01 -4.20000e-02  2.68418e-01     9.941e-04
 0.00000e+00 -4.20000e-02  2.68418e-01     9.941e-04
 1.02000e-01 -4.20000e-02  2.68418e-01     9.941e-04
 2.04000e-01 -4.20000e-02  2.68418e-01     9.941e-04
 3.06000e-01 -4.20000e-02  2.68418e-01     9.941e-04
 4.08000e-01 -4.20000e-02  2.68418e-01     9.941e-04
 5.10000e-01 -4.20000e-02  2.68418e-01     0.000e+00
-5.10000e-01  0.00000e+00  2.68418e-01     0.000e+00
-4.08000e-01  0.00000e+00  2.68418e-01     9.949e-04
-3.06000e-01  0.00000e+00  2.68418e-01     9.949e-04
-2.04000e-01  0.00000e+00  2.68418e-01     9.949e-04
-1.02000e-01  0.00000e+00  2.68418e-01     9.949e-04
 0.00000e+00  0.00000e+00  2.68418e-01     9.949e-04
 1.02000e-01  0.00000e+00  2.68418e-01     9.949e-04
 2.04000e-01  0.00000e+00  2.68418e-01     9.949e-04
 3.06000e-01  0.00000e+00  2.68418e-01     9.949e-04
 4.08000e-01  0.00000e+00  2.68418e-01     9.949e-04
 5.10000e-01  0.00000e+00  2.68418e-01     0.000e+00
-5.10000e-01  4.20000e-02  2.68418e-01     0.000e+00
-4.08000e-01  4.20000e-02  2.68418e-01     9.941e-04
-3.06000e-01  4.20000e-02  2.68418e-01     9.941e-04
-2.04000e-01  4.20000e-02  2.68418e-01     9.941e-04
-1.02000e-01  4.20000e-02  2.68418e-01     9.941e-04
 0.00000e+00  4.20000e-02  2.68418e-01     9.941e-04
 1.02000e-01  4.20000e-02  2.68418e-01     9.941e-04
 2.04000e-01  4.20000e-02  2.68418e-01     9.941e-04
 3.06000e-01  4.20000e-02  2.68418e-01     9.941e-04
 4.08000e-01  4.20000e-02  2.68418e-01     9.941e-04
 5.10000e-01  4.20000e-02  2.68418e-01     0.000e+00
-5.10000e-01  8.40000e-02  2.68418e-01     0.000e+00
-4.08000e-01  8.40000e-02  2.68418e-01     9.918e-04
-3.06000e-01  8.40000e-02  2.68418e-01     9.918e-04
-2.04000e-01  8.40000e-02  2.68418e-01     9.918e-04
-1.02000e-01  8.40000e-02  2.68418e-01     9.918e-04
 0.00000e+00  8.40000e-02  2.68418e-01     9.918e-04
 1.02000e-01  8.40000e-02  2.68418e-01     9.918e-04
 2.04000e-01  8.40000e-02  2.68418e-01     9.918e-04
 3.06000e-01  8.40000e-02  2.68418e-01     9.918e-04
 4.08000e-01  8.40000e-02  2.68418e-01     9.918e-04
 5.10000e-01  8.40000e-02  2.68418e-01     0.000e+00
-5.10000e-01  1.26000e-01  2.68418e-01     0.000e+00
-4.08000e-01  1.26000e-01  2.68418e-01     9.880e-04
-3.06000e-01  1.26000e-01  2.68418e-01     9.880e-04
-2.04000e-01  1.26000e-01  2.68418e-01     9.880e-04
-1.02000e-01  1.26000e-01  2.68418e-01     9.880e-04
 0.00000e+00  1.26000e-01  2.68418e-01     9.880e-04
 1.02000e-01  1.26000e-01  2.68418e-01     9.880e-04
 2.04000e-01  1.26000e-01  2.68418e-01     9.880e-04
 3.06000e-01  1.26000e-01  2.68418e-01     9.880e-04
 4.08000e-01  1.26000e-01  2.68418e-01     9.880e-04
 5.10000e-01  1.26000e-01  2.68418e-01     0.000e+00
-5.10000e-01  1.68000e-01  2.68418e-01     0.000e+00
-4.08000e-01  1.68000e-01  2.68418e-01     9.827e-04
-3.06000e-01  1.68000e-01  2.68418e-01     9.827e-04
-2.04000e-01  1.68000e-01  2.68418e-01     9.827e-04
-1.02000e-01  1.68000e-01  2.68418e-01     9.827e-04
 0.00000e+00  1.68000e-01  2.68418e-01     9.827e-04
 1.02000e-01  1.68000e-01  2.68418e-01     9.827e-04
 2.04000e-01  1.68000e-01  2.68418e-01     9.827e-04
 3.06000e-01  1.68000e-01  2.68418e-01     9.827e-04
 4.08000e-01  1.68000e-01  2.68418e-01     9.827e-04
 5.10000e-01  1.68000e-01  2.68418e-01     0.000e+00
-5.10000e-01  2.10000e-01  2.68418e-01     0.000e+00
-4.08000e-01  2.10000e-01  2.68418e-01     0.000e+00
-3.06000e-01  2.10000e-01  2.68418e-01     0.000e+00
-2.04000e-01  2.10000e-01  2.68418e-01     0.000e+00
-1.02000e-01  2.10000e-01  2.68418e-01     0.000e+00
 0.00000e+00  2.10000e-01  2.68418e-01     0.000e+00
 1.02000e-01  2.10000e-01  2.68418e-01     0.000e+00
 2.04000e-01  2.10000e-01  2.68418e-01     0.000e+00
 3.06000e-01  2.10000e-01  2.68418e-01     0.000e+00
 4.08000e-01  2.10000e-01  2.68418e-01     0.000e+00
 5.10000e-01  2.10000e-01  2.68418e-01     0.000e+00
-5.10000e-01 -2.10000e-01  2.72045e-01     0.000e+00
-4.08000e-01 -2.10000e-01  2.72045e-01     0.000e+00
-3.06000e-01 -2.10000e-01  2.72045e-01     0.000e+00
-2.04000e-01 -2.10000e-01  2.72045e-01     0.000e+00
-1.02000e-01 -2.10000e-01  2.72045e-01     0.000e+00
 0.00000e+00 -2.10000e-01  2.72045e-01     0.000e+00
 1.02000e-01 -2.10000e-01  2.72045e-01     0.000e+00
 2.04000e-01 -2.10000e-01  2.72045e-01     0.000e+00
 3.06000e-01 -2.10000e-01  2.72045e-01     0.000e+00
 4.08000e-01 -2.10000e-01  2.72045e-01     0.000e+00
 5.10000e-01 -2.10000e-01  2.72045e-01     0.000e+00
-5.10000e-01 -1.68000e-01  2.72045e-01     0.000e+00
-4.08000e-01 -1.68000e-01  2.72045e-01     9.668e-04
-3.06000e-01 -1.68000e-01  2.72045e-01     9.668e-04
-2.04000e-01 -1.68000e-01  2.72045e-01     9.668e-04
-1.02000e-01 -1.68000e-01  2.72045e-01     9.668e-04
 0.00000e+00 -1.68000e-01  2.72045e-01     9.668e-04
 1.02000e-01 -1.68000e-01  2.72045e-01     9.668e-04
 2.04000e-01 -1.68000e-01  2.72045e-01     9.668e-04
 3.06000e-01 -1.68000e-01  2.72045e-01     9.668e-04
 4.08000e-01 -1.68000e-01  2.72045e-01     9.668e-04
 5.10000e-01 -1.68000e-01  2.72045e-01     0.000e+00
-5.10000e-01 -1.26000e-01  2.72045e-01     0.000e+00
-4.08000e-01 -1.26000e-01  2.72045e-01     9.721e-04
-3.06000e-01 -1.26000e-01  2.72045e-01     9.721e-04
-2.04000e-01 -1.26000e-01  2.72045e-01     9.721e-04
-1.02000e-01 -1.26000e-01  2.72045e-01     9.721e-04
 0.00000e+00 -1.26000e-01  2.72045e-01     9.721e-04
 1.02000e-01 -1.26000e-01  2.72045e-01     9.721e-04
 2.04000e-01 -1.26000e-01  2.72045e-01     9.721e-04
 3.06000e-01 -1.26000e-01  2.72045e-01     9.721e-04
 4.08000e-01 -1.26000e-01  2.72045e-01     9.721e-04
 5.10000e-01 -1.26000e-01  2.72045e-01     0.000e+00
-5.10000e-01 -8.40000e-02  2.72045e-01     0.000e+00
-4.08000e-01 -8.40000e-02  2.72045e-01     9.758e-04
-3.06000e-01 -8.40000e-02  2.72045e-01     9.758e-04
-2.04000e-01 -8.40000e-02  2.72045e-01     9.758e-04
-1.02000e-01 -8.40000e-02  2.72045e-01     9.758e-04
 0.00000e+00 -8.40000e-02  2.72045e-01     9.758e-04
 1.02000e-01 -8.40000e-02  2.72045e-01     9.758e-04
 2.04000e-01 -8.40000e-02  2.72045e-01     9.758e-04
 3.06000e-01 -8.40000e-02  2.72045e-01     9.758e-04
 4.08000e-01 -8.40000e-02  2.72045e-01     9.758e-04
 5.10000e-01 -8.40000e-02  2.72045e-01     0.000e+00
-5.10000e-01 -4.20000e-02  2.72045e-01     0.000e+00
-4.08000e-01 -4.20000e-02  2.72045e-01     9.781e-04
-3.06000e-01 -4.20000e-02  2.72045e-01     9.781e-04
-2.04000e-01 -4.20000e-02  2.72045e-01     9.781e-04
-1.02000e-01 -4.20000e-02  2.72045e-01     9.781e-04
 0.00000e+00 -4.20000e-02  2.72045e-01     9.781e-04
 1.02000e-01 -4.20000e-02  2.72045e-01     9.781e-04
 2.04000e-01 -4.20000e-02  2.72045e-01     9.781e-04
 3.06000e-01 -4.20000e-02  2.72045e-01     9.781e-04
 4.08000e-01 -4.20000e-02  2.72045e-01     9.781e-04
 5.10000e-01 -4.20000e-02  2.72045e-01     0.000e+00
-5.10000e-01  0.00000e+00  2.72045e-01     0.000e+00
-4.08000e-01  0.00000e+00  2.72045e-01     9.789e-04
-3.06000e-01  0.00000e+00  2.72045e-01     9.789e-04
-2.04000e-01  0.00000e+00  2.72045e-01     9.789e-04
-1.02000e-01  0.00000e+00  2.72045e-01     9.789e-04
 0.00000e+00  0.00000e+00  2.72045e-01     9.789e-04
 1.02000e-01  0.00000e+00  2.72045e-01     9.789e-04
 2.04000e-01  0.00000e+00  2.72045e-01     9.789e-04
 3.06000e-01  0.00000e+00  2.72045e-01     9.789e-04
 4.08000e-01  0.00000e+00  2.72045e-01     9.789e-04
 5.10000e-01  0.00000e+00  2.72045e-01     0.000e+00
-5.10000e-01  4.20000e-02  2.72045e-01     0.000e+00
-4.08000e-01  4.20000e-02  2.72045e-01     9.781e-04
-3.06000e-01  4.20000e-02  2.72045e-01     9.781e-04
-2.04000e-01  4.20000e-02  2.72045e-01     9.781e-04
-1.02000e-01  4.20000e-02  2.72045e-01     9.781e-04
 0.00000e+00  4.20000e-02  2.72045e-01     9.781e-04
 1.02000e-01  4.20000e-02  2.72045e-01     9.781e-04
 2.04000e-01  4.20000e-02  2.72045e-01     9.781e-04
 3.06000e-01  4.20000e-02  2.72045e-01     9.781e-04
 4.08000e-01  4.20000e-02  2.72045e-01     9.781e-04
 5.10000e-01  4.20000e-02  2.72045e-01     0.000e+00
-5.10000e-01  8.40000e-02  2.72045e-01     0.000e+00
-4.08000e-01  8.40000e-02  2.72045e-01     9.758e-04
-3.06000e-01  8.40000e-02  2.72045e-01     9.758e-04
-2.04000e-01  8.40000e-02  2.72045e-01     9.758e-04
-1.02000e-01  8.40000e-02  2.72045e-01     9.758e-04
 0.00000e+00  8.40000e-02  2.72045e-01     9.758e-04
 1.02000e-01  8.40000e-02  2.72045e-01     9.758e-04
 2.04000e-01  8.40000e-02  2.72045e-01     9.758e-04
 3.06000e-01  8.40000e-02  2.72045e-01     9.758e-04
 4.08000e-01  8.40000e-02  2.72045e-01     9.758e-04
 5.10000e-01  8.40000e-02  2.72045e-01     0.000e+00
-5.10000e-01  1.26000e-01  2.72045e-01     0.000e+00
-4.08000e-01  1.26000e-01  2.72045e-01     9.721e-04
-3.06000e-01  1.26000e-01  2.72045e-01     9.721e-04
-2.04000e-01  1.26000e-01  2.72045e-01     9.721e-04
-1.02000e-01  1.26000e-01  2.72045e-01     9.721e-04
 0.00000e+00  1.26000e-01  2.72045e-01     9.721e-04
 1.02000e-01  1.26000e-01  2.72045e-01     9.721e-04
 2.04000e-01  1.26000e-01  2.72045e-01     9.721e-04
 3.06000e-01  1.26000e-01  2.72045e-01     9.721e-04
 4.08000e-01  1.26000e-01  2.72045e-01     9.721e-04
 5.10000e-01  1.26000e-01  2.72045e-01     0.000e+00
-5.10000e-01  1.68000e-01  2.72045e-01     0.000e+00
-4.08000e-01  1.68000e-01  2.72045e-01     9.668e-04
-3.06000e-01  1.68000e-01  2.72045e-01     9.668e-04
-2.04000e-01  1.68000e-01  2.72045e-01     9.668e-04
-1.02000e-01  1.68000e-01  2.72045e-01     9.668e-04
 0.00000e+00  1.68000e-01  2.72045e-01     9.668e-04
 1.02000e-01  1.68000e-01  2.72045e-01     9.668e-04
 2.04000e-01  1.68000e-01  2.72045e-01     9.668e-04
 3.06000e-01  1.68000e-01  2.72045e-01     9.668e-04
 4.08000e-01  1.68000e-01  2.72045e-01     9.668e-04
 5.10000e-01  1.68000e-01  2.72045e-01     0.000e+00
-5.10000e-01  2.10000e-01  2.72045e-01     0.000e+00
-4.08000e-01  2.10000e-01  2.72045e-01     0.000e+00
-3.06000e-01  2.10000e-01  2.72045e-01     0.000e+00
-2.04000e-01  2.10000e-01  2.72045e-01     0.000e+00
-1.02000e-01  2.10000e-01  2.72045e-01     0.000e+00
 0.00000e+00  2.10000e-01  2.72045e-01     0.000e+00
 1.02000e-01  2.10000e-01  2.72045e-01     0.000e+00
 2.04000e-01  2.10000e-01  2.72045e-01     0.000e+00
 3.06000e-01  2.10000e-01  2.72045e-01     0.000e+00
 4.08000e-01  2.10000e-01  2.72045e-01     0.000e+00
 5.10000e-01  2.10000e-01  2.72045e-01     0.000e+00
-5.10000e-01 -2.10000e-01  2.75673e-01     0.000e+00
-4.08000e-01 -2.10000e-01  2.75673e-01     0.000e+00
-3.06000e-01 -2.10000e-01  2.75673e-01     0.000e+00
-2.04000e-01 -2.10000e-01  2.75673e-01     0.000e+00
-1.02000e-01 -2.10000e-01  2.75673e-01     0.000e+00
 0.00000e+00 -2.10000e-01  2.75673e-01     0.000e+00
 1.02000e-01 -2.10000e-01  2.75673e-01     0.000e+00
 2.04000e-01 -2.10000e-01  2.75673e-01     0.000e+00
 3.06000e-01 -2.10000e-01  2.75673e-01     0.000e+00
 4.08000e-01 -2.10000e-01  2.75673e-01     0.000e+00
 5.10000e-01 -2.10000e-01  2.75673e-01     0.000e+00
-5.10000e-01 -1.68000e-01  2.75673e-01     0.000e+00
-4.08000e-01 -1.68000e-01  2.75673e-01     9.513e-04
-3.06000e-01 -1.68000e-01  2.75673e-01     9.513e-04
-2.04000e-01 -1.68000e-01  2.75673e-01     9.513e-04
-1.02000e-01 -1.68000e-01  2.75673e-01     9.513e-04
 0.00000e+00 -1.68000e-01  2.75673e-01     9.513e-04
 1.02000e-01 -1.68000e-01  2.75673e-01     9.513e-04
 2.04000e-01 -1.68000e-01  2.75673e-01     9.513e-04
 3.06000e-01 -1.68000e-01  2.75673e-01     9.513e-04
 4.08000e-01 -1.68000e-01  2.75673e-01     9.513e-04
 5.10000e-01 -1.68000e-01  2.75673e-01     0.000e+00
-5.10000e-01 -1.26000e-01  2.75673e-01     0.000e+00
-4.08000e-01 -1.26000e-01  2.75673e-01     9.565e-04
-3.06000e-01 -1.26000e-01  2.75673e-01     9.565e-04
-2.04000e-01 -1.26000e-01  2.75673e-01     9.565e-04
-1.02000e-01 -1.26000e-01  2.75673e-01     9.565e-04
 0.00000e+00 -1.26000e-01  2.75673e-01     9.565e-04
 1.02000e-01 -1.26000e-01  2.75673e-01     9.565e-04
 2.04000e-01 -1.26000e-01  2.75673e-01     9.565e-04
 3.06000e-01 -1.26000e-01  2.75673e-01     9.565e-04
 4.08000e-01 -1.26000e-01  2.75673e-01     9.565e-04
 5.10000e-01 -1.26000e-01  2.75673e-01     0.000e+00
-5.10000e-01 -8.40000e-02  2.75673e-01     0.000e+00
-4.08000e-01 -8.40000e-02  2.75673e-01     9.603e-04
-3.06000e-01 -8.40000e-02  2.75673e-01     9.603e-04
-2.04000e-01 -8.40000e-02  2.75673e-01     9.603e-04
-1.02000e-01 -8.40000e-02  2.75673e-01     9.603e-04
 0.00000e+00 -8.40000e-02  2.75673e-01     9.603e-04
 1.02000e-01 -8.40000e-02  2.75673e-01     9.603e-04
 2.04000e-01 -8.40000e-02  2.75673e-01     9.603e-04
 3.06000e-01 -8.40000e-02  2.75673e-01     9.603e-04
 4.08000e-01 -8.40000e-02  2.75673e-01     9.603e-04
 5.10000e-01 -8.40000e-02  2.75673e-01     0.000e+00
-5.10000e-01 -4.20000e-02  2.75673e-01     0.000e+00
-4.08000e-01 -4.20000e-02  2.75673e-01     9.625e-04
-3.06000e-01 -4.20000e-02  2.75673e-01     9.625e-04
-2.04000e-01 -4.20000e-02  2.75673e-01     9.625e-04
-1.02000e-01 -4.20000e-02  2.75673e-01     9.625e-04
 0.00000e+00 -4.20000e-02  2.75673e-01     9.625e-04
 1.02000e-01 -4.20000e-02  2.75673e-01     9.625e-04
 2.04000e-01 -4.20000e-02  2.75673e-01     9.625e-04
 3.06000e-01 -4.20000e-02  2.75673e-01     9.625e-04
 4.08000e-01 -4.20000e-02  2.75673e-01     9.625e-04
 5.10000e-01 -4.20000e-02  2.75673e-01     0.000e+00
-5.10000e-01  0.00000e+00  2.75673e-01     0.000e+00
-4.08000e-01  0.00000e+00  2.75673e-01     9.633e-04
-3.06000e-01  0.00000e+00  2.75673e-01     9.633e-04
-2.04000e-01  0.00000e+00  2.75673e-01     9.633e-04
-1.02000e-01  0.00000e+00  2.75673e-01     9.633e-04
 0.00000e+00  0.00000e+00  2.75673e-01     9.633e-04
 1.02000e-01  0.00000e+00  2.75673e-01     9.633e-04
 2.04000e-01  0.00000e+00  2.75673e-01     9.633e-04
 3.06000e-01  0.00000e+00  2.75673e-01     9.633e-04
 4.08000e-01  0.00000e+00  2.75673e-01     9.633e-04
 5.10000e-01  0.00000e+00  2.75673e-01     0.000e+00
-5.10000e-01  4.20000e-02  2.75673e-01     0.000e+00
-4.08000e-01  4.20000e-02  2.75673e-01     9.625e-04
-3.06000e-01  4.20000e-02  2.75673e-01     9.625e-04
-2.04000e-01  4.20000e-02  2.75673e-01     9.625e-04
-1.02000e-01  4.20000e-02  2.75673e-01     9.625e-04
 0.00000e+00  4.20000e-02  2.75673e-01     9.625e-04
 1.02000e-01  4.20000e-02  2.75673e-01     9.625e-04
 2.04000e-01  4.20000e-02  2.75673e-01     9.625e-04
 3.06000e-01  4.20000e-02  2.75673e-01     9.625e-04
 4.08000e-01  4.20000e-02  2.75673e-01     9.625e-04
 5.10000e-01  4.20000e-02  2.75673e-01     0.000e+00
-5.10000e-01  8.40000e-02  2.75673e-01     0.000e+00
-4.08000e-01  8.40000e-02  2.75673e-01     9.603e-04
-3.06000e-01  8.40000e-02  2.75673e-01     9.603e-04
-2.04000e-01  8.40000e-02  2.75673e-01     9.603e-04
-1.02000e-01  8.40000e-02  2.75673e-01     9.603e-04
 0.00000e+00  8.40000e-02  2.75673e-01     9.603e-04
 1.02000e-01  8.40000e-02  2.75673e-01     9.603e-04
 2.04000e-01  8.40000e-02  2.75673e-01     9.603e-04
 3.06000e-01  8.40000e-02  2.75673e-01     9.603e-04
 4.08000e-01  8.40000e-02  2.75673e-01     9.603e-04
 5.10000e-01  8.40000e-02  2.75673e-01     0.000e+00
-5.10000e-01  1.26000e-01  2.75673e-01     0.000e+00
-4.08000e-01  1.26000e-01  2.75673e-01     9.565e-04
-3.06000e-01  1.26000e-01  2.75673e-01     9.565e-04
-2.04000e-01  1.26000e-01  2.75673e-01     9.565e-04
-1.02000e-01  1.26000e-01  2.75673e-01     9.565e-04
 0.00000e+00  1.26000e-01  2.75673e-01     9.565e-04
 1.02000e-01  1.26000e-01  2.75673e-01     9.565e-04
 2.04000e-01  1.26000e-01  2.75673e-01     9.565e-04
 3.06000e-01  1.26000e-01  2.75673e-01     9.565e-04
 4.08000e-01  1.26000e-01  2.75673e-01     9.565e-04
 5.10000e-01  1.26000e-01  2.75673e-01     0.000e+00
-5.10000e-01  1.68000e-01  2.75673e-01     0.000e+00
-4.08000e-01  1.68000e-01  2.75673e-01     9.513e-04
-3.06000e-01  1.68000e-01  2.75673e-01     9.513e-04
-2.04000e-01  1.68000e-01  2.75673e-01     9.513e-04
-1.02000e-01  1.68000e-01  2.75673e-01     9.513e-04
 0.00000e+00  1.68000e-01  2.75673e-01     9.513e-04
 1.02000e-01  1.68000e-01  2.75673e-01     9.513e-04
 2.04000e-01  1.68000e-01  2.75673e-01     9.513e-04
 3.06000e-01  1.68000e-01  2.75673e-01     9.513e-04
 4.08000e-01  1.68000e-01  2.75673e-01     9.513e-04
 5.10000e-01  1.68000e-01  2.75673e-01     0.000e+00
-5.10000e-01  2.10000e-01  2.75673e-01     0.000e+00
-4.08000e-01  2.10000e-01  2.75673e-01     0.000e+00
-3.06000e-01  2.10000e-01  2.75673e-01     0.000e+00
-2.04000e-01  2.10000e-01  2.75673e-01     0.000e+00
-1.02000e-01  2.10000e-01  2.75673e-01     0.000e+00
 0.00000e+00  2.10000e-01  2.75673e-01     0.000e+00
 1.02000e-01  2.10000e-01  2.75673e-01     0.000e+00
 2.04000e-01  2.10000e-01  2.75673e-01     0.000e+00
 3.06000e-01  2.10000e-01  2.75673e-01     0.000e+00
 4.08000e-01  2.10000e-01  2.75673e-01     0.000e+00
 5.10000e-01  2.10000e-01  2.75673e-01     0.000e+00
-5.10000e-01 -2.10000e-01  2.79300e-01     0.000e+00
-4.08000e-01 -2.10000e-01  2.79300e-01     0.000e+00
-3.06000e-01 -2.10000e-01  2.79300e-01     0.000e+00
-2.04000e-01 -2.10000e-01  2.79300e-01     0.000e+00
-1.02000e-01 -2.10000e-01  2.79300e-01     0.000e+00
 0.00000e+00 -2.10000e-01  2.79300e-01     0.000e+00
 1.02000e-01 -2.10000e-01  2.79300e-01     0.000e+00
 2.04000e-01 -2.10000e-01  2.79300e-01     0.000e+00
 3.06000e-01 -2.10000e-01  2.79300e-01     0.000e+00
 4.08000e-01 -2.10000e-01  2.79300e-01     0.000e+00
 5.10000e-01 -2.10000e-01  2.79300e-01     0.000e+00
-5.10000e-01 -1.68000e-01  2.79300e-01     0.000e+00
-4.08000e-01 -1.68000e-01  2.79300e-01     9.363e-04
-3.06000e-01 -1.68000e-01  2.79300e-01     9.363e-04
-2.04000e-01 -1.68000e-01  2.79300e-01     9.363e-04
-1.02000e-01 -1.68000e-01  2.79300e-01     9.363e-04
 0.00000e+00 -1.68000e-01  2.79300e-01     9.363e-04
 1.02000e-01 -1.68000e-01  2.79300e-01     9.363e-04
 2.04000e-01 -1.68000e-01  2.79300e-01     9.363e-04
 3.06000e-01 -1.68000e-01  2.79300e-01     9.363e-04
 4.08000e-01 -1.68000e-01  2.79300e-01     9.363e-04
 5.10000e-01 -1.68000e-01  2.79300e-01     0.000e+00
-5.10000e-01 -1.26000e-01  2.79300e-01     0.000e+00
-4.08000e-01 -1.26000e-01  2.79300e-01     9.414e-04
-3.06000e-01 -1.26000e-01  2.79300e-01     9.414e-04
-2.04000e-01 -1.26000e-01  2.79300e-01     9.414e-04
-1.02000e-01 -1.26000e-01  2.79300e-01     9.414e-04
 0.00000e+00 -1.26000e-01  2.79300e-01     9.414e-04
 1.02000e-01 -1.26000e-01  2.79300e-01     9.414e-04
 2.04000e-01 -1.26000e-01  2.79300e-01     9.414e-04
 3.06000e-01 -1.26000e-01  2.79300e-01     9.414e-04
 4.08000e-01 -1.26000e-01  2.79300e-01     9.414e-04
 5.10000e-01 -1.26000e-01  2.79300e-01     0.000e+00
-5.10000e-01 -8.40000e-02  2.79300e-01     0.000e+00
-4.08000e-01 -8.40000e-02  2.79300e-01     9.451e-04
-3.06000e-01 -8.40000e-02  2.79300e-01     9.451e-04
-2.04000e-01 -8.40000e-02  2.79300e-01     9.451e-04
-1.02000e-01 -8.40000e-02  2.79300e-01     9.451e-04
 0.00000e+00 -8.40000e-02  2.79300e-01     9.451e-04
 1.02000e-01 -8.40000e-02  2.79300e-01     9.451e-04
 2.04000e-01 -8.40000e-02  2.79300e-01     9.451e-04
 3.06000e-01 -8.40000e-02  2.79300e-01     9.451e-04
 4.08000e-01 -8.40000e-02  2.79300e-01     9.451e-04
 5.10000e-01 -8.40000e-02  2.79300e-01     0.000e+00
-5.10000e-01 -4.20000e-02  2.79300e-01     0.000e+00
-4.08000e-01 -4.20000e-02  2.79300e-01     9.473e-04
-3.06000e-01 -4.20000e-02  2.79300e-01     9.473e-04
-2.04000e-01 -4.20000e-02  2.79300e-01     9.473e-04
-1.02000e-01 -4.20000e-02  2.79300e-01     9.473e-04
 0.00000e+00 -4.20000e-02  2.79300e-01     9.473e-04
 1.02000e-01 -4.20000e-02  2.79300e-01     9.473e-04
 2.04000e-01 -4.20000e-02  2.79300e-01     9.473e-04
 3.06000e-01 -4.20000e-02  2.79300e-01     9.473e-04
 4.08000e-01 -4.20000e-02  2.79300e-01     9.473e-04
 5.10000e-01 -4.20000e-02  2.79300e-01     0.000e+00
-5.10000e-01  0.00000e+00  2.79300e-01     0.000e+00
-4.08000e-01  0.00000e+00  2.79300e-01     9.481e-04
-3.06000e-01  0.00000e+00  2.79300e-01     9.481e-04
-2.04000e-01  0.00000e+00  2.79300e-01     9.481e-04
-1.02000e-01  0.00000e+00  2.79300e-01     9.481e-04
 0.00000e+00  0.00000e+00  2.79300e-01     9.481e-04
 1.02000e-01  0.00000e+00  2.79300e-01     9.481e-04
 2.04000e-01  0.00000e+00  2.79300e-01     9.481e-04
 3.06000e-01  0.00000e+00  2.79300e-01     9.481e-04
 4.08000e-01  0.00000e+00  2.79300e-01     9.481e-04
 5.10000e-01  0.00000e+00  2.79300e-01     0.000e+00
-5.10000e-01  4.20000e-02  2.79300e-01     0.000e+00
-4.08000e-01  4.20000e-02  2.79300e-01     9.473e-04
-3.06000e-01  4.20000e-02  2.79300e-01     9.473e-04
-2.04000e-01  4.20000e-02  2.79300e-01     9.473e-04
-1.02000e-01  4.20000e-02  2.79300e-01     9.473e-04
 0.00000e+00  4.20000e-02  2.79300e-01     9.473e-04
 1.02000e-01  4.20000e-02  2.79300e-01     9.473e-04
 2.04000e-01  4.20000e-02  2.79300e-01     9.473e-04
 3.06000e-01  4.20000e-02  2.79300e-01     9.473e-04
 4.08000e-01  4.20000e-02  2.79300e-01     9.473e-04
 5.10000e-01  4.20000e-02  2.79300e-01     0.000e+00
-5.10000e-01  8.40000e-02  2.79300e-01     0.000e+00
-4.08000e-01  8.40000e-02  2.79300e-01     9.451e-04
-3.06000e-01  8.40000e-02  2.79300e-01     9.451e-04
-2.04000e-01  8.40000e-02  2.79300e-01     9.451e-04
-1.02000e-01  8.40000e-02  2.79300e-01     9.451e-04
 0.00000e+00  8.40000e-02  2.79300e-01     9.451e-04
 1.02000e-01  8.40000e-02  2.79300e-01     9.451e-04
 2.04000e-01  8.40000e-02  2.79300e-01     9.451e-04
 3.06000e-01  8.40000e-02  2.79300e-01     9.451e-04
 4.08000e-01  8.40000e-02  2.79300e-01     9.451e-04
 5.10000e-01  8.40000e-02  2.79300e-01     0.000e+00
-5.10000e-01  1.26000e-01  2.79300e-01     0.000e+00
-4.08000e-01  1.26000e-01  2.79300e-01     9.414e-04
-3.06000e-01  1.26000e-01  2.79300e-01     9.414e-04
-2.04000e-01  1.26000e-01  2.79300e-01     9.414e-04
-1.02000e-01  1.26000e-01  2.79300e-01     9.414e-04
 0.00000e+00  1.26000e-01  2.79300e-01     9.414e-04
 1.02000e-01  1.26000e-01  2.79300e-01     9.414e-04
 2.04000e-01  1.26000e-01  2.79300e-01     9.414e-04
 3.06000e-01  1.26000e-01  2.79300e-01     9.414e-04
 4.08000e-01  1.26000e-01  2.79300e-01     9.414e-04
 5.10000e-01  1.26000e-01  2.79300e-01     0.000e+00
-5.10000e-01  1.68000e-01  2.79300e-01     0.000e+00
-4.08000e-01  1.68000e-01  2.79300e-01     9.363e-04
-3.06000e-01  1.68000e-01  2.79300e-01     9.363e-04
-2.04000e-01  1.68000e-01  2.79300e-01     9.363e-04
-1.02000e-01  1.68000e-01  2.79300e-01     9.363e-04
 0.00000e+00  1.68000e-01  2.79300e-01     9.363e-04
 1.02000e-01  1.68000e-01  2.79300e-01     9.363e-04
 2.04000e-01  1.68000e-01  2.79300e-01     9.363e-04
 3.06000e-01  1.68000e-01  2.79300e-01     9.363e-04
 4.08000e-01  1.68000e-01  2.79300e-01     9.363e-04
 5.10000e-01  1.68000e-01  2.79300e-01     0.000e+00
-5.10000e-01  2.10000e-01  2.79300e-01     0.000e+00
-4.08000e-01  2.10000e-01  2.79300e-01     0.000e+00
-3.06000e-01  2.10000e-01  2.79300e-01     0.000e+00
-2.04000e-01  2.10000e-01  2.79300e-01     0.000e+00
-1.02000e-01  2.10000e-01  2.79300e-01     0.000e+00
 0.00000e+00  2.10000e-01  2.79300e-01     0.000e+00
 1.02000e-01  2.10000e-01  2.79300e-01     0.000e+00
 2.04000e-01  2.10000e-01  2.79300e-01     0.000e+00
 3.06000e-01  2.10000e-01  2.79300e-01     0.000e+00
 4.08000e-01  2.10000e-01  2.79300e-01     0.000e+00
 5.10000e-01  2.10000e-01  2.79300e-01     0.000e+00
-5.10000e-01 -2.10000e-01  2.82927e-01     0.000e+00
-4.08000e-01 -2.10000e-01  2.82927e-01     0.000e+00
-3.06000e-01 -2.10000e-01  2.82927e-01     0.000e+00
-2.04000e-01 -2.10000e-01  2.82927e-01     0.000e+00
-1.02000e-01 -2.10000e-01  2.82927e-01     0.000e+00
 0.00000e+00 -2.10000e-01  2.82927e-01     0.000e+00
 1.02000e-01 -2.10000e-01  2.82927e-01     0.000e+00
 2.04000e-01 -2.10000e-01  2.82927e-01     0.000e+00
 3.06000e-01 -2.10000e-01  2.82927e-01     0.000e+00
 4.08000e-01 -2.10000e-01  2.82927e-01     0.000e+00
 5.10000e-01 -2.10000e-01  2.82927e-01     0.000e+00
-5.10000e-01 -1.68000e-01  2.82927e-01     0.000e+00
-4.08000e-01 -1.68000e-01  2.82927e-01     9.216e-04
-3.06000e-01 -1.68000e-01  2.82927e-01     9.216e-04
-2.04000e-01 -1.68000e-01  2.82927e-01     9.216e-04
-1.02000e-01 -1.68000e-01  2.82927e-01     9.216e-04
 0.00000e+00 -1.68000e-01  2.82927e-01     9.216e-04
 1.02000e-01 -1.68000e-01  2.82927e-01     9.216e-04
 2.04000e-01 -1.68000e-01  2.82927e-01     9.216e-04
 3.06000e-01 -1.68000e-01  2.82927e-01     9.216e-04
 4.08000e-01 -1.68000e-01  2.82927e-01     9.216e-04
 5.10000e-01 -1.68000e-01  2.82927e-01     0.000e+00
-5.10000e-01 -1.26000e-01  2.82927e-01     0.000e+00
-4.08000e-01 -1.26000e-01  2.82927e-01     9.267e-04
-3.06000e-01 -1.26000e-01  2.82927e-01     9.267e-04
-2.04000e-01 -1.26000e-01  2.82927e-01     9.267e-04
-1.02000e-01 -1.26000e-01  2.82927e-01     9.267e-04
 0.00000e+00 -1.26000e-01  2.82927e-01     9.267e-04
 1.02000e-01 -1.26000e-01  2.82927e-01     9.267e-04
 2.04000e-01 -1.26000e-01  2.82927e-01     9.267e-04
 3.06000e-01 -1.26000e-01  2.82927e-01     9.267e-04
 4.08000e-01 -1.26000e-01  2.82927e-01     9.267e-04
 5.10000e-01 -1.26000e-01  2.82927e-01     0.000e+00
-5.10000e-01 -8.40000e-02  2.82927e-01     0.000e+00
-4.08000e-01 -8.40000e-02  2.82927e-01     9.303e-04
-3.06000e-01 -8.40000e-02  2.82927e-01     9.303e-04
-2.04000e-01 -8.40000e-02  2.82927e-01     9.303e-04
-1.02000e-01 -8.40000e-02  2.82927e-01     9.303e-04
 0.00000e+00 -8.40000e-02  2.82927e-01     9.303e-04
 1.02000e-01 -8.40000e-02  2.82927e-01     9.303e-04
 2.04000e-01 -8.40000e-02  2.82927e-01     9.303e-04
 3.06000e-01 -8.40000e-02  2.82927e-01     9.303e-04
 4.08000e-01 -8.40000e-02  2.82927e-01     9.303e-04
 5.10000e-01 -8.40000e-02  2.82927e-01     0.000e+00
-5.10000e-01 -4.20000e-02  2.82927e-01     0.000e+00
-4.08000e-01 -4.20000e-02  2.82927e-01     9.325e-04
-3.06000e-01 -4.20000e-02  2.82927e-01     9.325e-04
-2.04000e-01 -4.20000e-02  2.82927e-01     9.325e-04
-1.02000e-01 -4.20000e-02  2.82927e-01     9.325e-04
 0.00000e+00 -4.20000e-02  2.82927e-01     9.325e-04
 1.02000e-01 -4.20000e-02  2.82927e-01     9.325e-04
 2.04000e-01 -4.20000e-02  2.82927e-01     9.325e-04
 3.06000e-01 -4.20000e-02  2.82927e-01     9.325e-04
 4.08000e-01 -4.20000e-02  2.82927e-01     9.325e-04
 5.10000e-01 -4.20000e-02  2.82927e-01     0.000e+00
-5.10000e-01  0.00000e+00  2.82927e-01     0.000e+00
-4.08000e-01  0.00000e+00  2.82927e-01     9.333e-04
-3.06000e-01  0.00000e+00  2.82927e-01     9.333e-04
-2.04000e-01  0.00000e+00  2.82927e-01     9.333e-04
-1.02000e-01  0.00000e+00  2.82927e-01     9.333e-04
 0.00000e+00  0.00000e+00  2.82927e-01     9.333e-04
 1.02000e-01  0.00000e+00  2.82927e-01     9.333e-04
 2.04000e-01  0.00000e+00  2.82927e-01     9.333e-04
 3.06000e-01  0.00000e+00  2.82927e-01     9.333e-04
 4.08000e-01  0.00000e+00  2.82927e-01     9.333e-04
 5.10000e-01  0.00000e+00  2.82927e-01     0.000e+00
-5.10000e-01  4.20000e-02  2.82927e-01     0.000e+00
-4.08000e-01  4.20000e-02  2.82927e-01     9.325e-04
-3.06000e-01  4.20000e-02  2.82927e-01     9.325e-04
-2.04000e-01  4.20000e-02  2.82927e-01     9.325e-04
-1.02000e-01  4.20000e-02  2.82927e-01     9.325e-04
 0.00000e+00  4.20000e-02  2.82927e-01     9.325e-04
 1.02000e-01  4.20000e-02  2.82927e-01     9.325e-04
 2.04000e-01  4.20000e-02  2.82927e-01     9.325e-04
 3.06000e-01  4.20000e-02  2.82927e-01     9.325e-04
 4.08000e-01  4.20000e-02  2.82927e-01     9.325e-04
 5.10000e-01  4.20000e-02  2.82927e-01     0.000e+00
-5.10000e-01  8.40000e-02  2.82927e-01     0.000e+00
-4.08000e-01  8.40000e-02  2.82927e-01     9.303e-04
-3.06000e-01  8.40000e-02  2.82927e-01     9.303e-04
-2.04000e-01  8.40000e-02  2.82927e-01     9.303e-04
-1.02000e-01  8.40000e-02  2.82927e-01     9.303e-04
 0.00000e+00  8.40000e-02  2.82927e-01     9.303e-04
 1.02000e-01  8.40000e-02  2.82927e-01     9.303e-04
 2.04000e-01  8.40000e-02  2.82927e-01     9.303e-04
 3.06000e-01  8.40000e-02  2.82927e-01     9.303e-04
 4.08000e-01  8.40000e-02  2.82927e-01     9.303e-04
 5.10000e-01  8.40000e-02  2.82927e-01     0.000e+00
-5.10000e-01  1.26000e-01  2.82927e-01     0.000e+00
-4.08000e-01  1.26000e-01  2.82927e-01     9.267e-04
-3.06000e-01  1.26000e-01  2.82927e-01     9.267e-04
-2.04000e-01  1.26000e-01  2.82927e-01     9.267e-04
-1.02000e-01  1.26000e-01  2.82927e-01     9.267e-04
 0.00000e+00  1.26000e-01  2.82927e-01     9.267e-04
 1.02000e-01  1.26000e-01  2.82927e-01     9.267e-04
 2.04000e-01  1.26000e-01  2.82927e-01     9.267e-04
 3.06000e-01  1.26000e-01  2.82927e-01     9.267e-04
 4.08000e-01  1.26000e-01  2.82927e-01     9.267e-04
 5.10000e-01  1.26000e-01  2.82927e-01     0.000e+00
-5.10000e-01  1.68000e-01  2.82927e-01     0.000e+00
-4.08000e-01  1.68000e-01  2.82927e-01     9.216e-04
-3.06000e-01  1.68000e-01  2.82927e-01     9.216e-04
-2.04000e-01  1.68000e-01  2.82927e-01     9.216e-04
-1.02000e-01  1.68000e-01  2.82927e-01     9.216e-04
 0.00000e+00  1.68000e-01  2.82927e-01     9.216e-04
 1.02000e-01  1.68000e-01  2.82927e-01     9.216e-04
 2.04000e-01  1.68000e-01  2.82927e-01     9.216e-04
 3.06000e-01  1.68000e-01  2.82927e-01     9.216e-04
 4.08000e-01  1.68000e-01  2.82927e-01     9.216e-04
 5.10000e-01  1.68000e-01  2.82927e-01     0.000e+00
-5.10000e-01  2.10000e-01  2.82927e-01     0.000e+00
-4.08000e-01  2.10000e-01  2.82927e-01     0.000e+00
-3.06000e-01  2.10000e-01  2.82927e-01     0.000e+00
-2.04000e-01  2.10000e-01  2.82927e-01     0.000e+00
-1.02000e-01  2.10000e-01  2.82927e-01     0.000e+00
 0.00000e+00  2.10000e-01  2.82927e-01     0.000e+00
 1.02000e-01  2.10000e-01  2.82927e-01     0.000e+00
 2.04000e-01  2.10000e-01  2.82927e-01     0.000e+00
 3.06000e-01  2.10000e-01  2.82927e-01     0.000e+00
 4.08000e-01  2.10000e-01  2.82927e-01     0.000e+00
 5.10000e-01  2.10000e-01  2.82927e-01     0.000e+00
-5.10000e-01 -2.10000e-01  2.86555e-01     0.000e+00
-4.08000e-01 -2.10000e-01  2.86555e-01     0.000e+00
-3.06000e-01 -2.10000e-01  2.86555e-01     0.000e+00
-2.04000e-01 -2.10000e-01  2.86555e-01     0.000e+00
-1.02000e-01 -2.10000e-01  2.86555e-01     0.000e+00
 0.00000e+00 -2.10000e-01  2.86555e-01     0.000e+00
 1.02000e-01 -2.10000e-01  2.86555e-01     0.000e+00
 2.04000e-01 -2.10000e-01  2.86555e-01     0.000e+00
 3.06000e-01 -2.10000e-01  2.86555e-01     0.000e+00
 4.08000e-01 -2.10000e-01  2.86555e-01     0.000e+00
 5.10000e-01 -2.10000e-01  2.86555e-01     0.000e+00
-5.10000e-01 -1.68000e-01  2.86555e-01     0.000e+00
-4.08000e-01 -1.68000e-01  2.86555e-01     9.073e-04
-3.06000e-01 -1.68000e-01  2.86555e-01     9.073e-04
-2.04000e-01 -1.68000e-01  2.86555e-01     9.073e-04
-1.02000e-01 -1.68000e-01  2.86555e-01     9.073e-04
 0.00000e+00 -1.68000e-01  2.86555e-01     9.073e-04
 1.02000e-01 -1.68000e-01  2.86555e-01     9.073e-04
 2.04000e-01 -1.68000e-01  2.86555e-01     9.073e-04
 3.06000e-01 -1.68000e-01  2.86555e-01     9.073e-04
 4.08000e-01 -1.68000e-01  2.86555e-01     9.073e-04
 5.10000e-01 -1.68000e-01  2.86555e-01     0.000e+00
-5.10000e-01 -1.26000e-01  2.86555e-01     0.000e+00
-4.08000e-01 -1.26000e-01  2.86555e-01     9.124e-04
-3.06000e-01 -1.26000e-01  2.86555e-01     9.124e-04
-2.04000e-01 -1.26000e-01  2.86555e-01     9.124e-04
-1.02000e-01 -1.26000e-01  2.86555e-01     9.124e-04
 0.00000e+00 -1.26000e-01  2.86555e-01     9.124e-04
 1.02000e-01 -1.26000e-01  2.86555e-01     9.124e-04
 2.04000e-01 -1.26000e-01  2.86555e-01     9.124e-04
 3.06000e-01 -1.26000e-01  2.86555e-01     9.124e-04
 4.08000e-01 -1.26000e-01  2.86555e-01     9.124e-04
 5.10000e-01 -1.26000e-01  2.86555e-01     0.000e+00
-5.10000e-01 -8.40000e-02  2.86555e-01     0.000e+00
-4.08000e-01 -8.40000e-02  2.86555e-01     9.160e-04
-3.06000e-01 -8.40000e-02  2.86555e-01     9.160e-04
-2.04000e-01 -8.40000e-02  2.86555e-01     9.160e-04
-1.02000e-01 -8.40000e-02  2.86555e-01     9.160e-04
 0.00000e+00 -8.40000e-02  2.86555e-01     9.160e-04
 1.02000e-01 -8.40000e-02  2.86555e-01     9.160e-04
 2.04000e-01 -8.40000e-02  2.86555e-01     9.160e-04
 3.06000e-01 -8.40000e-02  2.86555e-01     9.160e-04
 4.08000e-01 -8.40000e-02  2.86555e-01     9.160e-04
 5.10000e-01 -8.40000e-02  2.86555e-01     0.000e+00
-5.10000e-01 -4.20000e-02  2.86555e-01     0.000e+00
-4.08000e-01 -4.20000e-02  2.86555e-01     9.181e-04
-3.06000e-01 -4.20000e-02  2.86555e-01     9.181e-04
-2.04000e-01 -4.20000e-02  2.86555e-01     9.181e-04
-1.02000e-01 -4.20000e-02  2.86555e-01     9.181e-04
 0.00000e+00 -4.20000e-02  2.86555e-01     9.181e-04
 1.02000e-01 -4.20000e-02  2.86555e-01     9.181e-04
 2.04000e-01 -4.20000e-02  2.86555e-01     9.181e-04
 3.06000e-01 -4.20000e-02  2.86555e-01     9.181e-04
 4.08000e-01 -4.20000e-02  2.86555e-01     9.181e-04
 5.10000e-01 -4.20000e-02  2.86555e-01     0.000e+00
-5.10000e-01  0.00000e+00  2.86555e-01     0.000e+00
-4.08000e-01  0.00000e+00  2.86555e-01     9.188e-04
-3.06000e-01  0.00000e+00  2.86555e-01     9.188e-04
-2.04000e-01  0.00000e+00  2.86555e-01     9.188e-04
-1.02000e-01  0.00000e+00  2.86555e-01     9.188e-04
 0.00000e+00  0.00000e+00  2.86555e-01     9.188e-04
 1.02000e-01  0.00000e+00  2.86555e-01     9.188e-04
 2.04000e-01  0.00000e+00  2.86555e-01     9.188e-04
 3.06000e-01  0.00000e+00  2.86555e-01     9.188e-04
 4.08000e-01  0.00000e+00  2.86555e-01     9.188e-04
 5.10000e-01  0.00000e+00  2.86555e-01     0.000e+00
-5.10000e-01  4.20000e-02  2.86555e-01     0.000e+00
-4.08000e-01  4.20000e-02  2.86555e-01     9.181e-04
-3.06000e-01  4.20000e-02  2.86555e-01     9.181e-04
-2.04000e-01  4.20000e-02  2.86555e-01     9.181e-04
-1.02000e-01  4.20000e-02  2.86555e-01     9.181e-04
 0.00000e+00  4.20000e-02  2.86555e-01     9.181e-04
 1.02000e-01  4.20000e-02  2.86555e-01     9.181e-04
 2.04000e-01  4.20000e-02  2.86555e-01     9.181e-04
 3.06000e-01  4.20000e-02  2.86555e-01     9.181e-04
 4.08000e-01  4.20000e-02  2.86555e-01     9.181e-04
 5.10000e-01  4.20000e-02  2.86555e-01     0.000e+00
-5.10000e-01  8.40000e-02  2.86555e-01     0.000e+00
-4.08000e-01  8.40000e-02  2.86555e-01     9.160e-04
-3.06000e-01  8.40000e-02  2.86555e-01     9.160e-04
-2.04000e-01  8.40000e-02  2.86555e-01     9.160e-04
-1.02000e-01  8.40000e-02  2.86555e-01     9.160e-04
 0.00000e+00  8.40000e-02  2.86555e-01     9.160e-04
 1.02000e-01  8.40000e-02  2.86555e-01     9.160e-04
 2.04000e-01  8.40000e-02  2.86555e-01     9.160e-04
 3.06000e-01  8.40000e-02  2.86555e-01     9.160e-04
 4.08000e-01  8.40000e-02  2.86555e-01     9.160e-04
 5.10000e-01  8.40000e-02  2.86555e-01     0.000e+00
-5.10000e-01  1.26000e-01  2.86555e-01     0.000e+00
-4.08000e-01  1.26000e-01  2.86555e-01     9.124e-04
-3.06000e-01  1.26000e-01  2.86555e-01     9.124e-04
-2.04000e-01  1.26000e-01  2.86555e-01     9.124e-04
-1.02000e-01  1.26000e-01  2.86555e-01     9.124e-04
 0.00000e+00  1.26000e-01  2.86555e-01     9.124e-04
 1.02000e-01  1.26000e-01  2.86555e-01     9.124e-04
 2.04000e-01  1.26000e-01  2.86555e-01     9.124e-04
 3.06000e-01  1.26000e-01  2.86555e-01     9.124e-04
 4.08000e-01  1.26000e-01  2.86555e-01     9.124e-04
 5.10000e-01  1.26000e-01  2.86555e-01     0.000e+00
-5.10000e-01  1.68000e-01  2.86555e-01     0.000e+00
-4.08000e-01  1.68000e-01  2.86555e-01     9.073e-04
-3.06000e-01  1.68000e-01  2.86555e-01     9.073e-04
-2.04000e-01  1.68000e-01  2.86555e-01     9.073e-04
-1.02000e-01  1.68000e-01  2.86555e-01     9.073e-04
 0.00000e+00  1.68000e-01  2.86555e-01     9.073e-04
 1.02000e-01  1.68000e-01  2.86555e-01     9.073e-04
 2.04000e-01  1.68000e-01  2.86555e-01     9.073e-04
 3.06000e-01  1.68000e-01  2.86555e-01     9.073e-04
 4.08000e-01  1.68000e-01  2.86555e-01     9.073e-04
 5.10000e-01  1.68000e-01  2.86555e-01     0.000e+00
-5.10000e-01  2.10000e-01  2.86555e-01     0.000e+00
-4.08000e-01  2.10000e-01  2.86555e-01     0.000e+00
-3.06000e-01  2.10000e-01  2.86555e-01     0.000e+00
-2.04000e-01  2.10000e-01  2.86555e-01     0.000e+00
-1.02000e-01  2.10000e-01  2.86555e-01     0.000e+00
 0.00000e+00  2.10000e-01  2.86555e-01     0.000e+00
 1.02000e-01  2.10000e-01  2.86555e-01     0.000e+00
 2.04000e-01  2.10000e-01  2.86555e-01     0.000e+00
 3.06000e-01  2.10000e-01  2.86555e-01     0.000e+00
 4.08000e-01  2.10000e-01  2.86555e-01     0.000e+00
 5.10000e-01  2.10000e-01  2.86555e-01     0.000e+00
-5.10000e-01 -2.10000e-01  2.90182e-01     0.000e+00
-4.08000e-01 -2.10000e-01  2.90182e-01     0.000e+00
-3.06000e-01 -2.10000e-01  2.90182e-01     0.000e+00
-2.04000e-01 -2.10000e-01  2.90182e-01     0.000e+00
-1.02000e-01 -2.10000e-01  2.90182e-01     0.000e+00
 0.00000e+00 -2.10000e-01  2.90182e-01     0.000e+00
 1.02000e-01 -2.10000e-01  2.90182e-01     0.000e+00
 2.04000e-01 -2.10000e-01  2.90182e-01     0.000e+00
 3.06000e-01 -2.10000e-01  2.90182e-01     0.000e+00
 4.08000e-01 -2.10000e-01  2.90182e-01     0.000e+00
 5.10000e-01 -2.10000e-01  2.90182e-01     0.000e+00
-5.10000e-01 -1.68000e-01  2.90182e-01     0.000e+00
-4.08000e-01 -1.68000e-01  2.90182e-01     8.934e-04
-3.06000e-01 -1.68000e-01  2.90182e-01     8.934e-04
-2.04000e-01 -1.68000e-01  2.90182e-01     8.934e-04
-1.02000e-01 -1.68000e-01  2.90182e-01     8.934e-04
 0.00000e+00 -1.68000e-01  2.90182e-01     8.934e-04
 1.02000e-01 -1.68000e-01  2.90182e-01     8.934e-04
 2.04000e-01 -1.68000e-01  2.90182e-01     8.934e-04
 3.06000e-01 -1.68000e-01  2.90182e-01     8.934e-04
 4.08000e-01 -1.68000e-01  2.90182e-01     8.934e-04
 5.10000e-01 -1.68000e-01  2.90182e-01     0.000e+00
-5.10000e-01 -1.26000e-01  2.90182e-01     0.000e+00
-4.08000e-01 -1.26000e-01  2.90182e-01     8.984e-04
-3.06000e-01 -1.26000e-01  2.90182e-01     8.984e-04
-2.04000e-01 -1.26000e-01  2.90182e-01     8.984e-04
-1.02000e-01 -1.26000e-01  2.90182e-01     8.984e-04
 0.00000e+00 -1.26000e-01  2.90182e-01     8.984e-04
 1.02000e-01 -1.26000e-01  2.90182e-01     8.984e-04
 2.04000e-01 -1.26000e-01  2.90182e-01     8.984e-04
 3.06000e-01 -1.26000e-01  2.90182e-01     8.984e-04
 4.08000e-01 -1.26000e-01  2.90182e-01     8.984e-04
 5.10000e-01 -1.26000e-01  2.90182e-01     0.000e+00
-5.10000e-01 -8.40000e-02  2.90182e-01     0.000e+00
-4.08000e-01 -8.40000e-02  2.90182e-01     9.019e-04
-3.06000e-01 -8.40000e-02  2.90182e-01     9.019e-04
-2.04000e-01 -8.40000e-02  2.90182e-01     9.019e-04
-1.02000e-01 -8.40000e-02  2.90182e-01     9.019e-04
 0.00000e+00 -8.40000e-02  2.90182e-01     9.019e-04
 1.02000e-01 -8.40000e-02  2.90182e-01     9.019e-04
 2.04000e-01 -8.40000e-02  2.90182e-01     9.019e-04
 3.06000e-01 -8.40000e-02  2.90182e-01     9.019e-04
 4.08000e-01 -8.40000e-02  2.90182e-01     9.019e-04
 5.10000e-01 -8.40000e-02  2.90182e-01     0.000e+00
-5.10000e-01 -4.20000e-02  2.90182e-01     0.000e+00
-4.08000e-01 -4.20000e-02  2.90182e-01     9.041e-04
-3.06000e-01 -4.20000e-02  2.90182e-01     9.041e-04
-2.04000e-01 -4.20000e-02  2.90182e-01     9.041e-04
-1.02000e-01 -4.20000e-02  2.90182e-01     9.041e-04
 0.00000e+00 -4.20000e-02  2.90182e-01     9.041e-04
 1.02000e-01 -4.20000e-02  2.90182e-01     9.041e-04
 2.04000e-01 -4.20000e-02  2.90182e-01     9.041e-04
 3.06000e-01 -4.20000e-02  2.90182e-01     9.041e-04
 4.08000e-01 -4.20000e-02  2.90182e-01     9.041e-04
 5.10000e-01 -4.20000e-02  2.90182e-01     0.000e+00
-5.10000e-01  0.00000e+00  2.90182e-01     0.000e+00
-4.08000e-01  0.00000e+00  2.90182e-01     9.048e-04
-3.06000e-01  0.00000e+00  2.90182e-01     9.048e-04
-2.04000e-01  0.00000e+00  2.90182e-01     9.048e-04
-1.02000e-01  0.00000e+00  2.90182e-01     9.048e-04
 0.00000e+00  0.00000e+00  2.90182e-01     9.048e-04
 1.02000e-01  0.00000e+00  2.90182e-01     9.048e-04
 2.04000e-01  0.00000e+00  2.90182e-01     9.048e-04
 3.06000e-01  0.00000e+00  2.90182e-01     9.048e-04
 4.08000e-01  0.00000e+00  2.90182e-01     9.048e-04
 5.10000e-01  0.00000e+00  2.90182e-01     0.000e+00
-5.10000e-01  4.20000e-02  2.90182e-01     0.000e+00
-4.08000e-01  4.20000e-02  2.90182e-01     9.041e-04
-3.06000e-01  4.20000e-02  2.90182e-01     9.041e-04
-2.04000e-01  4.20000e-02  2.90182e-01     9.041e-04
-1.02000e-01  4.20000e-02  2.90182e-01     9.041e-04
 0.00000e+00  4.20000e-02  2.90182e-01     9.041e-04
 1.02000e-01  4.20000e-02  2.90182e-01     9.041e-04
 2.04000e-01  4.20000e-02  2.90182e-01     9.041e-04
 3.06000e-01  4.20000e-02  2.90182e-01     9.041e-04
 4.08000e-01  4.20000e-02  2.90182e-01     9.041e-04
 5.10000e-01  4.20000e-02  2.90182e-01     0.000e+00
-5.10000e-01  8.40000e-02  2.90182e-01     0.000e+00
-4.08000e-01  8.40000e-02  2.90182e-01     9.019e-04
-3.06000e-01  8.40000e-02  2.90182e-01     9.019e-04
-2.04000e-01  8.40000e-02  2.90182e-01     9.019e-04
-1.02000e-01  8.40000e-02  2.90182e-01     9.019e-04
 0.00000e+00  8.40000e-02  2.90182e-01     9.019e-04
 1.02000e-01  8.40000e-02  2.90182e-01     9.019e-04
 2.04000e-01  8.40000e-02  2.90182e-01     9.019e-04
 3.06000e-01  8.40000e-02  2.90182e-01     9.019e-04
 4.08000e-01  8.40000e-02  2.90182e-01     9.019e-04
 5.10000e-01  8.40000e-02  2.90182e-01     0.000e+00
-5.10000e-01  1.26000e-01  2.90182e-01     0.000e+00
-4.08000e-01  1.26000e-01  2.90182e-01     8.984e-04
-3.06000e-01  1.26000e-01  2.90182e-01     8.984e-04
-2.04000e-01  1.26000e-01  2.90182e-01     8.984e-04
-1.02000e-01  1.26000e-01  2.90182e-01     8.984e-04
 0.00000e+00  1.26000e-01  2.90182e-01     8.984e-04
 1.02000e-01  1.26000e-01  2.90182e-01     8.984e-04
 2.04000e-01  1.26000e-01  2.90182e-01     8.984e-04
 3.06000e-01  1.26000e-01  2.90182e-01     8.984e-04
 4.08000e-01  1.26000e-01  2.90182e-01     8.984e-04
 5.10000e-01  1.26000e-01  2.90182e-01     0.000e+00
-5.10000e-01  1.68000e-01  2.90182e-01     0.000e+00
-4.08000e-01  1.68000e-01  2.90182e-01     8.934e-04
-3.06000e-01  1.68000e-01  2.90182e-01     8.934e-04
-2.04000e-01  1.68000e-01  2.90182e-01     8.934e-04
-1.02000e-01  1.68000e-01  2.90182e-01     8.934e-04
 0.00000e+00  1.68000e-01  2.90182e-01     8.934e-04
 1.02000e-01  1.68000e-01  2.90182e-01     8.934e-04
 2.04000e-01  1.68000e-01  2.90182e-01     8.934e-04
 3.06000e-01  1.68000e-01  2.90182e-01     8.934e-04
 4.08000e-01  1.68000e-01  2.90182e-01     8.934e-04
 5.10000e-01  1.68000e-01  2.90182e-01     0.000e+00
-5.10000e-01  2.10000e-01  2.90182e-01     0.000e+00
-4.08000e-01  2.10000e-01  2.90182e-01     0.000e+00
-3.06000e-01  2.10000e-01  2.90182e-01     0.000e+00
-2.04000e-01  2.10000e-01  2.90182e-01     0.000e+00
-1.02000e-01  2.10000e-01  2.90182e-01     0.000e+00
 0.00000e+00  2.10000e-01  2.90182e-01     0.000e+00
 1.02000e-01  2.10000e-01  2.90182e-01     0.000e+00
 2.04000e-01  2.10000e-01  2.90182e-01     0.000e+00
 3.06000e-01  2.10000e-01  2.90182e-01     0.000e+00
 4.08000e-01  2.10000e-01  2.90182e-01     0.000e+00
 5.10000e-01  2.10000e-01  2.90182e-01     0.000e+00
-5.10000e-01 -2.10000e-01  2.93809e-01     0.000e+00
-4.08000e-01 -2.10000e-01  2.93809e-01     0.000e+00
-3.06000e-01 -2.10000e-01  2.93809e-01     0.000e+00
-2.04000e-01 -2.10000e-01  2.93809e-01     0.000e+00
-1.02000e-01 -2.10000e-01  2.93809e-01     0.000e+00
 0.00000e+00 -2.10000e-01  2.93809e-01     0.000e+00
 1.02000e-01 -2.10000e-01  2.93809e-01     0.000e+00
 2.04000e-01 -2.10000e-01  2.93809e-01     0.000e+00
 3.06000e-01 -2.10000e-01  2.93809e-01     0.000e+00
 4.08000e-01 -2.10000e-01  2.93809e-01     0.000e+00
 5.10000e-01 -2.10000e-01  2.93809e-01     0.000e+00
-5.10000e-01 -1.68000e-01  2.93809e-01     0.000e+00
-4.08000e-01 -1.68000e-01  2.93809e-01     8.799e-04
-3.06000e-01 -1.68000e-01  2.93809e-01     8.799e-04
-2.04000e-01 -1.68000e-01  2.93809e-01     8.799e-04
-1.02000e-01 -1.68000e-01  2.93809e-01     8.799e-04
 0.00000e+00 -1.68000e-01  2.93809e-01     8.799e-04
 1.02000e-01 -1.68000e-01  2.93809e-01     8.799e-04
 2.04000e-01 -1.68000e-01  2.93809e-01     8.799e-04
 3.06000e-01 -1.68000e-01  2.93809e-01     8.799e-04
 4.08000e-01 -1.68000e-01  2.93809e-01     8.799e-04
 5.10000e-01 -1.68000e-01  2.93809e-01     0.000e+00
-5.10000e-01 -1.26000e-01  2.93809e-01     0.000e+00
-4.08000e-01 -1.26000e-01  2.93809e-01     8.848e-04
-3.06000e-01 -1.26000e-01  2.93809e-01     8.848e-04
-2.04000e-01 -1.26000e-01  2.93809e-01     8.848e-04
-1.02000e-01 -1.26000e-01  2.93809e-01     8.848e-04
 0.00000e+00 -1.26000e-01  2.93809e-01     8.848e-04
 1.02000e-01 -1.26000e-01  2.93809e-01     8.848e-04
 2.04000e-01 -1.26000e-01  2.93809e-01     8.848e-04
 3.06000e-01 -1.26000e-01  2.93809e-01     8.848e-04
 4.08000e-01 -1.26000e-01  2.93809e-01     8.848e-04
 5.10000e-01 -1.26000e-01  2.93809e-01     0.000e+00
-5.10000e-01 -8.40000e-02  2.93809e-01     0.000e+00
-4.08000e-01 -8.40000e-02  2.93809e-01     8.883e-04
-3.06000e-01 -8.40000e-02  2.93809e-01     8.883e-04
-2.04000e-01 -8.40000e-02  2.93809e-01     8.883e-04
-1.02000e-01 -8.40000e-02  2.93809e-01     8.883e-04
 0.00000e+00 -8.40000e-02  2.93809e-01     8.883e-04
 1.02000e-01 -8.40000e-02  2.93809e-01     8.883e-04
 2.04000e-01 -8.40000e-02  2.93809e-01     8.883e-04
 3.06000e-01 -8.40000e-02  2.93809e-01     8.883e-04
 4.08000e-01 -8.40000e-02  2.93809e-01     8.883e-04
 5.10000e-01 -8.40000e-02  2.93809e-01     0.000e+00
-5.10000e-01 -4.20000e-02  2.93809e-01     0.000e+00
-4.08000e-01 -4.20000e-02  2.93809e-01     8.904e-04
-3.06000e-01 -4.20000e-02  2.93809e-01     8.904e-04
-2.04000e-01 -4.20000e-02  2.93809e-01     8.904e-04
-1.02000e-01 -4.20000e-02  2.93809e-01     8.904e-04
 0.00000e+00 -4.20000e-02  2.93809e-01     8.904e-04
 1.02000e-01 -4.20000e-02  2.93809e-01     8.904e-04
 2.04000e-01 -4.20000e-02  2.93809e-01     8.904e-04
 3.06000e-01 -4.20000e-02  2.93809e-01     8.904e-04
 4.08000e-01 -4.20000e-02  2.93809e-01     8.904e-04
 5.10000e-01 -4.20000e-02  2.93809e-01     0.000e+00
-5.10000e-01  0.00000e+00  2.93809e-01     0.000e+00
-4.08000e-01  0.00000e+00  2.93809e-01     8.911e-04
-3.06000e-01  0.00000e+00  2.93809e-01     8.911e-04
-2.04000e-01  0.00000e+00  2.93809e-01     8.911e-04
-1.02000e-01  0.00000e+00  2.93809e-01     8.911e-04
 0.00000e+00  0.00000e+00  2.93809e-01     8.911e-04
 1.02000e-01  0.00000e+00  2.93809e-01     8.911e-04
 2.04000e-01  0.00000e+00  2.93809e-01     8.911e-04
 3.06000e-01  0.00000e+00  2.93809e-01     8.911e-04
 4.08000e-01  0.00000e+00  2.93809e-01     8.911e-04
 5.10000e-01  0.00000e+00  2.93809e-01     0.000e+00
-5.10000e-01  4.20000e-02  2.93809e-01     0.000e+00
-4.08000e-01  4.20000e-02  2.93809e-01     8.904e-04
-3.06000e-01  4.20000e-02  2.93809e-01     8.904e-04
-2.04000e-01  4.20000e-02  2.93809e-01     8.904e-04
-1.02000e-01  4.20000e-02  2.93809e-01     8.904e-04
 0.00000e+00  4.20000e-02  2.93809e-01     8.904e-04
 1.02000e-01  4.20000e-02  2.93809e-01     8.904e-04
 2.04000e-01  4.20000e-02  2.93809e-01     8.904e-04
 3.06000e-01  4.20000e-02  2.93809e-01     8.904e-04
 4.08000e-01  4.20000e-02  2.93809e-01     8.904e-04
 5.10000e-01  4.20000e-02  2.93809e-01     0.000e+00
-5.10000e-01  8.40000e-02  2.93809e-01     0.000e+00
-4.08000e-01  8.40000e-02  2.93809e-01     8.883e-04
-3.06000e-01  8.40000e-02  2.93809e-01     8.883e-04
-2.04000e-01  8.40000e-02  2.93809e-01     8.883e-04
-1.02000e-01  8.40000e-02  2.93809e-01     8.883e-04
 0.00000e+00  8.40000e-02  2.93809e-01     8.883e-04
 1.02000e-01  8.40000e-02  2.93809e-01     8.883e-04
 2.04000e-01  8.40000e-02  2.93809e-01     8.883e-04
 3.06000e-01  8.40000e-02  2.93809e-01     8.883e-04
 4.08000e-01  8.40000e-02  2.93809e-01     8.883e-04
 5.10000e-01  8.40000e-02  2.93809e-01     0.000e+00
-5.10000e-01  1.26000e-01  2.93809e-01     0.000e+00
-4.08000e-01  1.26000e-01  2.93809e-01     8.848e-04
-3.06000e-01  1.26000e-01  2.93809e-01     8.848e-04
-2.04000e-01  1.26000e-01  2.93809e-01     8.848e-04
-1.02000e-01  1.26000e-01  2.93809e-01     8.848e-04
 0.00000e+00  1.26000e-01  2.93809e-01     8.848e-04
 1.02000e-01  1.26000e-01  2.93809e-01     8.848e-04
 2.04000e-01  1.26000e-01  2.93809e-01     8.848e-04
 3.06000e-01  1.26000e-01  2.93809e-01     8.848e-04
 4.08000e-01  1.26000e-01  2.93809e-01     8.848e-04
 5.10000e-01  1.26000e-01  2.93809e-01     0.000e+00
-5.10000e-01  1.68000e-01  2.93809e-01     0.000e+00
-4.08000e-01  1.68000e-01  2.93809e-01     8.799e-04
-3.06000e-01  1.68000e-01  2.93809e-01     8.799e-04
-2.04000e-01  1.68000e-01  2.93809e-01     8.799e-04
-1.02000e-01  1.68000e-01  2.93809e-01     8.799e-04
 0.00000e+00  1.68000e-01  2.93809e-01     8.799e-04
 1.02000e-01  1.68000e-01  2.93809e-01     8.799e-04
 2.04000e-01  1.68000e-01  2.93809e-01     8.799e-04
 3.06000e-01  1.68000e-01  2.93809e-01     8.799e-04
 4.08000e-01  1.68000e-01  2.93809e-01     8.799e-04
 5.10000e-01  1.68000e-01  2.93809e-01     0.000e+00
-5.10000e-01  2.10000e-01  2.93809e-01     0.000e+00
-4.08000e-01  2.10000e-01  2.93809e-01     0.000e+00
-3.06000e-01  2.10000e-01  2.93809e-01     0.000e+00
-2.04000e-01  2.10000e-01  2.93809e-01     0.000e+00
-1.02000e-01  2.10000e-01  2.93809e-01     0.000e+00
 0.00000e+00  2.10000e-01  2.93809e-01     0.000e+00
 1.02000e-01  2.10000e-01  2.93809e-01     0.000e+00
 2.04000e-01  2.10000e-01  2.93809e-01     0.000e+00
 3.06000e-01  2.10000e-01  2.93809e-01     0.000e+00
 4.08000e-01  2.10000e-01  2.93809e-01     0.000e+00
 5.10000e-01  2.10000e-01  2.93809e-01     0.000e+00
-5.10000e-01 -2.10000e-01  2.97436e-01     0.000e+00
-4.08000e-01 -2.10000e-01  2.97436e-01     0.000e+00
-3.06000e-01 -2.10000e-01  2.97436e-01     0.000e+00
-2.04000e-01 -2.10000e-01  2.97436e-01     0.000e+00
-1.02000e-01 -2.10000e-01  2.97436e-01     0.000e+00
 0.00000e+00 -2.10000e-01  2.97436e-01     0.000e+00
 1.02000e-01 -2.10000e-01  2.97436e-01     0.000e+00
 2.04000e-01 -2.10000e-01  2.97436e-01     0.000e+00
 3.06000e-01 -2.10000e-01  2.97436e-01     0.000e+00
 4.08000e-01 -2.10000e-01  2.97436e-01     0.000e+00
 5.10000e-01 -2.10000e-01  2.97436e-01     0.000e+00
-5.10000e-01 -1.68000e-01  2.97436e-01     0.000e+00
-4.08000e-01 -1.68000e-01  2.97436e-01     8.666e-04
-3.06000e-01 -1.68000e-01  2.97436e-01     8.666e-04
-2.04000e-01 -1.68000e-01  2.97436e-01     8.666e-04
-1.02000e-01 -1.68000e-01  2.97436e-01     8.666e-04
 0.00000e+00 -1.68000e-01  2.97436e-01     8.666e-04
 1.02000e-01 -1.68000e-01  2.97436e-01     8.666e-04
 2.04000e-01 -1.68000e-01  2.97436e-01     8.666e-04
 3.06000e-01 -1.68000e-01  2.97436e-01     8.666e-04
 4.08000e-01 -1.68000e-01  2.97436e-01     8.666e-04
 5.10000e-01 -1.68000e-01  2.97436e-01     0.000e+00
-5.10000e-01 -1.26000e-01  2.97436e-01     0.000e+00
-4.08000e-01 -1.26000e-01  2.97436e-01     8.715e-04
-3.06000e-01 -1.26000e-01  2.97436e-01     8.715e-04
-2.04000e-01 -1.26000e-01  2.97436e-01     8.715e-04
-1.02000e-01 -1.26000e-01  2.97436e-01     8.715e-04
 0.00000e+00 -1.26000e-01  2.97436e-01     8.715e-04
 1.02000e-01 -1.26000e-01  2.97436e-01     8.715e-04
 2.04000e-01 -1.26000e-01  2.97436e-01     8.715e-04
 3.06000e-01 -1.26000e-01  2.97436e-01     8.715e-04
 4.08000e-01 -1.26000e-01  2.97436e-01     8.715e-04
 5.10000e-01 -1.26000e-01  2.97436e-01     0.000e+00
-5.10000e-01 -8.40000e-02  2.97436e-01     0.000e+00
-4.08000e-01 -8.40000e-02  2.97436e-01     8.749e-04
-3.06000e-01 -8.40000e-02  2.97436e-01     8.749e-04
-2.04000e-01 -8.40000e-02  2.97436e-01     8.749e-04
-1.02000e-01 -8.40000e-02  2.97436e-01     8.749e-04
 0.00000e+00 -8.40000e-02  2.97436e-01     8.749e-04
 1.02000e-01 -8.40000e-02  2.97436e-01     8.749e-04
 2.04000e-01 -8.40000e-02  2.97436e-01     8.749e-04
 3.06000e-01 -8.40000e-02  2.97436e-01     8.749e-04
 4.08000e-01 -8.40000e-02  2.97436e-01     8.749e-04
 5.10000e-01 -8.40000e-02  2.97436e-01     0.000e+00
-5.10000e-01 -4.20000e-02  2.97436e-01     0.000e+00
-4.08000e-01 -4.20000e-02  2.97436e-01     8.770e-04
-3.06000e-01 -4.20000e-02  2.97436e-01     8.770e-04
-2.04000e-01 -4.20000e-02  2.97436e-01     8.770e-04
-1.02000e-01 -4.20000e-02  2.97436e-01     8.770e-04
 0.00000e+00 -4.20000e-02  2.97436e-01     8.770e-04
 1.02000e-01 -4.20000e-02  2.97436e-01     8.770e-04
 2.04000e-01 -4.20000e-02  2.97436e-01     8.770e-04
 3.06000e-01 -4.20000e-02  2.97436e-01     8.770e-04
 4.08000e-01 -4.20000e-02  2.97436e-01     8.770e-04
 5.10000e-01 -4.20000e-02  2.97436e-01     0.000e+00
-5.10000e-01  0.00000e+00  2.97436e-01     0.000e+00
-4.08000e-01  0.00000e+00  2.97436e-01     8.777e-04
-3.06000e-01  0.00000e+00  2.97436e-01     8.777e-04
-2.04000e-01  0.00000e+00  2.97436e-01     8.777e-04
-1.02000e-01  0.00000e+00  2.97436e-01     8.777e-04
 0.00000e+00  0.00000e+00  2.97436e-01     8.777e-04
 1.02000e-01  0.00000e+00  2.97436e-01     8.777e-04
 2.04000e-01  0.00000e+00  2.97436e-01     8.777e-04
 3.06000e-01  0.00000e+00  2.97436e-01     8.777e-04
 4.08000e-01  0.00000e+00  2.97436e-01     8.777e-04
 5.10000e-01  0.00000e+00  2.97436e-01     0.000e+00
-5.10000e-01  4.20000e-02  2.97436e-01     0.000e+00
-4.08000e-01  4.20000e-02  2.97436e-01     8.770e-04
-3.06000e-01  4.20000e-02  2.97436e-01     8.770e-04
-2.04000e-01  4.20000e-02  2.97436e-01     8.770e-04
-1.02000e-01  4.20000e-02  2.97436e-01     8.770e-04
 0.00000e+00  4.20000e-02  2.97436e-01     8.770e-04
 1.02000e-01  4.20000e-02  2.97436e-01     8.770e-04
 2.04000e-01  4.20000e-02  2.97436e-01     8.770e-04
 3.06000e-01  4.20000e-02  2.97436e-01     8.770e-04
 4.08000e-01  4.20000e-02  2.97436e-01     8.770e-04
 5.10000e-01  4.20000e-02  2.97436e-01     0.000e+00
-5.10000e-01  8.40000e-02  2.97436e-01     0.000e+00
-4.08000e-01  8.40000e-02  2.97436e-01     8.749e-04
-3.06000e-01  8.40000e-02  2.97436e-01     8.749e-04
-2.04000e-01  8.40000e-02  2.97436e-01     8.749e-04
-1.02000e-01  8.40000e-02  2.97436e-01     8.749e-04
 0.00000e+00  8.40000e-02  2.97436e-01     8.749e-04
 1.02000e-01  8.40000e-02  2.97436e-01     8.749e-04
 2.04000e-01  8.40000e-02  2.97436e-01     8.749e-04
 3.06000e-01  8.40000e-02  2.97436e-01     8.749e-04
 4.08000e-01  8.40000e-02  2.97436e-01     8.749e-04
 5.10000e-01  8.40000e-02  2.97436e-01     0.000e+00
-5.10000e-01  1.26000e-01  2.97436e-01     0.000e+00
-4.08000e-01  1.26000e-01  2.97436e-01     8.715e-04
-3.06000e-01  1.26000e-01  2.97436e-01     8.715e-04
-2.04000e-01  1.26000e-01  2.97436e-01     8.715e-04
-1.02000e-01  1.26000e-01  2.97436e-01     8.715e-04
 0.00000e+00  1.26000e-01  2.97436e-01     8.715e-04
 1.02000e-01  1.26000e-01  2.97436e-01     8.715e-04
 2.04000e-01  1.26000e-01  2.97436e-01     8.715e-04
 3.06000e-01  1.26000e-01  2.97436e-01     8.715e-04
 4.08000e-01  1.26000e-01  2.97436e-01     8.715e-04
 5.10000e-01  1.26000e-01  2.97436e-01     0.000e+00
-5.10000e-01  1.68000e-01  2.97436e-01     0.000e+00
-4.08000e-01  1.68000e-01  2.97436e-01     8.666e-04
-3.06000e-01  1.68000e-01  2.97436e-01     8.666e-04
-2.04000e-01  1.68000e-01  2.97436e-01     8.666e-04
-1.02000e-01  1.68000e-01  2.97436e-01     8.666e-04
 0.00000e+00  1.68000e-01  2.97436e-01     8.666e-04
 1.02000e-01  1.68000e-01  2.97436e-01     8.666e-04
 2.04000e-01  1.68000e-01  2.97436e-01     8.666e-04
 3.06000e-01  1.68000e-01  2.97436e-01     8.666e-04
 4.08000e-01  1.68000e-01  2.97436e-01     8.666e-04
 5.10000e-01  1.68000e-01  2.97436e-01     0.000e+00
-5.10000e-01  2.10000e-01  2.97436e-01     0.000e+00
-4.08000e-01  2.10000e-01  2.97436e-01     0.000e+00
-3.06000e-01  2.10000e-01  2.97436e-01     0.000e+00
-2.04000e-01  2.10000e-01  2.97436e-01     0.000e+00
-1.02000e-01  2.10000e-01  2.97436e-01     0.000e+00
 0.00000e+00  2.10000e-01  2.97436e-01     0.000e+00
 1.02000e-01  2.10000e-01  2.97436e-01     0.000e+00
 2.04000e-01  2.10000e-01  2.97436e-01     0.000e+00
 3.06000e-01  2.10000e-01  2.97436e-01     0.000e+00
 4.08000e-01  2.10000e-01  2.97436e-01     0.000e+00
 5.10000e-01  2.10000e-01  2.97436e-01     0.000e+00
-5.10000e-01 -2.10000e-01  3.01064e-01     0.000e+00
-4.08000e-01 -2.10000e-01  3.01064e-01     0.000e+00
-3.06000e-01 -2.10000e-01  3.01064e-01     0.000e+00
-2.04000e-01 -2.10000e-01  3.01064e-01     0.000e+00
-1.02000e-01 -2.10000e-01  3.01064e-01     0.000e+00
 0.00000e+00 -2.10000e-01  3.01064e-01     0.000e+00
 1.02000e-01 -2.10000e-01  3.01064e-01     0.000e+00
 2.04000e-01 -2.10000e-01  3.01064e-01     0.000e+00
 3.06000e-01 -2.10000e-01  3.01064e-01     0.000e+00
 4.08000e-01 -2.10000e-01  3.01064e-01     0.000e+00
 5.10000e-01 -2.10000e-01  3.01064e-01     0.000e+00
-5.10000e-01 -1.68000e-01  3.01064e-01     0.000e+00
-4.08000e-01 -1.68000e-01  3.01064e-01     8.537e-04
-3.06000e-01 -1.68000e-01  3.01064e-01     8.537e-04
-2.04000e-01 -1.68000e-01  3.01064e-01     8.537e-04
-1.02000e-01 -1.68000e-01  3.01064e-01     8.537e-04
 0.00000e+00 -1.68000e-01  3.01064e-01     8.537e-04
 1.02000e-01 -1.68000e-01  3.01064e-01     8.537e-04
 2.04000e-01 -1.68000e-01  3.01064e-01     8.537e-04
 3.06000e-01 -1.68000e-01  3.01064e-01     8.537e-04
 4.08000e-01 -1.68000e-01  3.01064e-01     8.537e-04
 5.10000e-01 -1.68000e-01  3.01064e-01     0.000e+00
-5.10000e-01 -1.26000e-01  3.01064e-01     0.000e+00
-4.08000e-01 -1.26000e-01  3.01064e-01     8.585e-04
-3.06000e-01 -1.26000e-01  3.01064e-01     8.585e-04
-2.04000e-01 -1.26000e-01  3.01064e-01     8.585e-04
-1.02000e-01 -1.26000e-01  3.01064e-01     8.585e-04
 0.00000e+00 -1.26000e-01  3.01064e-01     8.585e-04
 1.02000e-01 -1.26000e-01  3.01064e-01     8.585e-04
 2.04000e-01 -1.26000e-01  3.01064e-01     8.585e-04
 3.06000e-01 -1.26000e-01  3.01064e-01     8.585e-04
 4.08000e-01 -1.26000e-01  3.01064e-01     8.585e-04
 5.10000e-01 -1.26000e-01  3.01064e-01     0.000e+00
-5.10000e-01 -8.40000e-02  3.01064e-01     0.000e+00
-4.08000e-01 -8.40000e-02  3.01064e-01     8.619e-04
-3.06000e-01 -8.40000e-02  3.01064e-01     8.619e-04
-2.04000e-01 -8.40000e-02  3.01064e-01     8.619e-04
-1.02000e-01 -8.40000e-02  3.01064e-01     8.619e-04
 0.00000e+00 -8.40000e-02  3.01064e-01     8.619e-04
 1.02000e-01 -8.40000e-02  3.01064e-01     8.619e-04
 2.04000e-01 -8.40000e-02  3.01064e-01     8.619e-04
 3.06000e-01 -8.40000e-02  3.01064e-01     8.619e-04
 4.08000e-01 -8.40000e-02  3.01064e-01     8.619e-04
 5.10000e-01 -8.40000e-02  3.01064e-01     0.000e+00
-5.10000e-01 -4.20000e-02  3.01064e-01     0.000e+00
-4.08000e-01 -4.20000e-02  3.01064e-01     8.640e-04
-3.06000e-01 -4.20000e-02  3.01064e-01     8.640e-04
-2.04000e-01 -4.20000e-02  3.01064e-01     8.640e-04
-1.02000e-01 -4.20000e-02  3.01064e-01     8.640e-04
 0.00000e+00 -4.20000e-02  3.01064e-01     8.640e-04
 1.02000e-01 -4.20000e-02  3.01064e-01     8.640e-04
 2.04000e-01 -4.20000e-02  3.01064e-01     8.640e-04
 3.06000e-01 -4.20000e-02  3.01064e-01     8.640e-04
 4.08000e-01 -4.20000e-02  3.01064e-01     8.640e-04
 5.10000e-01 -4.20000e-02  3.01064e-01     0.000e+00
-5.10000e-01  0.00000e+00  3.01064e-01     0.000e+00
-4.08000e-01  0.00000e+00  3.01064e-01     8.647e-04
-3.06000e-01  0.00000e+00  3.01064e-01     8.647e-04
-2.04000e-01  0.00000e+00  3.01064e-01     8.647e-04
-1.02000e-01  0.00000e+00  3.01064e-01     8.647e-04
 0.00000e+00  0.00000e+00  3.01064e-01     8.647e-04
 1.02000e-01  0.00000e+00  3.01064e-01     8.647e-04
 2.04000e-01  0.00000e+00  3.01064e-01     8.647e-04
 3.06000e-01  0.00000e+00  3.01064e-01     8.647e-04
 4.08000e-01  0.00000e+00  3.01064e-01     8.647e-04
 5.10000e-01  0.00000e+00  3.01064e-01     0.000e+00
-5.10000e-01  4.20000e-02  3.01064e-01     0.000e+00
-4.08000e-01  4.20000e-02  3.01064e-01     8.640e-04
-3.06000e-01  4.20000e-02  3.01064e-01     8.640e-04
-2.04000e-01  4.20000e-02  3.01064e-01     8.640e-04
-1.02000e-01  4.20000e-02  3.01064e-01     8.640e-04
 0.00000e+00  4.20000e-02  3.01064e-01     8.640e-04
 1.02000e-01  4.20000e-02  3.01064e-01     8.640e-04
 2.04000e-01  4.20000e-02  3.01064e-01     8.640e-04
 3.06000e-01  4.20000e-02  3.01064e-01     8.640e-04
 4.08000e-01  4.20000e-02  3.01064e-01     8.640e-04
 5.10000e-01  4.20000e-02  3.01064e-01     0.000e+00
-5.10000e-01  8.40000e-02  3.01064e-01     0.000e+00
-4.08000e-01  8.40000e-02  3.01064e-01     8.619e-04
-3.06000e-01  8.40000e-02  3.01064e-01     8.619e-04
-2.04000e-01  8.40000e-02  3.01064e-01     8.619e-04
-1.02000e-01  8.40000e-02  3.01064e-01     8.619e-04
 0.00000e+00  8.40000e-02  3.01064e-01     8.619e-04
 1.02000e-01  8.40000e-02  3.01064e-01     8.619e-04
 2.04000e-01  8.40000e-02  3.01064e-01     8.619e-04
 3.06000e-01  8.40000e-02  3.01064e-01     8.619e-04
 4.08000e-01  8.40000e-02  3.01064e-01     8.619e-04
 5.10000e-01  8.40000e-02  3.01064e-01     0.000e+00
-5.10000e-01  1.26000e-01  3.01064e-01     0.000e+00
-4.08000e-01  1.26000e-01  3.01064e-01     8.585e-04
-3.06000e-01  1.26000e-01  3.01064e-01     8.585e-04
-2.04000e-01  1.26000e-01  3.01064e-01     8.585e-04
-1.02000e-01  1.26000e-01  3.01064e-01     8.585e-04
 0.00000e+00  1.26000e-01  3.01064e-01     8.585e-04
 1.02000e-01  1.26000e-01  3.01064e-01     8.585e-04
 2.04000e-01  1.26000e-01  3.01064e-01     8.585e-04
 3.06000e-01  1.26000e-01  3.01064e-01     8.585e-04
 4.08000e-01  1.26000e-01  3.01064e-01     8.585e-04
 5.10000e-01  1.26000e-01  3.01064e-01     0.000e+00
-5.10000e-01  1.68000e-01  3.01064e-01     0.000e+00
-4.08000e-01  1.68000e-01  3.01064e-01     8.537e-04
-3.06000e-01  1.68000e-01  3.01064e-01     8.537e-04
-2.04000e-01  1.68000e-01  3.01064e-01     8.537e-04
-1.02000e-01  1.68000e-01  3.01064e-01     8.537e-04
 0.00000e+00  1.68000e-01  3.01064e-01     8.537e-04
 1.02000e-01  1.68000e-01  3.01064e-01     8.537e-04
 2.04000e-01  1.68000e-01  3.01064e-01     8.537e-04
 3.06000e-01  1.68000e-01  3.01064e-01     8.537e-04
 4.08000e-01  1.68000e-01  3.01064e-01     8.537e-04
 5.10000e-01  1.68000e-01  3.01064e-01     0.000e+00
-5.10000e-01  2.10000e-01  3.01064e-01     0.000e+00
-4.08000e-01  2.10000e-01  3.01064e-01     0.000e+00
-3.06000e-01  2.10000e-01  3.01064e-01     0.000e+00
-2.04000e-01  2.10000e-01  3.01064e-01     0.000e+00
-1.02000e-01  2.10000e-01  3.01064e-01     0.000e+00
 0.00000e+00  2.10000e-01  3.01064e-01     0.000e+00
 1.02000e-01  2.10000e-01  3.01064e-01     0.000e+00
 2.04000e-01  2.10000e-01  3.01064e-01     0.000e+00
 3.06000e-01  2.10000e-01  3.01064e-01     0.000e+00
 4.08000e-01  2.10000e-01  3.01064e-01     0.000e+00
 5.10000e-01  2.10000e-01  3.01064e-01     0.000e+00
-5.10000e-01 -2.10000e-01  3.04691e-01     0.000e+00
-4.08000e-01 -2.10000e-01  3.04691e-01     0.000e+00
-3.06000e-01 -2.10000e-01  3.04691e-01     0.000e+00
-2.04000e-01 -2.10000e-01  3.04691e-01     0.000e+00
-1.02000e-01 -2.10000e-01  3.04691e-01     0.000e+00
 0.00000e+00 -2.10000e-01  3.04691e-01     0.000e+00
 1.02000e-01 -2.10000e-01  3.04691e-01     0.000e+00
 2.04000e-01 -2.10000e-01  3.04691e-01     0.000e+00
 3.06000e-01 -2.10000e-01  3.04691e-01     0.000e+00
 4.08000e-01 -2.10000e-01  3.04691e-01     0.000e+00
 5.10000e-01 -2.10000e-01  3.04691e-01     0.000e+00
-5.10000e-01 -1.68000e-01  3.04691e-01     0.000e+00
-4.08000e-01 -1.68000e-01  3.04691e-01     8.411e-04
-3.06000e-01 -1.68000e-01  3.04691e-01     8.411e-04
-2.04000e-01 -1.68000e-01  3.04691e-01     8.411e-04
-1.02000e-01 -1.68000e-01  3.04691e-01     8.411e-04
 0.00000e+00 -1.68000e-01  3.04691e-01     8.411e-04
 1.02000e-01 -1.68000e-01  3.04691e-01     8.411e-04
 2.04000e-01 -1.68000e-01  3.04691e-01     8.411e-04
 3.06000e-01 -1.68000e-01  3.04691e-01     8.411e-04
 4.08000e-01 -1.68000e-01  3.04691e-01     8.411e-04
 5.10000e-01 -1.68000e-01  3.04691e-01     0.000e+00
-5.10000e-01 -1.26000e-01  3.04691e-01     0.000e+00
-4.08000e-01 -1.26000e-01  3.04691e-01     8.459e-04
-3.06000e-01 -1.26000e-01  3.04691e-01     8.459e-04
-2.04000e-01 -1.26000e-01  3.04691e-01     8.459e-04
-1.02000e-01 -1.26000e-01  3.04691e-01     8.459e-04
 0.00000e+00 -1.26000e-01  3.04691e-01     8.459e-04
 1.02000e-01 -1.26000e-01  3.04691e-01     8.459e-04
 2.04000e-01 -1.26000e-01  3.04691e-01     8.459e-04
 3.06000e-01 -1.26000e-01  3.04691e-01     8.459e-04
 4.08000e-01 -1.26000e-01  3.04691e-01     8.459e-04
 5.10000e-01 -1.26000e-01  3.04691e-01     0.000e+00
-5.10000e-01 -8.40000e-02  3.04691e-01     0.000e+00
-4.08000e-01 -8.40000e-02  3.04691e-01     8.492e-04
-3.06000e-01 -8.40000e-02  3.04691e-01     8.492e-04
-2.04000e-01 -8.40000e-02  3.04691e-01     8.492e-04
-1.02000e-01 -8.40000e-02  3.04691e-01     8.492e-04
 0.00000e+00 -8.40000e-02  3.04691e-01     8.492e-04
 1.02000e-01 -8.40000e-02  3.04691e-01     8.492e-04
 2.04000e-01 -8.40000e-02  3.04691e-01     8.492e-04
 3.06000e-01 -8.40000e-02  3.04691e-01     8.492e-04
 4.08000e-01 -8.40000e-02  3.04691e-01     8.492e-04
 5.10000e-01 -8.40000e-02  3.04691e-01     0.000e+00
-5.10000e-01 -4.20000e-02  3.04691e-01     0.000e+00
-4.08000e-01 -4.20000e-02  3.04691e-01     8.513e-04
-3.06000e-01 -4.20000e-02  3.04691e-01     8.513e-04
-2.04000e-01 -4.20000e-02  3.04691e-01     8.513e-04
-1.02000e-01 -4.20000e-02  3.04691e-01     8.513e-04
 0.00000e+00 -4.20000e-02  3.04691e-01     8.513e-04
 1.02000e-01 -4.20000e-02  3.04691e-01     8.513e-04
 2.04000e-01 -4.20000e-02  3.04691e-01     8.513e-04
 3.06000e-01 -4.20000e-02  3.04691e-01     8.513e-04
 4.08000e-01 -4.20000e-02  3.04691e-01     8.513e-04
 5.10000e-01 -4.20000e-02  3.04691e-01     0.000e+00
-5.10000e-01  0.00000e+00  3.04691e-01     0.000e+00
-4.08000e-01  0.00000e+00  3.04691e-01     8.520e-04
-3.06000e-01  0.00000e+00  3.04691e-01     8.520e-04
-2.04000e-01  0.00000e+00  3.04691e-01     8.520e-04
-1.02000e-01  0.00000e+00  3.04691e-01     8.520e-04
 0.00000e+00  0.00000e+00  3.04691e-01     8.520e-04
 1.02000e-01  0.00000e+00  3.04691e-01     8.520e-04
 2.04000e-01  0.00000e+00  3.04691e-01     8.520e-04
 3.06000e-01  0.00000e+00  3.04691e-01     8.520e-04
 4.08000e-01  0.00000e+00  3.04691e-01     8.520e-04
 5.10000e-01  0.00000e+00  3.04691e-01     0.000e+00
-5.10000e-01  4.20000e-02  3.04691e-01     0.000e+00
-4.08000e-01  4.20000e-02  3.04691e-01     8.513e-04
-3.06000e-01  4.20000e-02  3.04691e-01     8.513e-04
-2.04000e-01  4.20000e-02  3.04691e-01     8.513e-04
-1.02000e-01  4.20000e-02  3.04691e-01     8.513e-04
 0.00000e+00  4.20000e-02  3.04691e-01     8.513e-04
 1.02000e-01  4.20000e-02  3.04691e-01     8.513e-04
 2.04000e-01  4.20000e-02  3.04691e-01     8.513e-04
 3.06000e-01  4.20000e-02  3.04691e-01     8.513e-04
 4.08000e-01  4.20000e-02  3.04691e-01     8.513e-04
 5.10000e-01  4.20000e-02  3.04691e-01     0.000e+00
-5.10000e-01  8.40000e-02  3.04691e-01     0.000e+00
-4.08000e-01  8.40000e-02  3.04691e-01     8.492e-04
-3.06000e-01  8.40000e-02  3.04691e-01     8.492e-04
-2.04000e-01  8.40000e-02  3.04691e-01     8.492e-04
-1.02000e-01  8.40000e-02  3.04691e-01     8.492e-04
 0.00000e+00  8.40000e-02  3.04691e-01     8.492e-04
 1.02000e-01  8.40000e-02  3.04691e-01     8.492e-04
 2.04000e-01  8.40000e-02  3.04691e-01     8.492e-04
 3.06000e-01  8.40000e-02  3.04691e-01     8.492e-04
 4.08000e-01  8.40000e-02  3.04691e-01     8.492e-04
 5.10000e-01  8.40000e-02  3.04691e-01     0.000e+00
-5.10000e-01  1.26000e-01  3.04691e-01     0.000e+00
-4.08000e-01  1.26000e-01  3.04691e-01     8.459e-04
-3.06000e-01  1.26000e-01  3.04691e-01     8.459e-04
-2.04000e-01  1.26000e-01  3.04691e-01     8.459e-04
-1.02000e-01  1.26000e-01  3.04691e-01     8.459e-04
 0.00000e+00  1.26000e-01  3.04691e-01     8.459e-04
 1.02000e-01  1.26000e-01  3.04691e-01     8.459e-04
 2.04000e-01  1.26000e-01  3.04691e-01     8.459e-04
 3.06000e-01  1.26000e-01  3.04691e-01     8.459e-04
 4.08000e-01  1.26000e-01  3.04691e-01     8.459e-04
 5.10000e-01  1.26000e-01  3.04691e-01     0.000e+00
-5.10000e-01  1.68000e-01  3.04691e-01     0.000e+00
-4.08000e-01  1.68000e-01  3.04691e-01     8.411e-04
-3.06000e-01  1.68000e-01  3.04691e-01     8.411e-04
-2.04000e-01  1.68000e-01  3.04691e-01     8.411e-04
-1.02000e-01  1.68000e-01  3.04691e-01     8.411e-04
 0.00000e+00  1.68000e-01  3.04691e-01     8.411e-04
 1.02000e-01  1.68000e-01  3.04691e-01     8.411e-04
 2.04000e-01  1.68000e-01  3.04691e-01     8.411e-04
 3.06000e-01  1.68000e-01  3.04691e-01     8.411e-04
 4.08000e-01  1.68000e-01  3.04691e-01     8.411e-04
 5.10000e-01  1.68000e-01  3.04691e-01     0.000e+00
-5.10000e-01  2.10000e-01  3.04691e-01     0.000e+00
-4.08000e-01  2.10000e-01  3.04691e-01     0.000e+00
-3.06000e-01  2.10000e-01  3.04691e-01     0.000e+00
-2.04000e-01  2.10000e-01  3.04691e-01     0.000e+00
-1.02000e-01  2.10000e-01  3.04691e-01     0.000e+00
 0.00000e+00  2.10000e-01  3.04691e-01     0.000e+00
 1.02000e-01  2.10000e-01  3.04691e-01     0.000e+00
 2.04000e-01  2.10000e-01  3.04691e-01     0.000e+00
 3.06000e-01  2.10000e-01  3.04691e-01     0.000e+00
 4.08000e-01  2.10000e-01  3.04691e-01     0.000e+00
 5.10000e-01  2.10000e-01  3.04691e-01     0.000e+00
-5.10000e-01 -2.10000e-01  3.08318e-01     0.000e+00
-4.08000e-01 -2.10000e-01  3.08318e-01     0.000e+00
-3.06000e-01 -2.10000e-01  3.08318e-01     0.000e+00
-2.04000e-01 -2.10000e-01  3.08318e-01     0.000e+00
-1.02000e-01 -2.10000e-01  3.08318e-01     0.000e+00
 0.00000e+00 -2.10000e-01  3.08318e-01     0.000e+00
 1.02000e-01 -2.10000e-01  3.08318e-01     0.000e+00
 2.04000e-01 -2.10000e-01  3.08318e-01     0.000e+00
 3.06000e-01 -2.10000e-01  3.08318e-01     0.000e+00
 4.08000e-01 -2.10000e-01  3.08318e-01     0.000e+00
 5.10000e-01 -2.10000e-01  3.08318e-01     0.000e+00
-5.10000e-01 -1.68000e-01  3.08318e-01     0.000e+00
-4.08000e-01 -1.68000e-01  3.08318e-01     8.288e-04
-3.06000e-01 -1.68000e-01  3.08318e-01     8.288e-04
-2.04000e-01 -1.68000e-01  3.08318e-01     8.288e-04
-1.02000e-01 -1.68000e-01  3.08318e-01     8.288e-04
 0.00000e+00 -1.68000e-01  3.08318e-01     8.288e-04
 1.02000e-01 -1.68000e-01  3.08318e-01     8.288e-04
 2.04000e-01 -1.68000e-01  3.08318e-01     8.288e-04
 3.06000e-01 -1.68000e-01  3.08318e-01     8.288e-04
 4.08000e-01 -1.68000e-01  3.08318e-01     8.288e-04
 5.10000e-01 -1.68000e-01  3.08318e-01     0.000e+00
-5.10000e-01 -1.26000e-01  3.08318e-01     0.000e+00
-4.08000e-01 -1.26000e-01  3.08318e-01     8.335e-04
-3.06000e-01 -1.26000e-01  3.08318e-01     8.335e-04
-2.04000e-01 -1.26000e-01  3.08318e-01     8.335e-04
-1.02000e-01 -1.26000e-01  3.08318e-01     8.335e-04
 0.00000e+00 -1.26000e-01  3.08318e-01     8.335e-04
 1.02000e-01 -1.26000e-01  3.08318e-01     8.335e-04
 2.04000e-01 -1.26000e-01  3.08318e-01     8.335e-04
 3.06000e-01 -1.26000e-01  3.08318e-01     8.335e-04
 4.08000e-01 -1.26000e-01  3.08318e-01     8.335e-04
 5.10000e-01 -1.26000e-01  3.08318e-01     0.000e+00
-5.10000e-01 -8.40000e-02  3.08318e-01     0.000e+00
-4.08000e-01 -8.40000e-02  3.08318e-01     8.369e-04
-3.06000e-01 -8.40000e-02  3.08318e-01     8.369e-04
-2.04000e-01 -8.40000e-02  3.08318e-01     8.369e-04
-1.02000e-01 -8.40000e-02  3.08318e-01     8.369e-04
 0.00000e+00 -8.40000e-02  3.08318e-01     8.369e-04
 1.02000e-01 -8.40000e-02  3.08318e-01     8.369e-04
 2.04000e-01 -8.40000e-02  3.08318e-01     8.369e-04
 3.06000e-01 -8.40000e-02  3.08318e-01     8.369e-04
 4.08000e-01 -8.40000e-02  3.08318e-01     8.369e-04
 5.10000e-01 -8.40000e-02  3.08318e-01     0.000e+00
-5.10000e-01 -4.20000e-02  3.08318e-01     0.000e+00
-4.08000e-01 -4.20000e-02  3.08318e-01     8.389e-04
-3.06000e-01 -4.20000e-02  3.08318e-01     8.389e-04
-2.04000e-01 -4.20000e-02  3.08318e-01     8.389e-04
-1.02000e-01 -4.20000e-02  3.08318e-01     8.389e-04
 0.00000e+00 -4.20000e-02  3.08318e-01     8.389e-04
 1.02000e-01 -4.20000e-02  3.08318e-01     8.389e-04
 2.04000e-01 -4.20000e-02  3.08318e-01     8.389e-04
 3.06000e-01 -4.20000e-02  3.08318e-01     8.389e-04
 4.08000e-01 -4.20000e-02  3.08318e-01     8.389e-04
 5.10000e-01 -4.20000e-02  3.08318e-01     0.000e+00
-5.10000e-01  0.00000e+00  3.08318e-01     0.000e+00
-4.08000e-01  0.00000e+00  3.08318e-01     8.395e-04
-3.06000e-01  0.00000e+00  3.08318e-01     8.395e-04
-2.04000e-01  0.00000e+00  3.08318e-01     8.395e-04
-1.02000e-01  0.00000e+00  3.08318e-01     8.395e-04
 0.00000e+00  0.00000e+00  3.08318e-01     8.395e-04
 1.02000e-01  0.00000e+00  3.08318e-01     8.395e-04
 2.04000e-01  0.00000e+00  3.08318e-01     8.395e-04
 3.06000e-01  0.00000e+00  3.08318e-01     8.395e-04
 4.08000e-01  0.00000e+00  3.08318e-01     8.395e-04
 5.10000e-01  0.00000e+00  3.08318e-01     0.000e+00
-5.10000e-01  4.20000e-02  3.08318e-01     0.000e+00
-4.08000e-01  4.20000e-02  3.08318e-01     8.389e-04
-3.06000e-01  4.20000e-02  3.08318e-01     8.389e-04
-2.04000e-01  4.20000e-02  3.08318e-01     8.389e-04
-1.02000e-01  4.20000e-02  3.08318e-01     8.389e-04
 0.00000e+00  4.20000e-02  3.08318e-01     8.389e-04
 1.02000e-01  4.20000e-02  3.08318e-01     8.389e-04
 2.04000e-01  4.20000e-02  3.08318e-01     8.389e-04
 3.06000e-01  4.20000e-02  3.08318e-01     8.389e-04
 4.08000e-01  4.20000e-02  3.08318e-01     8.389e-04
 5.10000e-01  4.20000e-02  3.08318e-01     0.000e+00
-5.10000e-01  8.40000e-02  3.08318e-01     0.000e+00
-4.08000e-01  8.40000e-02  3.08318e-01     8.369e-04
-3.06000e-01  8.40000e-02  3.08318e-01     8.369e-04
-2.04000e-01  8.40000e-02  3.08318e-01     8.369e-04
-1.02000e-01  8.40000e-02  3.08318e-01     8.369e-04
 0.00000e+00  8.40000e-02  3.08318e-01     8.369e-04
 1.02000e-01  8.40000e-02  3.08318e-01     8.369e-04
 2.04000e-01  8.40000e-02  3.08318e-01     8.369e-04
 3.06000e-01  8.40000e-02  3.08318e-01     8.369e-04
 4.08000e-01  8.40000e-02  3.08318e-01     8.369e-04
 5.10000e-01  8.40000e-02  3.08318e-01     0.000e+00
-5.10000e-01  1.26000e-01  3.08318e-01     0.000e+00
-4.08000e-01  1.26000e-01  3.08318e-01     8.335e-04
-3.06000e-01  1.26000e-01  3.08318e-01     8.335e-04
-2.04000e-01  1.26000e-01  3.08318e-01     8.335e-04
-1.02000e-01  1.26000e-01  3.08318e-01     8.335e-04
 0.00000e+00  1.26000e-01  3.08318e-01     8.335e-04
 1.02000e-01  1.26000e-01  3.08318e-01     8.335e-04
 2.04000e-01  1.26000e-01  3.08318e-01     8.335e-04
 3.06000e-01  1.26000e-01  3.08318e-01     8.335e-04
 4.08000e-01  1.26000e-01  3.08318e-01     8.335e-04
 5.10000e-01  1.26000e-01  3.08318e-01     0.000e+00
-5.10000e-01  1.68000e-01  3.08318e-01     0.000e+00
-4.08000e-01  1.68000e-01  3.08318e-01     8.288e-04
-3.06000e-01  1.68000e-01  3.08318e-01     8.288e-04
-2.04000e-01  1.68000e-01  3.08318e-01     8.288e-04
-1.02000e-01  1.68000e-01  3.08318e-01     8.288e-04
 0.00000e+00  1.68000e-01  3.08318e-01     8.288e-04
 1.02000e-01  1.68000e-01  3.08318e-01     8.288e-04
 2.04000e-01  1.68000e-01  3.08318e-01     8.288e-04
 3.06000e-01  1.68000e-01  3.08318e-01     8.288e-04
 4.08000e-01  1.68000e-01  3.08318e-01     8.288e-04
 5.10000e-01  1.68000e-01  3.08318e-01     0.000e+00
-5.10000e-01  2.10000e-01  3.08318e-01     0.000e+00
-4.08000e-01  2.10000e-01  3.08318e-01     0.000e+00
-3.06000e-01  2.10000e-01  3.08318e-01     0.000e+00
-2.04000e-01  2.10000e-01  3.08318e-01     0.000e+00
-1.02000e-01  2.10000e-01  3.08318e-01     0.000e+00
 0.00000e+00  2.10000e-01  3.08318e-01     0.000e+00
 1.02000e-01  2.10000e-01  3.08318e-01     0.000e+00
 2.04000e-01  2.10000e-01  3.08318e-01     0.000e+00
 3.06000e-01  2.10000e-01  3.08318e-01     0.000e+00
 4.08000e-01  2.10000e-01  3.08318e-01     0.000e+00
 5.10000e-01  2.10000e-01  3.08318e-01     0.000e+00
-5.10000e-01 -2.10000e-01  3.11945e-01     0.000e+00
-4.08000e-01 -2.10000e-01  3.11945e-01     0.000e+00
-3.06000e-01 -2.10000e-01  3.11945e-01     0.000e+00
-2.04000e-01 -2.10000e-01  3.11945e-01     0.000e+00
-1.02000e-01 -2.10000e-01  3.11945e-01     0.000e+00
 0.00000e+00 -2.10000e-01  3.11945e-01     0.000e+00
 1.02000e-01 -2.10000e-01  3.11945e-01     0.000e+00
 2.04000e-01 -2.10000e-01  3.11945e-01     0.000e+00
 3.06000e-01 -2.10000e-01  3.11945e-01     0.000e+00
 4.08000e-01 -2.10000e-01  3.11945e-01     0.000e+00
 5.10000e-01 -2.10000e-01  3.11945e-01     0.000e+00
-5.10000e-01 -1.68000e-01  3.11945e-01     0.000e+00
-4.08000e-01 -1.68000e-01  3.11945e-01     8.168e-04
-3.06000e-01 -1.68000e-01  3.11945e-01     8.168e-04
-2.04000e-01 -1.68000e-01  3.11945e-01     8.168e-04
-1.02000e-01 -1.68000e-01  3.11945e-01     8.168e-04
 0.00000e+00 -1.68000e-01  3.11945e-01     8.168e-04
 1.02000e-01 -1.68000e-01  3.11945e-01     8.168e-04
 2.04000e-01 -1.68000e-01  3.11945e-01     8.168e-04
 3.06000e-01 -1.68000e-01  3.11945e-01     8.168e-04
 4.08000e-01 -1.68000e-01  3.11945e-01     8.168e-04
 5.10000e-01 -1.68000e-01  3.11945e-01     0.000e+00
-5.10000e-01 -1.26000e-01  3.11945e-01     0.000e+00
-4.08000e-01 -1.26000e-01  3.11945e-01     8.215e-04
-3.06000e-01 -1.26000e-01  3.11945e-01     8.215e-04
-2.04000e-01 -1.26000e-01  3.11945e-01     8.215e-04
-1.02000e-01 -1.26000e-01  3.11945e-01     8.215e-04
 0.00000e+00 -1.26000e-01  3.11945e-01     8.215e-04
 1.02000e-01 -1.26000e-01  3.11945e-01     8.215e-04
 2.04000e-01 -1.26000e-01  3.11945e-01     8.215e-04
 3.06000e-01 -1.26000e-01  3.11945e-01     8.215e-04
 4.08000e-01 -1.26000e-01  3.11945e-01     8.215e-04
 5.10000e-01 -1.26000e-01  3.11945e-01     0.000e+00
-5.10000e-01 -8.40000e-02  3.11945e-01     0.000e+00
-4.08000e-01 -8.40000e-02  3.11945e-01     8.248e-04
-3.06000e-01 -8.40000e-02  3.11945e-01     8.248e-04
-2.04000e-01 -8.40000e-02  3.11945e-01     8.248e-04
-1.02000e-01 -8.40000e-02  3.11945e-01     8.248e-04
 0.00000e+00 -8.40000e-02  3.11945e-01     8.248e-04
 1.02000e-01 -8.40000e-02  3.11945e-01     8.248e-04
 2.04000e-01 -8.40000e-02  3.11945e-01     8.248e-04
 3.06000e-01 -8.40000e-02  3.11945e-01     8.248e-04
 4.08000e-01 -8.40000e-02  3.11945e-01     8.248e-04
 5.10000e-01 -8.40000e-02  3.11945e-01     0.000e+00
-5.10000e-01 -4.20000e-02  3.11945e-01     0.000e+00
-4.08000e-01 -4.20000e-02  3.11945e-01     8.268e-04
-3.06000e-01 -4.20000e-02  3.11945e-01     8.268e-04
-2.04000e-01 -4.20000e-02  3.11945e-01     8.268e-04
-1.02000e-01 -4.20000e-02  3.11945e-01     8.268e-04
 0.00000e+00 -4.20000e-02  3.11945e-01     8.268e-04
 1.02000e-01 -4.20000e-02  3.11945e-01     8.268e-04
 2.04000e-01 -4.20000e-02  3.11945e-01     8.268e-04
 3.06000e-01 -4.20000e-02  3.11945e-01     8.268e-04
 4.08000e-01 -4.20000e-02  3.11945e-01     8.268e-04
 5.10000e-01 -4.20000e-02  3.11945e-01     0.000e+00
-5.10000e-01  0.00000e+00  3.11945e-01     0.000e+00
-4.08000e-01  0.00000e+00  3.11945e-01     8.274e-04
-3.06000e-01  0.00000e+00  3.11945e-01     8.274e-04
-2.04000e-01  0.00000e+00  3.11945e-01     8.274e-04
-1.02000e-01  0.00000e+00  3.11945e-01     8.274e-04
 0.00000e+00  0.00000e+00  3.11945e-01     8.274e-04
 1.02000e-01  0.00000e+00  3.11945e-01     8.274e-04
 2.04000e-01  0.00000e+00  3.11945e-01     8.274e-04
 3.06000e-01  0.00000e+00  3.11945e-01     8.274e-04
 4.08000e-01  0.00000e+00  3.11945e-01     8.274e-04
 5.10000e-01  0.00000e+00  3.11945e-01     0.000e+00
-5.10000e-01  4.20000e-02  3.11945e-01     0.000e+00
-4.08000e-01  4.20000e-02  3.11945e-01     8.268e-04
-3.06000e-01  4.20000e-02  3.11945e-01     8.268e-04
-2.04000e-01  4.20000e-02  3.11945e-01     8.268e-04
-1.02000e-01  4.20000e-02  3.11945e-01     8.268e-04
 0.00000e+00  4.20000e-02  3.11945e-01     8.268e-04
 1.02000e-01  4.20000e-02  3.11945e-01     8.268e-04
 2.04000e-01  4.20000e-02  3.11945e-01     8.268e-04
 3.06000e-01  4.20000e-02  3.11945e-01     8.268e-04
 4.08000e-01  4.20000e-02  3.11945e-01     8.268e-04
 5.10000e-01  4.20000e-02  3.11945e-01     0.000e+00
-5.10000e-01  8.40000e-02  3.11945e-01     0.000e+00
-4.08000e-01  8.40000e-02  3.11945e-01     8.248e-04
-3.06000e-01  8.40000e-02  3.11945e-01     8.248e-04
-2.04000e-01  8.40000e-02  3.11945e-01     8.248e-04
-1.02000e-01  8.40000e-02  3.11945e-01     8.248e-04
 0.00000e+00  8.40000e-02  3.11945e-01     8.248e-04
 1.02000e-01  8.40000e-02  3.11945e-01     8.248e-04
 2.04000e-01  8.40000e-02  3.11945e-01     8.248e-04
 3.06000e-01  8.40000e-02  3.11945e-01     8.248e-04
 4.08000e-01  8.40000e-02  3.11945e-01     8.248e-04
 5.10000e-01  8.40000e-02  3.11945e-01     0.000e+00
-5.10000e-01  1.26000e-01  3.11945e-01     0.000e+00
-4.08000e-01  1.26000e-01  3.11945e-01     8.215e-04
-3.06000e-01  1.26000e-01  3.11945e-01     8.215e-04
-2.04000e-01  1.26000e-01  3.11945e-01     8.215e-04
-1.02000e-01  1.26000e-01  3.11945e-01     8.215e-04
 0.00000e+00  1.26000e-01  3.11945e-01     8.215e-04
 1.02000e-01  1.26000e-01  3.11945e-01     8.215e-04
 2.04000e-01  1.26000e-01  3.11945e-01     8.215e-04
 3.06000e-01  1.26000e-01  3.11945e-01     8.215e-04
 4.08000e-01  1.26000e-01  3.11945e-01     8.215e-04
 5.10000e-01  1.26000e-01  3.11945e-01     0.000e+00
-5.10000e-01  1.68000e-01  3.11945e-01     0.000e+00
-4.08000e-01  1.68000e-01  3.11945e-01     8.168e-04
-3.06000e-01  1.68000e-01  3.11945e-01     8.168e-04
-2.04000e-01  1.68000e-01  3.11945e-01     8.168e-04
-1.02000e-01  1.68000e-01  3.11945e-01     8.168e-04
 0.00000e+00  1.68000e-01  3.11945e-01     8.168e-04
 1.02000e-01  1.68000e-01  3.11945e-01     8.168e-04
 2.04000e-01  1.68000e-01  3.11945e-01     8.168e-04
 3.06000e-01  1.68000e-01  3.11945e-01     8.168e-04
 4.08000e-01  1.68000e-01  3.11945e-01     8.168e-04
 5.10000e-01  1.68000e-01  3.11945e-01     0.000e+00
-5.10000e-01  2.10000e-01  3.11945e-01     0.000e+00
-4.08000e-01  2.10000e-01  3.11945e-01     0.000e+00
-3.06000e-01  2.10000e-01  3.11945e-01     0.000e+00
-2.04000e-01  2.10000e-01  3.11945e-01     0.000e+00
-1.02000e-01  2.10000e-01  3.11945e-01     0.000e+00
 0.00000e+00  2.10000e-01  3.11945e-01     0.000e+00
 1.02000e-01  2.10000e-01  3.11945e-01     0.000e+00
 2.04000e-01  2.10000e-01  3.11945e-01     0.000e+00
 3.06000e-01  2.10000e-01  3.11945e-01     0.000e+00
 4.08000e-01  2.10000e-01  3.11945e-01     0.000e+00
 5.10000e-01  2.10000e-01  3.11945e-01     0.000e+00
-5.10000e-01 -2.10000e-01  3.15573e-01     0.000e+00
-4.08000e-01 -2.10000e-01  3.15573e-01     0.000e+00
-3.06000e-01 -2.10000e-01  3.15573e-01     0.000e+00
-2.04000e-01 -2.10000e-01  3.15573e-01     0.000e+00
-1.02000e-01 -2.10000e-01  3.15573e-01     0.000e+00
 0.00000e+00 -2.10000e-01  3.15573e-01     0.000e+00
 1.02000e-01 -2.10000e-01  3.15573e-01     0.000e+00
 2.04000e-01 -2.10000e-01  3.15573e-01     0.000e+00
 3.06000e-01 -2.10000e-01  3.15573e-01     0.000e+00
 4.08000e-01 -2.10000e-01  3.15573e-01     0.000e+00
 5.10000e-01 -2.10000e-01  3.15573e-01     0.000e+00
-5.10000e-01 -1.68000e-01  3.15573e-01     0.000e+00
-4.08000e-01 -1.68000e-01  3.15573e-01     8.051e-04
-3.06000e-01 -1.68000e-01  3.15573e-01     8.051e-04
-2.04000e-01 -1.68000e-01  3.15573e-01     8.051e-04
-1.02000e-01 -1.68000e-01  3.15573e-01     8.051e-04
 0.00000e+00 -1.68000e-01  3.15573e-01     8.051e-04
 1.02000e-01 -1.68000e-01  3.15573e-01     8.051e-04
 2.04000e-01 -1.68000e-01  3.15573e-01     8.051e-04
 3.06000e-01 -1.68000e-01  3.15573e-01     8.051e-04
 4.08000e-01 -1.68000e-01  3.15573e-01     8.051e-04
 5.10000e-01 -1.68000e-01  3.15573e-01     0.000e+00
-5.10000e-01 -1.26000e-01  3.15573e-01     0.000e+00
-4.08000e-01 -1.26000e-01  3.15573e-01     8.097e-04
-3.06000e-01 -1.26000e-01  3.15573e-01     8.097e-04
-2.04000e-01 -1.26000e-01  3.15573e-01     8.097e-04
-1.02000e-01 -1.26000e-01  3.15573e-01     8.097e-04
 0.00000e+00 -1.26000e-01  3.15573e-01     8.097e-04
 1.02000e-01 -1.26000e-01  3.15573e-01     8.097e-04
 2.04000e-01 -1.26000e-01  3.15573e-01     8.097e-04
 3.06000e-01 -1.26000e-01  3.15573e-01     8.097e-04
 4.08000e-01 -1.26000e-01  3.15573e-01     8.097e-04
 5.10000e-01 -1.26000e-01  3.15573e-01     0.000e+00
-5.10000e-01 -8.40000e-02  3.15573e-01     0.000e+00
-4.08000e-01 -8.40000e-02  3.15573e-01     8.130e-04
-3.06000e-01 -8.40000e-02  3.15573e-01     8.130e-04
-2.04000e-01 -8.40000e-02  3.15573e-01     8.130e-04
-1.02000e-01 -8.40000e-02  3.15573e-01     8.130e-04
 0.00000e+00 -8.40000e-02  3.15573e-01     8.130e-04
 1.02000e-01 -8.40000e-02  3.15573e-01     8.130e-04
 2.04000e-01 -8.40000e-02  3.15573e-01     8.130e-04
 3.06000e-01 -8.40000e-02  3.15573e-01     8.130e-04
 4.08000e-01 -8.40000e-02  3.15573e-01     8.130e-04
 5.10000e-01 -8.40000e-02  3.15573e-01     0.000e+00
-5.10000e-01 -4.20000e-02  3.15573e-01     0.000e+00
-4.08000e-01 -4.20000e-02  3.15573e-01     8.149e-04
-3.06000e-01 -4.20000e-02  3.15573e-01     8.149e-04
-2.04000e-01 -4.20000e-02  3.15573e-01     8.149e-04
-1.02000e-01 -4.20000e-02  3.15573e-01     8.149e-04
 0.00000e+00 -4.20000e-02  3.15573e-01     8.149e-04
 1.02000e-01 -4.20000e-02  3.15573e-01     8.149e-04
 2.04000e-01 -4.20000e-02  3.15573e-01     8.149e-04
 3.06000e-01 -4.20000e-02  3.15573e-01     8.149e-04
 4.08000e-01 -4.20000e-02  3.15573e-01     8.149e-04
 5.10000e-01 -4.20000e-02  3.15573e-01     0.000e+00
-5.10000e-01  0.00000e+00  3.15573e-01     0.000e+00
-4.08000e-01  0.00000e+00  3.15573e-01     8.156e-04
-3.06000e-01  0.00000e+00  3.15573e-01     8.156e-04
-2.04000e-01  0.00000e+00  3.15573e-01     8.156e-04
-1.02000e-01  0.00000e+00  3.15573e-01     8.156e-04
 0.00000e+00  0.00000e+00  3.15573e-01     8.156e-04
 1.02000e-01  0.00000e+00  3.15573e-01     8.156e-04
 2.04000e-01  0.00000e+00  3.15573e-01     8.156e-04
 3.06000e-01  0.00000e+00  3.15573e-01     8.156e-04
 4.08000e-01  0.00000e+00  3.15573e-01     8.156e-04
 5.10000e-01  0.00000e+00  3.15573e-01     0.000e+00
-5.10000e-01  4.20000e-02  3.15573e-01     0.000e+00
-4.08000e-01  4.20000e-02  3.15573e-01     8.149e-04
-3.06000e-01  4.20000e-02  3.15573e-01     8.149e-04
-2.04000e-01  4.20000e-02  3.15573e-01     8.149e-04
-1.02000e-01  4.20000e-02  3.15573e-01     8.149e-04
 0.00000e+00  4.20000e-02  3.15573e-01     8.149e-04
 1.02000e-01  4.20000e-02  3.15573e-01     8.149e-04
 2.04000e-01  4.20000e-02  3.15573e-01     8.149e-04
 3.06000e-01  4.20000e-02  3.15573e-01     8.149e-04
 4.08000e-01  4.20000e-02  3.15573e-01     8.149e-04
 5.10000e-01  4.20000e-02  3.15573e-01     0.000e+00
-5.10000e-01  8.40000e-02  3.15573e-01     0.000e+00
-4.08000e-01  8.40000e-02  3.15573e-01     8.130e-04
-3.06000e-01  8.40000e-02  3.15573e-01     8.130e-04
-2.04000e-01  8.40000e-02  3.15573e-01     8.130e-04
-1.02000e-01  8.40000e-02  3.15573e-01     8.130e-04
 0.00000e+00  8.40000e-02  3.15573e-01     8.130e-04
 1.02000e-01  8.40000e-02  3.15573e-01     8.130e-04
 2.04000e-01  8.40000e-02  3.15573e-01     8.130e-04
 3.06000e-01  8.40000e-02  3.15573e-01     8.130e-04
 4.08000e-01  8.40000e-02  3.15573e-01     8.130e-04
 5.10000e-01  8.40000e-02  3.15573e-01     0.000e+00
-5.10000e-01  1.26000e-01  3.15573e-01     0.000e+00
-4.08000e-01  1.26000e-01  3.15573e-01     8.097e-04
-3.06000e-01  1.26000e-01  3.15573e-01     8.097e-04
-2.04000e-01  1.26000e-01  3.15573e-01     8.097e-04
-1.02000e-01  1.26000e-01  3.15573e-01     8.097e-04
 0.00000e+00  1.26000e-01  3.15573e-01     8.097e-04
 1.02000e-01  1.26000e-01  3.15573e-01     8.097e-04
 2.04000e-01  1.26000e-01  3.15573e-01     8.097e-04
 3.06000e-01  1.26000e-01  3.15573e-01     8.097e-04
 4.08000e-01  1.26000e-01  3.15573e-01     8.097e-04
 5.10000e-01  1.26000e-01  3.15573e-01     0.000e+00
-5.10000e-01  1.68000e-01  3.15573e-01     0.000e+00
-4.08000e-01  1.68000e-01  3.15573e-01     8.051e-04
-3.06000e-01  1.68000e-01  3.15573e-01     8.051e-04
-2.04000e-01  1.68000e-01  3.15573e-01     8.051e-04
-1.02000e-01  1.68000e-01  3.15573e-01     8.051e-04
 0.00000e+00  1.68000e-01  3.15573e-01     8.051e-04
 1.02000e-01  1.68000e-01  3.15573e-01     8.051e-04
 2.04000e-01  1.68000e-01  3.15573e-01     8.051e-04
 3.06000e-01  1.68000e-01  3.15573e-01     8.051e-04
 4.08000e-01  1.68000e-01  3.15573e-01     8.051e-04
 5.10000e-01  1.68000e-01  3.15573e-01     0.000e+00
-5.10000e-01  2.10000e-01  3.15573e-01     0.000e+00
-4.08000e-01  2.10000e-01  3.15573e-01     0.000e+00
-3.06000e-01  2.10000e-01  3.15573e-01     0.000e+00
-2.04000e-01  2.10000e-01  3.15573e-01     0.000e+00
-1.02000e-01  2.10000e-01  3.15573e-01     0.000e+00
 0.00000e+00  2.10000e-01  3.15573e-01     0.000e+00
 1.02000e-01  2.10000e-01  3.15573e-01     0.000e+00
 2.04000e-01  2.10000e-01  3.15573e-01     0.000e+00
 3.06000e-01  2.10000e-01  3.15573e-01     0.000e+00
 4.08000e-01  2.10000e-01  3.15573e-01     0.000e+00
 5.10000e-01  2.10000e-01  3.15573e-01     0.000e+00
-5.10000e-01 -2.10000e-01  3.19200e-01     0.000e+00
-4.08000e-01 -2.10000e-01  3.19200e-01     0.000e+00
-3.06000e-01 -2.10000e-01  3.19200e-01     0.000e+00
-2.04000e-01 -2.10000e-01  3.19200e-01     0.000e+00
-1.02000e-01 -2.10000e-01  3.19200e-01     0.000e+00
 0.00000e+00 -2.10000e-01  3.19200e-01     0.000e+00
 1.02000e-01 -2.10000e-01  3.19200e-01     0.000e+00
 2.04000e-01 -2.10000e-01  3.19200e-01     0.000e+00
 3.06000e-01 -2.10000e-01  3.19200e-01     0.000e+00
 4.08000e-01 -2.10000e-01  3.19200e-01     0.000e+00
 5.10000e-01 -2.10000e-01  3.19200e-01     0.000e+00
-5.10000e-01 -1.68000e-01  3.19200e-01     0.000e+00
-4.08000e-01 -1.68000e-01  3.19200e-01     7.937e-04
-3.06000e-01 -1.68000e-01  3.19200e-01     7.937e-04
-2.04000e-01 -1.68000e-01  3.19200e-01     7.937e-04
-1.02000e-01 -1.68000e-01  3.19200e-01     7.937e-04
 0.00000e+00 -1.68000e-01  3.19200e-01     7.937e-04
 1.02000e-01 -1.68000e-01  3.19200e-01     7.937e-04
 2.04000e-01 -1.68000e-01  3.19200e-01     7.937e-04
 3.06000e-01 -1.68000e-01  3.19200e-01     7.937e-04
 4.08000e-01 -1.68000e-01  3.19200e-01     7.937e-04
 5.10000e-01 -1.68000e-01  3.19200e-01     0.000e+00
-5.10000e-01 -1.26000e-01  3.19200e-01     0.000e+00
-4.08000e-01 -1.26000e-01  3.19200e-01     7.982e-04
-3.06000e-01 -1.26000e-01  3.19200e-01     7.982e-04
-2.04000e-01 -1.26000e-01  3.19200e-01     7.982e-04
-1.02000e-01 -1.26000e-01  3.19200e-01     7.982e-04
 0.00000e+00 -1.26000e-01  3.19200e-01     7.982e-04
 1.02000e-01 -1.26000e-01  3.19200e-01     7.982e-04
 2.04000e-01 -1.26000e-01  3.19200e-01     7.982e-04
 3.06000e-01 -1.26000e-01  3.19200e-01     7.982e-04
 4.08000e-01 -1.26000e-01  3.19200e-01     7.982e-04
 5.10000e-01 -1.26000e-01  3.19200e-01     0.000e+00
-5.10000e-01 -8.40000e-02  3.19200e-01     0.000e+00
-4.08000e-01 -8.40000e-02  3.19200e-01     8.014e-04
-3.06000e-01 -8.40000e-02  3.19200e-01     8.014e-04
-2.04000e-01 -8.40000e-02  3.19200e-01     8.014e-04
-1.02000e-01 -8.40000e-02  3.19200e-01     8.014e-04
 0.00000e+00 -8.40000e-02  3.19200e-01     8.014e-04
 1.02000e-01 -8.40000e-02  3.19200e-01     8.014e-04
 2.04000e-01 -8.40000e-02  3.19200e-01     8.014e-04
 3.06000e-01 -8.40000e-02  3.19200e-01     8.014e-04
 4.08000e-01 -8.40000e-02  3.19200e-01     8.014e-04
 5.10000e-01 -8.40000e-02  3.19200e-01     0.000e+00
-5.10000e-01 -4.20000e-02  3.19200e-01     0.000e+00
-4.08000e-01 -4.20000e-02  3.19200e-01     8.034e-04
-3.06000e-01 -4.20000e-02  3.19200e-01     8.034e-04
-2.04000e-01 -4.20000e-02  3.19200e-01     8.034e-04
-1.02000e-01 -4.20000e-02  3.19200e-01     8.034e-04
 0.00000e+00 -4.20000e-02  3.19200e-01     8.034e-04
 1.02000e-01 -4.20000e-02  3.19200e-01     8.034e-04
 2.04000e-01 -4.20000e-02  3.19200e-01     8.034e-04
 3.06000e-01 -4.20000e-02  3.19200e-01     8.034e-04
 4.08000e-01 -4.20000e-02  3.19200e-01     8.034e-04
 5.10000e-01 -4.20000e-02  3.19200e-01     0.000e+00
-5.10000e-01  0.00000e+00  3.19200e-01     0.000e+00
-4.08000e-01  0.00000e+00  3.19200e-01     8.040e-04
-3.06000e-01  0.00000e+00  3.19200e-01     8.040e-04
-2.04000e-01  0.00000e+00  3.19200e-01     8.040e-04
-1.02000e-01  0.00000e+00  3.19200e-01     8.040e-04
 0.00000e+00  0.00000e+00  3.19200e-01     8.040e-04
 1.02000e-01  0.00000e+00  3.19200e-01     8.040e-04
 2.04000e-01  0.00000e+00  3.19200e-01     8.040e-04
 3.06000e-01  0.00000e+00  3.19200e-01     8.040e-04
 4.08000e-01  0.00000e+00  3.19200e-01     8.040e-04
 5.10000e-01  0.00000e+00  3.19200e-01     0.000e+00
-5.10000e-01  4.20000e-02  3.19200e-01     0.000e+00
-4.08000e-01  4.20000e-02  3.19200e-01     8.034e-04
-3.06000e-01  4.20000e-02  3.19200e-01     8.034e-04
-2.04000e-01  4.20000e-02  3.19200e-01     8.034e-04
-1.02000e-01  4.20000e-02  3.19200e-01     8.034e-04
 0.00000e+00  4.20000e-02  3.19200e-01     8.034e-04
 1.02000e-01  4.20000e-02  3.19200e-01     8.034e-04
 2.04000e-01  4.20000e-02  3.19200e-01     8.034e-04
 3.06000e-01  4.20000e-02  3.19200e-01     8.034e-04
 4.08000e-01  4.20000e-02  3.19200e-01     8.034e-04
 5.10000e-01  4.20000e-02  3.19200e-01     0.000e+00
-5.10000e-01  8.40000e-02  3.19200e-01     0.000e+00
-4.08000e-01  8.40000e-02  3.19200e-01     8.014e-04
-3.06000e-01  8.40000e-02  3.19200e-01     8.014e-04
-2.04000e-01  8.40000e-02  3.19200e-01     8.014e-04
-1.02000e-01  8.40000e-02  3.19200e-01     8.014e-04
 0.00000e+00  8.40000e-02  3.19200e-01     8.014e-04
 1.02000e-01  8.40000e-02  3.19200e-01     8.014e-04
 2.04000e-01  8.40000e-02  3.19200e-01     8.014e-04
 3.06000e-01  8.40000e-02  3.19200e-01     8.014e-04
 4.08000e-01  8.40000e-02  3.19200e-01     8.014e-04
 5.10000e-01  8.40000e-02  3.19200e-01     0.000e+00
-5.10000e-01  1.26000e-01  3.19200e-01     0.000e+00
-4.08000e-01  1.26000e-01  3.19200e-01     7.982e-04
-3.06000e-01  1.26000e-01  3.19200e-01     7.982e-04
-2.04000e-01  1.26000e-01  3.19200e-01     7.982e-04
-1.02000e-01  1.26000e-01  3.19200e-01     7.982e-04
 0.00000e+00  1.26000e-01  3.19200e-01     7.982e-04
 1.02000e-01  1.26000e-01  3.19200e-01     7.982e-04
 2.04000e-01  1.26000e-01  3.19200e-01     7.982e-04
 3.06000e-01  1.26000e-01  3.19200e-01     7.982e-04
 4.08000e-01  1.26000e-01  3.19200e-01     7.982e-04
 5.10000e-01  1.26000e-01  3.19200e-01     0.000e+00
-5.10000e-01  1.68000e-01  3.19200e-01     0.000e+00
-4.08000e-01  1.68000e-01  3.19200e-01     7.937e-04
-3.06000e-01  1.68000e-01  3.19200e-01     7.937e-04
-2.04000e-01  1.68000e-01  3.19200e-01     7.937e-04
-1.02000e-01  1.68000e-01  3.19200e-01     7.937e-04
 0.00000e+00  1.68000e-01  3.19200e-01     7.937e-04
 1.02000e-01  1.68000e-01  3.19200e-01     7.937e-04
 2.04000e-01  1.68000e-01  3.19200e-01     7.937e-04
 3.06000e-01  1.68000e-01  3.19200e-01     7.937e-04
 4.08000e-01  1.68000e-01  3.19200e-01     7.937e-04
 5.10000e-01  1.68000e-01  3.19200e-01     0.000e+00
-5.10000e-01  2.10000e-01  3.19200e-01     0.000e+00
-4.08000e-01  2.10000e-01  3.19200e-01     0.000e+00
-3.06000e-01  2.10000e-01  3.19200e-01     0.000e+00
-2.04000e-01  2.10000e-01  3.19200e-01     0.000e+00
-1.02000e-01  2.10000e-01  3.19200e-01     0.000e+00
 0.00000e+00  2.10000e-01  3.19200e-01     0.000e+00
 1.02000e-01  2.10000e-01  3.19200e-01     0.000e+00
 2.04000e-01  2.10000e-01  3.19200e-01     0.000e+00
 3.06000e-01  2.10000e-01  3.19200e-01     0.000e+00
 4.08000e-01  2.10000e-01  3.19200e-01     0.000e+00
 5.10000e-01  2.10000e-01  3.19200e-01     0.000e+00
-5.10000e-01 -2.10000e-01  3.22827e-01     0.000e+00
-4.08000e-01 -2.10000e-01  3.22827e-01     0.000e+00
-3.06000e-01 -2.10000e-01  3.22827e-01     0.000e+00
-2.04000e-01 -2.10000e-01  3.22827e-01     0.000e+00
-1.02000e-01 -2.10000e-01  3.22827e-01     0.000e+00
 0.00000e+00 -2.10000e-01  3.22827e-01     0.000e+00
 1.02000e-01 -2.10000e-01  3.22827e-01     0.000e+00
 2.04000e-01 -2.10000e-01  3.22827e-01     0.000e+00
 3.06000e-01 -2.10000e-01  3.22827e-01     0.000e+00
 4.08000e-01 -2.10000e-01  3.22827e-01     0.000e+00
 5.10000e-01 -2.10000e-01  3.22827e-01     0.000e+00
-5.10000e-01 -1.68000e-01  3.22827e-01     0.000e+00
-4.08000e-01 -1.68000e-01  3.22827e-01     7.825e-04
-3.06000e-01 -1.68000e-01  3.22827e-01     7.825e-04
-2.04000e-01 -1.68000e-01  3.22827e-01     7.825e-04
-1.02000e-01 -1.68000e-01  3.22827e-01     7.825e-04
 0.00000e+00 -1.68000e-01  3.22827e-01     7.825e-04
 1.02000e-01 -1.68000e-01  3.22827e-01     7.825e-04
 2.04000e-01 -1.68000e-01  3.22827e-01     7.825e-04
 3.06000e-01 -1.68000e-01  3.22827e-01     7.825e-04
 4.08000e-01 -1.68000e-01  3.22827e-01     7.825e-04
 5.10000e-01 -1.68000e-01  3.22827e-01     0.000e+00
-5.10000e-01 -1.26000e-01  3.22827e-01     0.000e+00
-4.08000e-01 -1.26000e-01  3.22827e-01     7.870e-04
-3.06000e-01 -1.26000e-01  3.22827e-01     7.870e-04
-2.04000e-01 -1.26000e-01  3.22827e-01     7.870e-04
-1.02000e-01 -1.26000e-01  3.22827e-01     7.870e-04
 0.00000e+00 -1.26000e-01  3.22827e-01     7.870e-04
 1.02000e-01 -1.26000e-01  3.22827e-01     7.870e-04
 2.04000e-01 -1.26000e-01  3.22827e-01     7.870e-04
 3.06000e-01 -1.26000e-01  3.22827e-01     7.870e-04
 4.08000e-01 -1.26000e-01  3.22827e-01     7.870e-04
 5.10000e-01 -1.26000e-01  3.22827e-01     0.000e+00
-5.10000e-01 -8.40000e-02  3.22827e-01     0.000e+00
-4.08000e-01 -8.40000e-02  3.22827e-01     7.902e-04
-3.06000e-01 -8.40000e-02  3.22827e-01     7.902e-04
-2.04000e-01 -8.40000e-02  3.22827e-01     7.902e-04
-1.02000e-01 -8.40000e-02  3.22827e-01     7.902e-04
 0.00000e+00 -8.40000e-02  3.22827e-01     7.902e-04
 1.02000e-01 -8.40000e-02  3.22827e-01     7.902e-04
 2.04000e-01 -8.40000e-02  3.22827e-01     7.902e-04
 3.06000e-01 -8.40000e-02  3.22827e-01     7.902e-04
 4.08000e-01 -8.40000e-02  3.22827e-01     7.902e-04
 5.10000e-01 -8.40000e-02  3.22827e-01     0.000e+00
-5.10000e-01 -4.20000e-02  3.22827e-01     0.000e+00
-4.08000e-01 -4.20000e-02  3.22827e-01     7.921e-04
-3.06000e-01 -4.20000e-02  3.22827e-01     7.921e-04
-2.04000e-01 -4.20000e-02  3.22827e-01     7.921e-04
-1.02000e-01 -4.20000e-02  3.22827e-01     7.921e-04
 0.00000e+00 -4.20000e-02  3.22827e-01     7.921e-04
 1.02000e-01 -4.20000e-02  3.22827e-01     7.921e-04
 2.04000e-01 -4.20000e-02  3.22827e-01     7.921e-04
 3.06000e-01 -4.20000e-02  3.22827e-01     7.921e-04
 4.08000e-01 -4.20000e-02  3.22827e-01     7.921e-04
 5.10000e-01 -4.20000e-02  3.22827e-01     0.000e+00
-5.10000e-01  0.00000e+00  3.22827e-01     0.000e+00
-4.08000e-01  0.00000e+00  3.22827e-01     7.928e-04
-3.06000e-01  0.00000e+00  3.22827e-01     7.928e-04
-2.04000e-01  0.00000e+00  3.22827e-01     7.928e-04
-1.02000e-01  0.00000e+00  3.22827e-01     7.928e-04
 0.00000e+00  0.00000e+00  3.22827e-01     7.928e-04
 1.02000e-01  0.00000e+00  3.22827e-01     7.928e-04
 2.04000e-01  0.00000e+00  3.22827e-01     7.928e-04
 3.06000e-01  0.00000e+00  3.22827e-01     7.928e-04
 4.08000e-01  0.00000e+00  3.22827e-01     7.928e-04
 5.10000e-01  0.00000e+00  3.22827e-01     0.000e+00
-5.10000e-01  4.20000e-02  3.22827e-01     0.000e+00
-4.08000e-01  4.20000e-02  3.22827e-01     7.921e-04
-3.06000e-01  4.20000e-02  3.22827e-01     7.921e-04
-2.04000e-01  4.20000e-02  3.22827e-01     7.921e-04
-1.02000e-01  4.20000e-02  3.22827e-01     7.921e-04
 0.00000e+00  4.20000e-02  3.22827e-01     7.921e-04
 1.02000e-01  4.20000e-02  3.22827e-01     7.921e-04
 2.04000e-01  4.20000e-02  3.22827e-01     7.921e-04
 3.06000e-01  4.20000e-02  3.22827e-01     7.921e-04
 4.08000e-01  4.20000e-02  3.22827e-01     7.921e-04
 5.10000e-01  4.20000e-02  3.22827e-01     0.000e+00
-5.10000e-01  8.40000e-02  3.22827e-01     0.000e+00
-4.08000e-01  8.40000e-02  3.22827e-01     7.902e-04
-3.06000e-01  8.40000e-02  3.22827e-01     7.902e-04
-2.04000e-01  8.40000e-02  3.22827e-01     7.902e-04
-1.02000e-01  8.40000e-02  3.22827e-01     7.902e-04
 0.00000e+00  8.40000e-02  3.22827e-01     7.902e-04
 1.02000e-01  8.40000e-02  3.22827e-01     7.902e-04
 2.04000e-01  8.40000e-02  3.22827e-01     7.902e-04
 3.06000e-01  8.40000e-02  3.22827e-01     7.902e-04
 4.08000e-01  8.40000e-02  3.22827e-01     7.902e-04
 5.10000e-01  8.40000e-02  3.22827e-01     0.000e+00
-5.10000e-01  1.26000e-01  3.22827e-01     0.000e+00
-4.08000e-01  1.26000e-01  3.22827e-01     7.870e-04
-3.06000e-01  1.26000e-01  3.22827e-01     7.870e-04
-2.04000e-01  1.26000e-01  3.22827e-01     7.870e-04
-1.02000e-01  1.26000e-01  3.22827e-01     7.870e-04
 0.00000e+00  1.26000e-01  3.22827e-01     7.870e-04
 1.02000e-01  1.26000e-01  3.22827e-01     7.870e-04
 2.04000e-01  1.26000e-01  3.22827e-01     7.870e-04
 3.06000e-01  1.26000e-01  3.22827e-01     7.870e-04
 4.08000e-01  1.26000e-01  3.22827e-01     7.870e-04
 5.10000e-01  1.26000e-01  3.22827e-01     0.000e+00
-5.10000e-01  1.68000e-01  3.22827e-01     0.000e+00
-4.08000e-01  1.68000e-01  3.22827e-01     7.825e-04
-3.06000e-01  1.68000e-01  3.22827e-01     7.825e-04
-2.04000e-01  1.68000e-01  3.22827e-01     7.825e-04
-1.02000e-01  1.68000e-01  3.22827e-01     7.825e-04
 0.00000e+00  1.68000e-01  3.22827e-01     7.825e-04
 1.02000e-01  1.68000e-01  3.22827e-01     7.825e-04
 2.04000e-01  1.68000e-01  3.22827e-01     7.825e-04
 3.06000e-01  1.68000e-01  3.22827e-01     7.825e-04
 4.08000e-01  1.68000e-01  3.22827e-01     7.825e-04
 5.10000e-01  1.68000e-01  3.22827e-01     0.000e+00
-5.10000e-01  2.10000e-01  3.22827e-01     0.000e+00
-4.08000e-01  2.10000e-01  3.22827e-01     0.000e+00
-3.06000e-01  2.10000e-01  3.22827e-01     0.000e+00
-2.04000e-01  2.10000e-01  3.22827e-01     0.000e+00
-1.02000e-01  2.10000e-01  3.22827e-01     0.000e+00
 0.00000e+00  2.10000e-01  3.22827e-01     0.000e+00
 1.02000e-01  2.10000e-01  3.22827e-01     0.000e+00
 2.04000e-01  2.10000e-01  3.22827e-01     0.000e+00
 3.06000e-01  2.10000e-01  3.22827e-01     0.000e+00
 4.08000e-01  2.10000e-01  3.22827e-01     0.000e+00
 5.10000e-01  2.10000e-01  3.22827e-01     0.000e+00
-5.10000e-01 -2.10000e-01  3.26455e-01     0.000e+00
-4.08000e-01 -2.10000e-01  3.26455e-01     0.000e+00
-3.06000e-01 -2.10000e-01  3.26455e-01     0.000e+00
-2.04000e-01 -2.10000e-01  3.26455e-01     0.000e+00
-1.02000e-01 -2.10000e-01  3.26455e-01     0.000e+00
 0.00000e+00 -2.10000e-01  3.26455e-01     0.000e+00
 1.02000e-01 -2.10000e-01  3.26455e-01     0.000e+00
 2.04000e-01 -2.10000e-01  3.26455e-01     0.000e+00
 3.06000e-01 -2.10000e-01  3.26455e-01     0.000e+00
 4.08000e-01 -2.10000e-01  3.26455e-01     0.000e+00
 5.10000e-01 -2.10000e-01  3.26455e-01     0.000e+00
-5.10000e-01 -1.68000e-01  3.26455e-01     0.000e+00
-4.08000e-01 -1.68000e-01  3.26455e-01     7.716e-04
-3.06000e-01 -1.68000e-01  3.26455e-01     7.716e-04
-2.04000e-01 -1.68000e-01  3.26455e-01     7.716e-04
-1.02000e-01 -1.68000e-01  3.26455e-01     7.716e-04
 0.00000e+00 -1.68000e-01  3.26455e-01     7.716e-04
 1.02000e-01 -1.68000e-01  3.26455e-01     7.716e-04
 2.04000e-01 -1.68000e-01  3.26455e-01     7.716e-04
 3.06000e-01 -1.68000e-01  3.26455e-01     7.716e-04
 4.08000e-01 -1.68000e-01  3.26455e-01     7.716e-04
 5.10000e-01 -1.68000e-01  3.26455e-01     0.000e+00
-5.10000e-01 -1.26000e-01  3.26455e-01     0.000e+00
-4.08000e-01 -1.26000e-01  3.26455e-01     7.760e-04
-3.06000e-01 -1.26000e-01  3.26455e-01     7.760e-04
-2.04000e-01 -1.26000e-01  3.26455e-01     7.760e-04
-1.02000e-01 -1.26000e-01  3.26455e-01     7.760e-04
 0.00000e+00 -1.26000e-01  3.26455e-01     7.760e-04
 1.02000e-01 -1.26000e-01  3.26455e-01     7.760e-04
 2.04000e-01 -1.26000e-01  3.26455e-01     7.760e-04
 3.06000e-01 -1.26000e-01  3.26455e-01     7.760e-04
 4.08000e-01 -1.26000e-01  3.26455e-01     7.760e-04
 5.10000e-01 -1.26000e-01  3.26455e-01     0.000e+00
-5.10000e-01 -8.40000e-02  3.26455e-01     0.000e+00
-4.08000e-01 -8.40000e-02  3.26455e-01     7.792e-04
-3.06000e-01 -8.40000e-02  3.26455e-01     7.792e-04
-2.04000e-01 -8.40000e-02  3.26455e-01     7.792e-04
-1.02000e-01 -8.40000e-02  3.26455e-01     7.792e-04
 0.00000e+00 -8.40000e-02  3.26455e-01     7.792e-04
 1.02000e-01 -8.40000e-02  3.26455e-01     7.792e-04
 2.04000e-01 -8.40000e-02  3.26455e-01     7.792e-04
 3.06000e-01 -8.40000e-02  3.26455e-01     7.792e-04
 4.08000e-01 -8.40000e-02  3.26455e-01     7.792e-04
 5.10000e-01 -8.40000e-02  3.26455e-01     0.000e+00
-5.10000e-01 -4.20000e-02  3.26455e-01     0.000e+00
-4.08000e-01 -4.20000e-02  3.26455e-01     7.811e-04
-3.06000e-01 -4.20000e-02  3.26455e-01     7.811e-04
-2.04000e-01 -4.20000e-02  3.26455e-01     7.811e-04
-1.02000e-01 -4.20000e-02  3.26455e-01     7.811e-04
 0.00000e+00 -4.20000e-02  3.26455e-01     7.811e-04
 1.02000e-01 -4.20000e-02  3.26455e-01     7.811e-04
 2.04000e-01 -4.20000e-02  3.26455e-01     7.811e-04
 3.06000e-01 -4.20000e-02  3.26455e-01     7.811e-04
 4.08000e-01 -4.20000e-02  3.26455e-01     7.811e-04
 5.10000e-01 -4.20000e-02  3.26455e-01     0.000e+00
-5.10000e-01  0.00000e+00  3.26455e-01     0.000e+00
-4.08000e-01  0.00000e+00  3.26455e-01     7.817e-04
-3.06000e-01  0.00000e+00  3.26455e-01     7.817e-04
-2.04000e-01  0.00000e+00  3.26455e-01     7.817e-04
-1.02000e-01  0.00000e+00  3.26455e-01     7.817e-04
 0.00000e+00  0.00000e+00  3.26455e-01     7.817e-04
 1.02000e-01  0.00000e+00  3.26455e-01     7.817e-04
 2.04000e-01  0.00000e+00  3.26455e-01     7.817e-04
 3.06000e-01  0.00000e+00  3.26455e-01     7.817e-04
 4.08000e-01  0.00000e+00  3.26455e-01     7.817e-04
 5.10000e-01  0.00000e+00  3.26455e-01     0.000e+00
-5.10000e-01  4.20000e-02  3.26455e-01     0.000e+00
-4.08000e-01  4.20000e-02  3.26455e-01     7.811e-04
-3.06000e-01  4.20000e-02  3.26455e-01     7.811e-04
-2.04000e-01  4.20000e-02  3.26455e-01     7.811e-04
-1.02000e-01  4.20000e-02  3.26455e-01     7.811e-04
 0.00000e+00  4.20000e-02  3.26455e-01     7.811e-04
 1.02000e-01  4.20000e-02  3.26455e-01     7.811e-04
 2.04000e-01  4.20000e-02  3.26455e-01     7.811e-04
 3.06000e-01  4.20000e-02  3.26455e-01     7.811e-04
 4.08000e-01  4.20000e-02  3.26455e-01     7.811e-04
 5.10000e-01  4.20000e-02  3.26455e-01     0.000e+00
-5.10000e-01  8.40000e-02  3.26455e-01     0.000e+00
-4.08000e-01  8.40000e-02  3.26455e-01     7.792e-04
-3.06000e-01  8.40000e-02  3.26455e-01     7.792e-04
-2.04000e-01  8.40000e-02  3.26455e-01     7.792e-04
-1.02000e-01  8.40000e-02  3.26455e-01     7.792e-04
 0.00000e+00  8.40000e-02  3.26455e-01     7.792e-04
 1.02000e-01  8.40000e-02  3.26455e-01     7.792e-04
 2.04000e-01  8.40000e-02  3.26455e-01     7.792e-04
 3.06000e-01  8.40000e-02  3.26455e-01     7.792e-04
 4.08000e-01  8.40000e-02  3.26455e-01     7.792e-04
 5.10000e-01  8.40000e-02  3.26455e-01     0.000e+00
-5.10000e-01  1.26000e-01  3.26455e-01     0.000e+00
-4.08000e-01  1.26000e-01  3.26455e-01     7.760e-04
-3.06000e-01  1.26000e-01  3.26455e-01     7.760e-04
-2.04000e-01  1.26000e-01  3.26455e-01     7.760e-04
-1.02000e-01  1.26000e-01  3.26455e-01     7.760e-04
 0.00000e+00  1.26000e-01  3.26455e-01     7.760e-04
 1.02000e-01  1.26000e-01  3.26455e-01     7.760e-04
 2.04000e-01  1.26000e-01  3.26455e-01     7.760e-04
 3.06000e-01  1.26000e-01  3.26455e-01     7.760e-04
 4.08000e-01  1.26000e-01  3.26455e-01     7.760e-04
 5.10000e-01  1.26000e-01  3.26455e-01     0.000e+00
-5.10000e-01  1.68000e-01  3.26455e-01     0.000e+00
-4.08000e-01  1.68000e-01  3.26455e-01     7.716e-04
-3.06000e-01  1.68000e-01  3.26455e-01     7.716e-04
-2.04000e-01  1.68000e-01  3.26455e-01     7.716e-04
-1.02000e-01  1.68000e-01  3.26455e-01     7.716e-04
 0.00000e+00  1.68000e-01  3.26455e-01     7.716e-04
 1.02000e-01  1.68000e-01  3.26455e-01     7.716e-04
 2.04000e-01  1.68000e-01  3.26455e-01     7.716e-04
 3.06000e-01  1.68000e-01  3.26455e-01     7.716e-04
 4.08000e-01  1.68000e-01  3.26455e-01     7.716e-04
 5.10000e-01  1.68000e-01  3.26455e-01     0.000e+00
-5.10000e-01  2.10000e-01  3.26455e-01     0.000e+00
-4.08000e-01  2.10000e-01  3.26455e-01     0.000e+00
-3.06000e-01  2.10000e-01  3.26455e-01     0.000e+00
-2.04000e-01  2.10000e-01  3.26455e-01     0.000e+00
-1.02000e-01  2.10000e-01  3.26455e-01     0.000e+00
 0.00000e+00  2.10000e-01  3.26455e-01     0.000e+00
 1.02000e-01  2.10000e-01  3.26455e-01     0.000e+00
 2.04000e-01  2.10000e-01  3.26455e-01     0.000e+00
 3.06000e-01  2.10000e-01  3.26455e-01     0.000e+00
 4.08000e-01  2.10000e-01  3.26455e-01     0.000e+00
 5.10000e-01  2.10000e-01  3.26455e-01     0.000e+00
-5.10000e-01 -2.10000e-01  3.30082e-01     0.000e+00
-4.08000e-01 -2.10000e-01  3.30082e-01     0.000e+00
-3.06000e-01 -2.10000e-01  3.30082e-01     0.000e+00
-2.04000e-01 -2.10000e-01  3.30082e-01     0.000e+00
-1.02000e-01 -2.10000e-01  3.30082e-01     0.000e+00
 0.00000e+00 -2.10000e-01  3.30082e-01     0.000e+00
 1.02000e-01 -2.10000e-01  3.30082e-01     0.000e+00
 2.04000e-01 -2.10000e-01  3.30082e-01     0.000e+00
 3.06000e-01 -2.10000e-01  3.30082e-01     0.000e+00
 4.08000e-01 -2.10000e-01  3.30082e-01     0.000e+00
 5.10000e-01 -2.10000e-01  3.30082e-01     0.000e+00
-5.10000e-01 -1.68000e-01  3.30082e-01     0.000e+00
-4.08000e-01 -1.68000e-01  3.30082e-01     7.609e-04
-3.06000e-01 -1.68000e-01  3.30082e-01     7.609e-04
-2.04000e-01 -1.68000e-01  3.30082e-01     7.609e-04
-1.02000e-01 -1.68000e-01  3.30082e-01     7.609e-04
 0.00000e+00 -1.68000e-01  3.30082e-01     7.609e-04
 1.02000e-01 -1.68000e-01  3.30082e-01     7.609e-04
 2.04000e-01 -1.68000e-01  3.30082e-01     7.609e-04
 3.06000e-01 -1.68000e-01  3.30082e-01     7.609e-04
 4.08000e-01 -1.68000e-01  3.30082e-01     7.609e-04
 5.10000e-01 -1.68000e-01  3.30082e-01     0.000e+00
-5.10000e-01 -1.26000e-01  3.30082e-01     0.000e+00
-4.08000e-01 -1.26000e-01  3.30082e-01     7.653e-04
-3.06000e-01 -1.26000e-01  3.30082e-01     7.653e-04
-2.04000e-01 -1.26000e-01  3.30082e-01     7.653e-04
-1.02000e-01 -1.26000e-01  3.30082e-01     7.653e-04
 0.00000e+00 -1.26000e-01  3.30082e-01     7.653e-04
 1.02000e-01 -1.26000e-01  3.30082e-01     7.653e-04
 2.04000e-01 -1.26000e-01  3.30082e-01     7.653e-04
 3.06000e-01 -1.26000e-01  3.30082e-01     7.653e-04
 4.08000e-01 -1.26000e-01  3.30082e-01     7.653e-04
 5.10000e-01 -1.26000e-01  3.30082e-01     0.000e+00
-5.10000e-01 -8.40000e-02  3.30082e-01     0.000e+00
-4.08000e-01 -8.40000e-02  3.30082e-01     7.684e-04
-3.06000e-01 -8.40000e-02  3.30082e-01     7.684e-04
-2.04000e-01 -8.40000e-02  3.30082e-01     7.684e-04
-1.02000e-01 -8.40000e-02  3.30082e-01     7.684e-04
 0.00000e+00 -8.40000e-02  3.30082e-01     7.684e-04
 1.02000e-01 -8.40000e-02  3.30082e-01     7.684e-04
 2.04000e-01 -8.40000e-02  3.30082e-01     7.684e-04
 3.06000e-01 -8.40000e-02  3.30082e-01     7.684e-04
 4.08000e-01 -8.40000e-02  3.30082e-01     7.684e-04
 5.10000e-01 -8.40000e-02  3.30082e-01     0.000e+00
-5.10000e-01 -4.20000e-02  3.30082e-01     0.000e+00
-4.08000e-01 -4.20000e-02  3.30082e-01     7.703e-04
-3.06000e-01 -4.20000e-02  3.30082e-01     7.703e-04
-2.04000e-01 -4.20000e-02  3.30082e-01     7.703e-04
-1.02000e-01 -4.20000e-02  3.30082e-01     7.703e-04
 0.00000e+00 -4.20000e-02  3.30082e-01     7.703e-04
 1.02000e-01 -4.20000e-02  3.30082e-01     7.703e-04
 2.04000e-01 -4.20000e-02  3.30082e-01     7.703e-04
 3.06000e-01 -4.20000e-02  3.30082e-01     7.703e-04
 4.08000e-01 -4.20000e-02  3.30082e-01     7.703e-04
 5.10000e-01 -4.20000e-02  3.30082e-01     0.000e+00
-5.10000e-01  0.00000e+00  3.30082e-01     0.000e+00
-4.08000e-01  0.00000e+00  3.30082e-01     7.709e-04
-3.06000e-01  0.00000e+00  3.30082e-01     7.709e-04
-2.04000e-01  0.00000e+00  3.30082e-01     7.709e-04
-1.02000e-01  0.00000e+00  3.30082e-01     7.709e-04
 0.00000e+00  0.00000e+00  3.30082e-01     7.709e-04
 1.02000e-01  0.00000e+00  3.30082e-01     7.709e-04
 2.04000e-01  0.00000e+00  3.30082e-01     7.709e-04
 3.06000e-01  0.00000e+00  3.30082e-01     7.709e-04
 4.08000e-01  0.00000e+00  3.30082e-01     7.709e-04
 5.10000e-01  0.00000e+00  3.30082e-01     0.000e+00
-5.10000e-01  4.20000e-02  3.30082e-01     0.000e+00
-4.08000e-01  4.20000e-02  3.30082e-01     7.703e-04
-3.06000e-01  4.20000e-02  3.30082e-01     7.703e-04
-2.04000e-01  4.20000e-02  3.30082e-01     7.703e-04
-1.02000e-01  4.20000e-02  3.30082e-01     7.703e-04
 0.00000e+00  4.20000e-02  3.30082e-01     7.703e-04
 1.02000e-01  4.20000e-02  3.30082e-01     7.703e-04
 2.04000e-01  4.20000e-02  3.30082e-01     7.703e-04
 3.06000e-01  4.20000e-02  3.30082e-01     7.703e-04
 4.08000e-01  4.20000e-02  3.30082e-01     7.703e-04
 5.10000e-01  4.20000e-02  3.30082e-01     0.000e+00
-5.10000e-01  8.40000e-02  3.30082e-01     0.000e+00
-4.08000e-01  8.40000e-02  3.30082e-01     7.684e-04
-3.06000e-01  8.40000e-02  3.30082e-01     7.684e-04
-2.04000e-01  8.40000e-02  3.30082e-01     7.684e-04
-1.02000e-01  8.40000e-02  3.30082e-01     7.684e-04
 0.00000e+00  8.40000e-02  3.30082e-01     7.684e-04
 1.02000e-01  8.40000e-02  3.30082e-01     7.684e-04
 2.04000e-01  8.40000e-02  3.30082e-01     7.684e-04
 3.06000e-01  8.40000e-02  3.30082e-01     7.684e-04
 4.08000e-01  8.40000e-02  3.30082e-01     7.684e-04
 5.10000e-01  8.40000e-02  3.30082e-01     0.000e+00
-5.10000e-01  1.26000e-01  3.30082e-01     0.000e+00
-4.08000e-01  1.26000e-01  3.30082e-01     7.653e-04
-3.06000e-01  1.26000e-01  3.30082e-01     7.653e-04
-2.04000e-01  1.26000e-01  3.30082e-01     7.653e-04
-1.02000e-01  1.26000e-01  3.30082e-01     7.653e-04
 0.00000e+00  1.26000e-01  3.30082e-01     7.653e-04
 1.02000e-01  1.26000e-01  3.30082e-01     7.653e-04
 2.04000e-01  1.26000e-01  3.30082e-01     7.653e-04
 3.06000e-01  1.26000e-01  3.30082e-01     7.653e-04
 4.08000e-01  1.26000e-01  3.30082e-01     7.653e-04
 5.10000e-01  1.26000e-01  3.30082e-01     0.000e+00
-5.10000e-01  1.68000e-01  3.30082e-01     0.000e+00
-4.08000e-01  1.68000e-01  3.30082e-01     7.609e-04
-3.06000e-01  1.68000e-01  3.30082e-01     7.609e-04
-2.04000e-01  1.68000e-01  3.30082e-01     7.609e-04
-1.02000e-01  1.68000e-01  3.30082e-01     7.609e-04
 0.00000e+00  1.68000e-01  3.30082e-01     7.609e-04
 1.02000e-01  1.68000e-01  3.30082e-01     7.609e-04
 2.04000e-01  1.68000e-01  3.30082e-01     7.609e-04
 3.06000e-01  1.68000e-01  3.30082e-01     7.609e-04
 4.08000e-01  1.68000e-01  3.30082e-01     7.609e-04
 5.10000e-01  1.68000e-01  3.30082e-01     0.000e+00
-5.10000e-01  2.10000e-01  3.30082e-01     0.000e+00
-4.08000e-01  2.10000e-01  3.30082e-01     0.000e+00
-3.06000e-01  2.10000e-01  3.30082e-01     0.000e+00
-2.04000e-01  2.10000e-01  3.30082e-01     0.000e+00
-1.02000e-01  2.10000e-01  3.30082e-01     0.000e+00
 0.00000e+00  2.10000e-01  3.30082e-01     0.000e+00
 1.02000e-01  2.10000e-01  3.30082e-01     0.000e+00
 2.04000e-01  2.10000e-01  3.30082e-01     0.000e+00
 3.06000e-01  2.10000e-01  3.30082e-01     0.000e+00
 4.08000e-01  2.10000e-01  3.30082e-01     0.000e+00
 5.10000e-01  2.10000e-01  3.30082e-01     0.000e+00
-5.10000e-01 -2.10000e-01  3.33709e-01     0.000e+00
-4.08000e-01 -2.10000e-01  3.33709e-01     0.000e+00
-3.06000e-01 -2.10000e-01  3.33709e-01     0.000e+00
-2.04000e-01 -2.10000e-01  3.33709e-01     0.000e+00
-1.02000e-01 -2.10000e-01  3.33709e-01     0.000e+00
 0.00000e+00 -2.10000e-01  3.33709e-01     0.000e+00
 1.02000e-01 -2.10000e-01  3.33709e-01     0.000e+00
 2.04000e-01 -2.10000e-01  3.33709e-01     0.000e+00
 3.06000e-01 -2.10000e-01  3.33709e-01     0.000e+00
 4.08000e-01 -2.10000e-01  3.33709e-01     0.000e+00
 5.10000e-01 -2.10000e-01  3.33709e-01     0.000e+00
-5.10000e-01 -1.68000e-01  3.33709e-01     0.000e+00
-4.08000e-01 -1.68000e-01  3.33709e-01     7.505e-04
-3.06000e-01 -1.68000e-01  3.33709e-01     7.505e-04
-2.04000e-01 -1.68000e-01  3.33709e-01     7.505e-04
-1.02000e-01 -1.68000e-01  3.33709e-01     7.505e-04
 0.00000e+00 -1.68000e-01  3.33709e-01     7.505e-04
 1.02000e-01 -1.68000e-01  3.33709e-01     7.505e-04
 2.04000e-01 -1.68000e-01  3.33709e-01     7.505e-04
 3.06000e-01 -1.68000e-01  3.33709e-01     7.505e-04
 4.08000e-01 -1.68000e-01  3.33709e-01     7.505e-04
 5.10000e-01 -1.68000e-01  3.33709e-01     0.000e+00
-5.10000e-01 -1.26000e-01  3.33709e-01     0.000e+00
-4.08000e-01 -1.26000e-01  3.33709e-01     7.548e-04
-3.06000e-01 -1.26000e-01  3.33709e-01     7.548e-04
-2.04000e-01 -1.26000e-01  3.33709e-01     7.548e-04
-1.02000e-01 -1.26000e-01  3.33709e-01     7.548e-04
 0.00000e+00 -1.26000e-01  3.33709e-01     7.548e-04
 1.02000e-01 -1.26000e-01  3.33709e-01     7.548e-04
 2.04000e-01 -1.26000e-01  3.33709e-01     7.548e-04
 3.06000e-01 -1.26000e-01  3.33709e-01     7.548e-04
 4.08000e-01 -1.26000e-01  3.33709e-01     7.548e-04
 5.10000e-01 -1.26000e-01  3.33709e-01     0.000e+00
-5.10000e-01 -8.40000e-02  3.33709e-01     0.000e+00
-4.08000e-01 -8.40000e-02  3.33709e-01     7.579e-04
-3.06000e-01 -8.40000e-02  3.33709e-01     7.579e-04
-2.04000e-01 -8.40000e-02  3.33709e-01     7.579e-04
-1.02000e-01 -8.40000e-02  3.33709e-01     7.579e-04
 0.00000e+00 -8.40000e-02  3.33709e-01     7.579e-04
 1.02000e-01 -8.40000e-02  3.33709e-01     7.579e-04
 2.04000e-01 -8.40000e-02  3.33709e-01     7.579e-04
 3.06000e-01 -8.40000e-02  3.33709e-01     7.579e-04
 4.08000e-01 -8.40000e-02  3.33709e-01     7.579e-04
 5.10000e-01 -8.40000e-02  3.33709e-01     0.000e+00
-5.10000e-01 -4.20000e-02  3.33709e-01     0.000e+00
-4.08000e-01 -4.20000e-02  3.33709e-01     7.598e-04
-3.06000e-01 -4.20000e-02  3.33709e-01     7.598e-04
-2.04000e-01 -4.20000e-02  3.33709e-01     7.598e-04
-1.02000e-01 -4.20000e-02  3.33709e-01     7.598e-04
 0.00000e+00 -4.20000e-02  3.33709e-01     7.598e-04
 1.02000e-01 -4.20000e-02  3.33709e-01     7.598e-04
 2.04000e-01 -4.20000e-02  3.33709e-01     7.598e-04
 3.06000e-01 -4.20000e-02  3.33709e-01     7.598e-04
 4.08000e-01 -4.20000e-02  3.33709e-01     7.598e-04
 5.10000e-01 -4.20000e-02  3.33709e-01     0.000e+00
-5.10000e-01  0.00000e+00  3.33709e-01     0.000e+00
-4.08000e-01  0.00000e+00  3.33709e-01     7.604e-04
-3.06000e-01  0.00000e+00  3.33709e-01     7.604e-04
-2.04000e-01  0.00000e+00  3.33709e-01     7.604e-04
-1.02000e-01  0.00000e+00  3.33709e-01     7.604e-04
 0.00000e+00  0.00000e+00  3.33709e-01     7.604e-04
 1.02000e-01  0.00000e+00  3.33709e-01     7.604e-04
 2.04000e-01  0.00000e+00  3.33709e-01     7.604e-04
 3.06000e-01  0.00000e+00  3.33709e-01     7.604e-04
 4.08000e-01  0.00000e+00  3.33709e-01     7.604e-04
 5.10000e-01  0.00000e+00  3.33709e-01     0.000e+00
-5.10000e-01  4.20000e-02  3.33709e-01     0.000e+00
-4.08000e-01  4.20000e-02  3.33709e-01     7.598e-04
-3.06000e-01  4.20000e-02  3.33709e-01     7.598e-04
-2.04000e-01  4.20000e-02  3.33709e-01     7.598e-04
-1.02000e-01  4.20000e-02  3.33709e-01     7.598e-04
 0.00000e+00  4.20000e-02  3.33709e-01     7.598e-04
 1.02000e-01  4.20000e-02  3.33709e-01     7.598e-04
 2.04000e-01  4.20000e-02  3.33709e-01     7.598e-04
 3.06000e-01  4.20000e-02  3.33709e-01     7.598e-04
 4.08000e-01  4.20000e-02  3.33709e-01     7.598e-04
 5.10000e-01  4.20000e-02  3.33709e-01     0.000e+00
-5.10000e-01  8.40000e-02  3.33709e-01     0.000e+00
-4.08000e-01  8.40000e-02  3.33709e-01     7.579e-04
-3.06000e-01  8.40000e-02  3.33709e-01     7.579e-04
-2.04000e-01  8.40000e-02  3.33709e-01     7.579e-04
-1.02000e-01  8.40000e-02  3.33709e-01     7.579e-04
 0.00000e+00  8.40000e-02  3.33709e-01     7.579e-04
 1.02000e-01  8.40000e-02  3.33709e-01     7.579e-04
 2.04000e-01  8.40000e-02  3.33709e-01     7.579e-04
 3.06000e-01  8.40000e-02  3.33709e-01     7.579e-04
 4.08000e-01  8.40000e-02  3.33709e-01     7.579e-04
 5.10000e-01  8.40000e-02  3.33709e-01     0.000e+00
-5.10000e-01  1.26000e-01  3.33709e-01     0.000e+00
-4.08000e-01  1.26000e-01  3.33709e-01     7.548e-04
-3.06000e-01  1.26000e-01  3.33709e-01     7.548e-04
-2.04000e-01  1.26000e-01  3.33709e-01     7.548e-04
-1.02000e-01  1.26000e-01  3.33709e-01     7.548e-04
 0.00000e+00  1.26000e-01  3.33709e-01     7.548e-04
 1.02000e-01  1.26000e-01  3.33709e-01     7.548e-04
 2.04000e-01  1.26000e-01  3.33709e-01     7.548e-04
 3.06000e-01  1.26000e-01  3.33709e-01     7.548e-04
 4.08000e-01  1.26000e-01  3.33709e-01     7.548e-04
 5.10000e-01  1.26000e-01  3.33709e-01     0.000e+00
-5.10000e-01  1.68000e-01  3.33709e-01     0.000e+00
-4.08000e-01  1.68000e-01  3.33709e-01     7.505e-04
-3.06000e-01  1.68000e-01  3.33709e-01     7.505e-04
-2.04000e-01  1.68000e-01  3.33709e-01     7.505e-04
-1.02000e-01  1.68000e-01  3.33709e-01     7.505e-04
 0.00000e+00  1.68000e-01  3.33709e-01     7.505e-04
 1.02000e-01  1.68000e-01  3.33709e-01     7.505e-04
 2.04000e-01  1.68000e-01  3.33709e-01     7.505e-04
 3.06000e-01  1.68000e-01  3.33709e-01     7.505e-04
 4.08000e-01  1.68000e-01  3.33709e-01     7.505e-04
 5.10000e-01  1.68000e-01  3.33709e-01     0.000e+00
-5.10000e-01  2.10000e-01  3.33709e-01     0.000e+00
-4.08000e-01  2.10000e-01  3.33709e-01     0.000e+00
-3.06000e-01  2.10000e-01  3.33709e-01     0.000e+00
-2.04000e-01  2.10000e-01  3.33709e-01     0.000e+00
-1.02000e-01  2.10000e-01  3.33709e-01     0.000e+00
 0.00000e+00  2.10000e-01  3.33709e-01     0.000e+00
 1.02000e-01  2.10000e-01  3.33709e-01     0.000e+00
 2.04000e-01  2.10000e-01  3.33709e-01     0.000e+00
 3.06000e-01  2.10000e-01  3.33709e-01     0.000e+00
 4.08000e-01  2.10000e-01  3.33709e-01     0.000e+00
 5.10000e-01  2.10000e-01  3.33709e-01     0.000e+00
-5.10000e-01 -2.10000e-01  3.37336e-01     0.000e+00
-4.08000e-01 -2.10000e-01  3.37336e-01     0.000e+00
-3.06000e-01 -2.10000e-01  3.37336e-01     0.000e+00
-2.04000e-01 -2.10000e-01  3.37336e-01     0.000e+00
-1.02000e-01 -2.10000e-01  3.37336e-01     0.000e+00
 0.00000e+00 -2.10000e-01  3.37336e-01     0.000e+00
 1.02000e-01 -2.10000e-01  3.37336e-01     0.000e+00
 2.04000e-01 -2.10000e-01  3.37336e-01     0.000e+00
 3.06000e-01 -2.10000e-01  3.37336e-01     0.000e+00
 4.08000e-01 -2.10000e-01  3.37336e-01     0.000e+00
 5.10000e-01 -2.10000e-01  3.37336e-01     0.000e+00
-5.10000e-01 -1.68000e-01  3.37336e-01     0.000e+00
-4.08000e-01 -1.68000e-01  3.37336e-01     7.403e-04
-3.06000e-01 -1.68000e-01  3.37336e-01     7.403e-04
-2.04000e-01 -1.68000e-01  3.37336e-01     7.403e-04
-1.02000e-01 -1.68000e-01  3.37336e-01     7.403e-04
 0.00000e+00 -1.68000e-01  3.37336e-01     7.403e-04
 1.02000e-01 -1.68000e-01  3.37336e-01     7.403e-04
 2.04000e-01 -1.68000e-01  3.37336e-01     7.403e-04
 3.06000e-01 -1.68000e-01  3.37336e-01     7.403e-04
 4.08000e-01 -1.68000e-01  3.37336e-01     7.403e-04
 5.10000e-01 -1.68000e-01  3.37336e-01     0.000e+00
-5.10000e-01 -1.26000e-01  3.37336e-01     0.000e+00
-4.08000e-01 -1.26000e-01  3.37336e-01     7.446e-04
-3.06000e-01 -1.26000e-01  3.37336e-01     7.446e-04
-2.04000e-01 -1.26000e-01  3.37336e-01     7.446e-04
-1.02000e-01 -1.26000e-01  3.37336e-01     7.446e-04
 0.00000e+00 -1.26000e-01  3.37336e-01     7.446e-04
 1.02000e-01 -1.26000e-01  3.37336e-01     7.446e-04
 2.04000e-01 -1.26000e-01  3.37336e-01     7.446e-04
 3.06000e-01 -1.26000e-01  3.37336e-01     7.446e-04
 4.08000e-01 -1.26000e-01  3.37336e-01     7.446e-04
 5.10000e-01 -1.26000e-01  3.37336e-01     0.000e+00
-5.10000e-01 -8.40000e-02  3.37336e-01     0.000e+00
-4.08000e-01 -8.40000e-02  3.37336e-01     7.476e-04
-3.06000e-01 -8.40000e-02  3.37336e-01     7.476e-04
-2.04000e-01 -8.40000e-02  3.37336e-01     7.476e-04
-1.02000e-01 -8.40000e-02  3.37336e-01     7.476e-04
 0.00000e+00 -8.40000e-02  3.37336e-01     7.476e-04
 1.02000e-01 -8.40000e-02  3.37336e-01     7.476e-04
 2.04000e-01 -8.40000e-02  3.37336e-01     7.476e-04
 3.06000e-01 -8.40000e-02  3.37336e-01     7.476e-04
 4.08000e-01 -8.40000e-02  3.37336e-01     7.476e-04
 5.10000e-01 -8.40000e-02  3.37336e-01     0.000e+00
-5.10000e-01 -4.20000e-02  3.37336e-01     0.000e+00
-4.08000e-01 -4.20000e-02  3.37336e-01     7.495e-04
-3.06000e-01 -4.20000e-02  3.37336e-01     7.495e-04
-2.04000e-01 -4.20000e-02  3.37336e-01     7.495e-04
-1.02000e-01 -4.20000e-02  3.37336e-01     7.495e-04
 0.00000e+00 -4.20000e-02  3.37336e-01     7.495e-04
 1.02000e-01 -4.20000e-02  3.37336e-01     7.495e-04
 2.04000e-01 -4.20000e-02  3.37336e-01     7.495e-04
 3.06000e-01 -4.20000e-02  3.37336e-01     7.495e-04
 4.08000e-01 -4.20000e-02  3.37336e-01     7.495e-04
 5.10000e-01 -4.20000e-02  3.37336e-01     0.000e+00
-5.10000e-01  0.00000e+00  3.37336e-01     0.000e+00
-4.08000e-01  0.00000e+00  3.37336e-01     7.501e-04
-3.06000e-01  0.00000e+00  3.37336e-01     7.501e-04
-2.04000e-01  0.00000e+00  3.37336e-01     7.501e-04
-1.02000e-01  0.00000e+00  3.37336e-01     7.501e-04
 0.00000e+00  0.00000e+00  3.37336e-01     7.501e-04
 1.02000e-01  0.00000e+00  3.37336e-01     7.501e-04
 2.04000e-01  0.00000e+00  3.37336e-01     7.501e-04
 3.06000e-01  0.00000e+00  3.37336e-01     7.501e-04
 4.08000e-01  0.00000e+00  3.37336e-01     7.501e-04
 5.10000e-01  0.00000e+00  3.37336e-01     0.000e+00
-5.10000e-01  4.20000e-02  3.37336e-01     0.000e+00
-4.08000e-01  4.20000e-02  3.37336e-01     7.495e-04
-3.06000e-01  4.20000e-02  3.37336e-01     7.495e-04
-2.04000e-01  4.20000e-02  3.37336e-01     7.495e-04
-1.02000e-01  4.20000e-02  3.37336e-01     7.495e-04
 0.00000e+00  4.20000e-02  3.37336e-01     7.495e-04
 1.02000e-01  4.20000e-02  3.37336e-01     7.495e-04
 2.04000e-01  4.20000e-02  3.37336e-01     7.495e-04
 3.06000e-01  4.20000e-02  3.37336e-01     7.495e-04
 4.08000e-01  4.20000e-02  3.37336e-01     7.495e-04
 5.10000e-01  4.20000e-02  3.37336e-01     0.000e+00
-5.10000e-01  8.40000e-02  3.37336e-01     0.000e+00
-4.08000e-01  8.40000e-02  3.37336e-01     7.476e-04
-3.06000e-01  8.40000e-02  3.37336e-01     7.476e-04
-2.04000e-01  8.40000e-02  3.37336e-01     7.476e-04
-1.02000e-01  8.40000e-02  3.37336e-01     7.476e-04
 0.00000e+00  8.40000e-02  3.37336e-01     7.476e-04
 1.02000e-01  8.40000e-02  3.37336e-01     7.476e-04
 2.04000e-01  8.40000e-02  3.37336e-01     7.476e-04
 3.06000e-01  8.40000e-02  3.37336e-01     7.476e-04
 4.08000e-01  8.40000e-02  3.37336e-01     7.476e-04
 5.10000e-01  8.40000e-02  3.37336e-01     0.000e+00
-5.10000e-01  1.26000e-01  3.37336e-01     0.000e+00
-4.08000e-01  1.26000e-01  3.37336e-01     7.446e-04
-3.06000e-01  1.26000e-01  3.37336e-01     7.446e-04
-2.04000e-01  1.26000e-01  3.37336e-01     7.446e-04
-1.02000e-01  1.26000e-01  3.37336e-01     7.446e-04
 0.00000e+00  1.26000e-01  3.37336e-01     7.446e-04
 1.02000e-01  1.26000e-01  3.37336e-01     7.446e-04
 2.04000e-01  1.26000e-01  3.37336e-01     7.446e-04
 3.06000e-01  1.26000e-01  3.37336e-01     7.446e-04
 4.08000e-01  1.26000e-01  3.37336e-01     7.446e-04
 5.10000e-01  1.26000e-01  3.37336e-01     0.000e+00
-5.10000e-01  1.68000e-01  3.37336e-01     0.000e+00
-4.08000e-01  1.68000e-01  3.37336e-01     7.403e-04
-3.06000e-01  1.68000e-01  3.37336e-01     7.403e-04
-2.04000e-01  1.68000e-01  3.37336e-01     7.403e-04
-1.02000e-01  1.68000e-01  3.37336e-01     7.403e-04
 0.00000e+00  1.68000e-01  3.37336e-01     7.403e-04
 1.02000e-01  1.68000e-01  3.37336e-01     7.403e-04
 2.04000e-01  1.68000e-01  3.37336e-01     7.403e-04
 3.06000e-01  1.68000e-01  3.37336e-01     7.403e-04
 4.08000e-01  1.68000e-01  3.37336e-01     7.403e-04
 5.10000e-01  1.68000e-01  3.37336e-01     0.000e+00
-5.10000e-01  2.10000e-01  3.37336e-01     0.000e+00
-4.08000e-01  2.10000e-01  3.37336e-01     0.000e+00
-3.06000e-01  2.10000e-01  3.37336e-01     0.000e+00
-2.04000e-01  2.10000e-01  3.37336e-01     0.000e+00
-1.02000e-01  2.10000e-01  3.37336e-01     0.000e+00
 0.00000e+00  2.10000e-01  3.37336e-01     0.000e+00
 1.02000e-01  2.10000e-01  3.37336e-01     0.000e+00
 2.04000e-01  2.10000e-01  3.37336e-01     0.000e+00
 3.06000e-01  2.10000e-01  3.37336e-01     0.000e+00
 4.08000e-01  2.10000e-01  3.37336e-01     0.000e+00
 5.10000e-01  2.10000e-01  3.37336e-01     0.000e+00
-5.10000e-01 -2.10000e-01  3.40964e-01     0.000e+00
-4.08000e-01 -2.10000e-01  3.40964e-01     0.000e+00
-3.06000e-01 -2.10000e-01  3.40964e-01     0.000e+00
-2.04000e-01 -2.10000e-01  3.40964e-01     0.000e+00
-1.02000e-01 -2.10000e-01  3.40964e-01     0.000e+00
 0.00000e+00 -2.10000e-01  3.40964e-01     0.000e+00
 1.02000e-01 -2.10000e-01  3.40964e-01     0.000e+00
 2.04000e-01 -2.10000e-01  3.40964e-01     0.000e+00
 3.06000e-01 -2.10000e-01  3.40964e-01     0.000e+00
 4.08000e-01 -2.10000e-01  3.40964e-01     0.000e+00
 5.10000e-01 -2.10000e-01  3.40964e-01     0.000e+00
-5.10000e-01 -1.68000e-01  3.40964e-01     0.000e+00
-4.08000e-01 -1.68000e-01  3.40964e-01     7.303e-04
-3.06000e-01 -1.68000e-01  3.40964e-01     7.303e-04
-2.04000e-01 -1.68000e-01  3.40964e-01     7.303e-04
-1.02000e-01 -1.68000e-01  3.40964e-01     7.303e-04
 0.00000e+00 -1.68000e-01  3.40964e-01     7.303e-04
 1.02000e-01 -1.68000e-01  3.40964e-01     7.303e-04
 2.04000e-01 -1.68000e-01  3.40964e-01     7.303e-04
 3.06000e-01 -1.68000e-01  3.40964e-01     7.303e-04
 4.08000e-01 -1.68000e-01  3.40964e-01     7.303e-04
 5.10000e-01 -1.68000e-01  3.40964e-01     0.000e+00
-5.10000e-01 -1.26000e-01  3.40964e-01     0.000e+00
-4.08000e-01 -1.26000e-01  3.40964e-01     7.346e-04
-3.06000e-01 -1.26000e-01  3.40964e-01     7.346e-04
-2.04000e-01 -1.26000e-01  3.40964e-01     7.346e-04
-1.02000e-01 -1.26000e-01  3.40964e-01     7.346e-04
 0.00000e+00 -1.26000e-01  3.40964e-01     7.346e-04
 1.02000e-01 -1.26000e-01  3.40964e-01     7.346e-04
 2.04000e-01 -1.26000e-01  3.40964e-01     7.346e-04
 3.06000e-01 -1.26000e-01  3.40964e-01     7.346e-04
 4.08000e-01 -1.26000e-01  3.40964e-01     7.346e-04
 5.10000e-01 -1.26000e-01  3.40964e-01     0.000e+00
-5.10000e-01 -8.40000e-02  3.40964e-01     0.000e+00
-4.08000e-01 -8.40000e-02  3.40964e-01     7.376e-04
-3.06000e-01 -8.40000e-02  3.40964e-01     7.376e-04
-2.04000e-01 -8.40000e-02  3.40964e-01     7.376e-04
-1.02000e-01 -8.40000e-02  3.40964e-01     7.376e-04
 0.00000e+00 -8.40000e-02  3.40964e-01     7.376e-04
 1.02000e-01 -8.40000e-02  3.40964e-01     7.376e-04
 2.04000e-01 -8.40000e-02  3.40964e-01     7.376e-04
 3.06000e-01 -8.40000e-02  3.40964e-01     7.376e-04
 4.08000e-01 -8.40000e-02  3.40964e-01     7.376e-04
 5.10000e-01 -8.40000e-02  3.40964e-01     0.000e+00
-5.10000e-01 -4.20000e-02  3.40964e-01     0.000e+00
-4.08000e-01 -4.20000e-02  3.40964e-01     7.394e-04
-3.06000e-01 -4.20000e-02  3.40964e-01     7.394e-04
-2.04000e-01 -4.20000e-02  3.40964e-01     7.394e-04
-1.02000e-01 -4.20000e-02  3.40964e-01     7.394e-04
 0.00000e+00 -4.20000e-02  3.40964e-01     7.394e-04
 1.02000e-01 -4.20000e-02  3.40964e-01     7.394e-04
 2.04000e-01 -4.20000e-02  3.40964e-01     7.394e-04
 3.06000e-01 -4.20000e-02  3.40964e-01     7.394e-04
 4.08000e-01 -4.20000e-02  3.40964e-01     7.394e-04
 5.10000e-01 -4.20000e-02  3.40964e-01     0.000e+00
-5.10000e-01  0.00000e+00  3.40964e-01     0.000e+00
-4.08000e-01  0.00000e+00  3.40964e-01     7.400e-04
-3.06000e-01  0.00000e+00  3.40964e-01     7.400e-04
-2.04000e-01  0.00000e+00  3.40964e-01     7.400e-04
-1.02000e-01  0.00000e+00  3.40964e-01     7.400e-04
 0.00000e+00  0.00000e+00  3.40964e-01     7.400e-04
 1.02000e-01  0.00000e+00  3.40964e-01     7.400e-04
 2.04000e-01  0.00000e+00  3.40964e-01     7.400e-04
 3.06000e-01  0.00000e+00  3.40964e-01     7.400e-04
 4.08000e-01  0.00000e+00  3.40964e-01     7.400e-04
 5.10000e-01  0.00000e+00  3.40964e-01     0.000e+00
-5.10000e-01  4.20000e-02  3.40964e-01     0.000e+00
-4.08000e-01  4.20000e-02  3.40964e-01     7.394e-04
-3.06000e-01  4.20000e-02  3.40964e-01     7.394e-04
-2.04000e-01  4.20000e-02  3.40964e-01     7.394e-04
-1.02000e-01  4.20000e-02  3.40964e-01     7.394e-04
 0.00000e+00  4.20000e-02  3.40964e-01     7.394e-04
 1.02000e-01  4.20000e-02  3.40964e-01     7.394e-04
 2.04000e-01  4.20000e-02  3.40964e-01     7.394e-04
 3.06000e-01  4.20000e-02  3.40964e-01     7.394e-04
 4.08000e-01  4.20000e-02  3.40964e-01     7.394e-04
 5.10000e-01  4.20000e-02  3.40964e-01     0.000e+00
-5.10000e-01  8.40000e-02  3.40964e-01     0.000e+00
-4.08000e-01  8.40000e-02  3.40964e-01     7.376e-04
-3.06000e-01  8.40000e-02  3.40964e-01     7.376e-04
-2.04000e-01  8.40000e-02  3.40964e-01     7.376e-04
-1.02000e-01  8.40000e-02  3.40964e-01     7.376e-04
 0.00000e+00  8.40000e-02  3.40964e-01     7.376e-04
 1.02000e-01  8.40000e-02  3.40964e-01     7.376e-04
 2.04000e-01  8.40000e-02  3.40964e-01     7.376e-04
 3.06000e-01  8.40000e-02  3.40964e-01     7.376e-04
 4.08000e-01  8.40000e-02  3.40964e-01     7.376e-04
 5.10000e-01  8.40000e-02  3.40964e-01     0.000e+00
-5.10000e-01  1.26000e-01  3.40964e-01     0.000e+00
-4.08000e-01  1.26000e-01  3.40964e-01     7.346e-04
-3.06000e-01  1.26000e-01  3.40964e-01     7.346e-04
-2.04000e-01  1.26000e-01  3.40964e-01     7.346e-04
-1.02000e-01  1.26000e-01  3.40964e-01     7.346e-04
 0.00000e+00  1.26000e-01  3.40964e-01     7.346e-04
 1.02000e-01  1.26000e-01  3.40964e-01     7.346e-04
 2.04000e-01  1.26000e-01  3.40964e-01     7.346e-04
 3.06000e-01  1.26000e-01  3.40964e-01     7.346e-04
 4.08000e-01  1.26000e-01  3.40964e-01     7.346e-04
 5.10000e-01  1.26000e-01  3.40964e-01     0.000e+00
-5.10000e-01  1.68000e-01  3.40964e-01     0.000e+00
-4.08000e-01  1.68000e-01  3.40964e-01     7.303e-04
-3.06000e-01  1.68000e-01  3.40964e-01     7.303e-04
-2.04000e-01  1.68000e-01  3.40964e-01     7.303e-04
-1.02000e-01  1.68000e-01  3.40964e-01     7.303e-04
 0.00000e+00  1.68000e-01  3.40964e-01     7.303e-04
 1.02000e-01  1.68000e-01  3.40964e-01     7.303e-04
 2.04000e-01  1.68000e-01  3.40964e-01     7.303e-04
 3.06000e-01  1.68000e-01  3.40964e-01     7.303e-04
 4.08000e-01  1.68000e-01  3.40964e-01     7.303e-04
 5.10000e-01  1.68000e-01  3.40964e-01     0.000e+00
-5.10000e-01  2.10000e-01  3.40964e-01     0.000e+00
-4.08000e-01  2.10000e-01  3.40964e-01     0.000e+00
-3.06000e-01  2.10000e-01  3.40964e-01     0.000e+00
-2.04000e-01  2.10000e-01  3.40964e-01     0.000e+00
-1.02000e-01  2.10000e-01  3.40964e-01     0.000e+00
 0.00000e+00  2.10000e-01  3.40964e-01     0.000e+00
 1.02000e-01  2.10000e-01  3.40964e-01     0.000e+00
 2.04000e-01  2.10000e-01  3.40964e-01     0.000e+00
 3.06000e-01  2.10000e-01  3.40964e-01     0.000e+00
 4.08000e-01  2.10000e-01  3.40964e-01     0.000e+00
 5.10000e-01  2.10000e-01  3.40964e-01     0.000e+00
-5.10000e-01 -2.10000e-01  3.44591e-01     0.000e+00
-4.08000e-01 -2.10000e-01  3.44591e-01     0.000e+00
-3.06000e-01 -2.10000e-01  3.44591e-01     0.000e+00
-2.04000e-01 -2.10000e-01  3.44591e-01     0.000e+00
-1.02000e-01 -2.10000e-01  3.44591e-01     0.000e+00
 0.00000e+00 -2.10000e-01  3.44591e-01     0.000e+00
 1.02000e-01 -2.10000e-01  3.44591e-01     0.000e+00
 2.04000e-01 -2.10000e-01  3.44591e-01     0.000e+00
 3.06000e-01 -2.10000e-01  3.44591e-01     0.000e+00
 4.08000e-01 -2.10000e-01  3.44591e-01     0.000e+00
 5.10000e-01 -2.10000e-01  3.44591e-01     0.000e+00
-5.10000e-01 -1.68000e-01  3.44591e-01     0.000e+00
-4.08000e-01 -1.68000e-01  3.44591e-01     7.206e-04
-3.06000e-01 -1.68000e-01  3.44591e-01     7.206e-04
-2.04000e-01 -1.68000e-01  3.44591e-01     7.206e-04
-1.02000e-01 -1.68000e-01  3.44591e-01     7.206e-04
 0.00000e+00 -1.68000e-01  3.44591e-01     7.206e-04
 1.02000e-01 -1.68000e-01  3.44591e-01     7.206e-04
 2.04000e-01 -1.68000e-01  3.44591e-01     7.206e-04
 3.06000e-01 -1.68000e-01  3.44591e-01     7.206e-04
 4.08000e-01 -1.68000e-01  3.44591e-01     7.206e-04
 5.10000e-01 -1.68000e-01  3.44591e-01     0.000e+00
-5.10000e-01 -1.26000e-01  3.44591e-01     0.000e+00
-4.08000e-01 -1.26000e-01  3.44591e-01     7.248e-04
-3.06000e-01 -1.26000e-01  3.44591e-01     7.248e-04
-2.04000e-01 -1.26000e-01  3.44591e-01     7.248e-04
-1.02000e-01 -1.26000e-01  3.44591e-01     7.248e-04
 0.00000e+00 -1.26000e-01  3.44591e-01     7.248e-04
 1.02000e-01 -1.26000e-01  3.44591e-01     7.248e-04
 2.04000e-01 -1.26000e-01  3.44591e-01     7.248e-04
 3.06000e-01 -1.26000e-01  3.44591e-01     7.248e-04
 4.08000e-01 -1.26000e-01  3.44591e-01     7.248e-04
 5.10000e-01 -1.26000e-01  3.44591e-01     0.000e+00
-5.10000e-01 -8.40000e-02  3.44591e-01     0.000e+00
-4.08000e-01 -8.40000e-02  3.44591e-01     7.278e-04
-3.06000e-01 -8.40000e-02  3.44591e-01     7.278e-04
-2.04000e-01 -8.40000e-02  3.44591e-01     7.278e-04
-1.02000e-01 -8.40000e-02  3.44591e-01     7.278e-04
 0.00000e+00 -8.40000e-02  3.44591e-01     7.278e-04
 1.02000e-01 -8.40000e-02  3.44591e-01     7.278e-04
 2.04000e-01 -8.40000e-02  3.44591e-01     7.278e-04
 3.06000e-01 -8.40000e-02  3.44591e-01     7.278e-04
 4.08000e-01 -8.40000e-02  3.44591e-01     7.278e-04
 5.10000e-01 -8.40000e-02  3.44591e-01     0.000e+00
-5.10000e-01 -4.20000e-02  3.44591e-01     0.000e+00
-4.08000e-01 -4.20000e-02  3.44591e-01     7.296e-04
-3.06000e-01 -4.20000e-02  3.44591e-01     7.296e-04
-2.04000e-01 -4.20000e-02  3.44591e-01     7.296e-04
-1.02000e-01 -4.20000e-02  3.44591e-01     7.296e-04
 0.00000e+00 -4.20000e-02  3.44591e-01     7.296e-04
 1.02000e-01 -4.20000e-02  3.44591e-01     7.296e-04
 2.04000e-01 -4.20000e-02  3.44591e-01     7.296e-04
 3.06000e-01 -4.20000e-02  3.44591e-01     7.296e-04
 4.08000e-01 -4.20000e-02  3.44591e-01     7.296e-04
 5.10000e-01 -4.20000e-02  3.44591e-01     0.000e+00
-5.10000e-01  0.00000e+00  3.44591e-01     0.000e+00
-4.08000e-01  0.00000e+00  3.44591e-01     7.302e-04
-3.06000e-01  0.00000e+00  3.44591e-01     7.302e-04
-2.04000e-01  0.00000e+00  3.44591e-01     7.302e-04
-1.02000e-01  0.00000e+00  3.44591e-01     7.302e-04
 0.00000e+00  0.00000e+00  3.44591e-01     7.302e-04
 1.02000e-01  0.00000e+00  3.44591e-01     7.302e-04
 2.04000e-01  0.00000e+00  3.44591e-01     7.302e-04
 3.06000e-01  0.00000e+00  3.44591e-01     7.302e-04
 4.08000e-01  0.00000e+00  3.44591e-01     7.302e-04
 5.10000e-01  0.00000e+00  3.44591e-01     0.000e+00
-5.10000e-01  4.20000e-02  3.44591e-01     0.000e+00
-4.08000e-01  4.20000e-02  3.44591e-01     7.296e-04
-3.06000e-01  4.20000e-02  3.44591e-01     7.296e-04
-2.04000e-01  4.20000e-02  3.44591e-01     7.296e-04
-1.02000e-01  4.20000e-02  3.44591e-01     7.296e-04
 0.00000e+00  4.20000e-02  3.44591e-01     7.296e-04
 1.02000e-01  4.20000e-02  3.44591e-01     7.296e-04
 2.04000e-01  4.20000e-02  3.44591e-01     7.296e-04
 3.06000e-01  4.20000e-02  3.44591e-01     7.296e-04
 4.08000e-01  4.20000e-02  3.44591e-01     7.296e-04
 5.10000e-01  4.20000e-02  3.44591e-01     0.000e+00
-5.10000e-01  8.40000e-02  3.44591e-01     0.000e+00
-4.08000e-01  8.40000e-02  3.44591e-01     7.278e-04
-3.06000e-01  8.40000e-02  3.44591e-01     7.278e-04
-2.04000e-01  8.40000e-02  3.44591e-01     7.278e-04
-1.02000e-01  8.40000e-02  3.44591e-01     7.278e-04
 0.00000e+00  8.40000e-02  3.44591e-01     7.278e-04
 1.02000e-01  8.40000e-02  3.44591e-01     7.278e-04
 2.04000e-01  8.40000e-02  3.44591e-01     7.278e-04
 3.06000e-01  8.40000e-02  3.44591e-01     7.278e-04
 4.08000e-01  8.40000e-02  3.44591e-01     7.278e-04
 5.10000e-01  8.40000e-02  3.44591e-01     0.000e+00
-5.10000e-01  1.26000e-01  3.44591e-01     0.000e+00
-4.08000e-01  1.26000e-01  3.44591e-01     7.248e-04
-3.06000e-01  1.26000e-01  3.44591e-01     7.248e-04
-2.04000e-01  1.26000e-01  3.44591e-01     7.248e-04
-1.02000e-01  1.26000e-01  3.44591e-01     7.248e-04
 0.00000e+00  1.26000e-01  3.44591e-01     7.248e-04
 1.02000e-01  1.26000e-01  3.44591e-01     7.248e-04
 2.04000e-01  1.26000e-01  3.44591e-01     7.248e-04
 3.06000e-01  1.26000e-01  3.44591e-01     7.248e-04
 4.08000e-01  1.26000e-01  3.44591e-01     7.248e-04
 5.10000e-01  1.26000e-01  3.44591e-01     0.000e+00
-5.10000e-01  1.68000e-01  3.44591e-01     0.000e+00
-4.08000e-01  1.68000e-01  3.44591e-01     7.206e-04
-3.06000e-01  1.68000e-01  3.44591e-01     7.206e-04
-2.04000e-01  1.68000e-01  3.44591e-01     7.206e-04
-1.02000e-01  1.68000e-01  3.44591e-01     7.206e-04
 0.00000e+00  1.68000e-01  3.44591e-01     7.206e-04
 1.02000e-01  1.68000e-01  3.44591e-01     7.206e-04
 2.04000e-01  1.68000e-01  3.44591e-01     7.206e-04
 3.06000e-01  1.68000e-01  3.44591e-01     7.206e-04
 4.08000e-01  1.68000e-01  3.44591e-01     7.206e-04
 5.10000e-01  1.68000e-01  3.44591e-01     0.000e+00
-5.10000e-01  2.10000e-01  3.44591e-01     0.000e+00
-4.08000e-01  2.10000e-01  3.44591e-01     0.000e+00
-3.06000e-01  2.10000e-01  3.44591e-01     0.000e+00
-2.04000e-01  2.10000e-01  3.44591e-01     0.000e+00
-1.02000e-01  2.10000e-01  3.44591e-01     0.000e+00
 0.00000e+00  2.10000e-01  3.44591e-01     0.000e+00
 1.02000e-01  2.10000e-01  3.44591e-01     0.000e+00
 2.04000e-01  2.10000e-01  3.44591e-01     0.000e+00
 3.06000e-01  2.10000e-01  3.44591e-01     0.000e+00
 4.08000e-01  2.10000e-01  3.44591e-01     0.000e+00
 5.10000e-01  2.10000e-01  3.44591e-01     0.000e+00
-5.10000e-01 -2.10000e-01  3.48218e-01     0.000e+00
-4.08000e-01 -2.10000e-01  3.48218e-01     0.000e+00
-3.06000e-01 -2.10000e-01  3.48218e-01     0.000e+00
-2.04000e-01 -2.10000e-01  3.48218e-01     0.000e+00
-1.02000e-01 -2.10000e-01  3.48218e-01     0.000e+00
 0.00000e+00 -2.10000e-01  3.48218e-01     0.000e+00
 1.02000e-01 -2.10000e-01  3.48218e-01     0.000e+00
 2.04000e-01 -2.10000e-01  3.48218e-01     0.000e+00
 3.06000e-01 -2.10000e-01  3.48218e-01     0.000e+00
 4.08000e-01 -2.10000e-01  3.48218e-01     0.000e+00
 5.10000e-01 -2.10000e-01  3.48218e-01     0.000e+00
-5.10000e-01 -1.68000e-01  3.48218e-01     0.000e+00
-4.08000e-01 -1.68000e-01  3.48218e-01     7.110e-04
-3.06000e-01 -1.68000e-01  3.48218e-01     7.110e-04
-2.04000e-01 -1.68000e-01  3.48218e-01     7.110e-04
-1.02000e-01 -1.68000e-01  3.48218e-01     7.110e-04
 0.00000e+00 -1.68000e-01  3.48218e-01     7.110e-04
 1.02000e-01 -1.68000e-01  3.48218e-01     7.110e-04
 2.04000e-01 -1.68000e-01  3.48218e-01     7.110e-04
 3.06000e-01 -1.68000e-01  3.48218e-01     7.110e-04
 4.08000e-01 -1.68000e-01  3.48218e-01     7.110e-04
 5.10000e-01 -1.68000e-01  3.48218e-01     0.000e+00
-5.10000e-01 -1.26000e-01  3.48218e-01     0.000e+00
-4.08000e-01 -1.26000e-01  3.48218e-01     7.152e-04
-3.06000e-01 -1.26000e-01  3.48218e-01     7.152e-04
-2.04000e-01 -1.26000e-01  3.48218e-01     7.152e-04
-1.02000e-01 -1.26000e-01  3.48218e-01     7.152e-04
 0.00000e+00 -1.26000e-01  3.48218e-01     7.152e-04
 1.02000e-01 -1.26000e-01  3.48218e-01     7.152e-04
 2.04000e-01 -1.26000e-01  3.48218e-01     7.152e-04
 3.06000e-01 -1.26000e-01  3.48218e-01     7.152e-04
 4.08000e-01 -1.26000e-01  3.48218e-01     7.152e-04
 5.10000e-01 -1.26000e-01  3.48218e-01     0.000e+00
-5.10000e-01 -8.40000e-02  3.48218e-01     0.000e+00
-4.08000e-01 -8.40000e-02  3.48218e-01     7.181e-04
-3.06000e-01 -8.40000e-02  3.48218e-01     7.181e-04
-2.04000e-01 -8.40000e-02  3.48218e-01     7.181e-04
-1.02000e-01 -8.40000e-02  3.48218e-01     7.181e-04
 0.00000e+00 -8.40000e-02  3.48218e-01     7.181e-04
 1.02000e-01 -8.40000e-02  3.48218e-01     7.181e-04
 2.04000e-01 -8.40000e-02  3.48218e-01     7.181e-04
 3.06000e-01 -8.40000e-02  3.48218e-01     7.181e-04
 4.08000e-01 -8.40000e-02  3.48218e-01     7.181e-04
 5.10000e-01 -8.40000e-02  3.48218e-01     0.000e+00
-5.10000e-01 -4.20000e-02  3.48218e-01     0.000e+00
-4.08000e-01 -4.20000e-02  3.48218e-01     7.199e-04
-3.06000e-01 -4.20000e-02  3.48218e-01     7.199e-04
-2.04000e-01 -4.20000e-02  3.48218e-01     7.199e-04
-1.02000e-01 -4.20000e-02  3.48218e-01     7.199e-04
 0.00000e+00 -4.20000e-02  3.48218e-01     7.199e-04
 1.02000e-01 -4.20000e-02  3.48218e-01     7.199e-04
 2.04000e-01 -4.20000e-02  3.48218e-01     7.199e-04
 3.06000e-01 -4.20000e-02  3.48218e-01     7.199e-04
 4.08000e-01 -4.20000e-02  3.48218e-01     7.199e-04
 5.10000e-01 -4.20000e-02  3.48218e-01     0.000e+00
-5.10000e-01  0.00000e+00  3.48218e-01     0.000e+00
-4.08000e-01  0.00000e+00  3.48218e-01     7.205e-04
-3.06000e-01  0.00000e+00  3.48218e-01     7.205e-04
-2.04000e-01  0.00000e+00  3.48218e-01     7.205e-04
-1.02000e-01  0.00000e+00  3.48218e-01     7.205e-04
 0.00000e+00  0.00000e+00  3.48218e-01     7.205e-04
 1.02000e-01  0.00000e+00  3.48218e-01     7.205e-04
 2.04000e-01  0.00000e+00  3.48218e-01     7.205e-04
 3.06000e-01  0.00000e+00  3.48218e-01     7.205e-04
 4.08000e-01  0.00000e+00  3.48218e-01     7.205e-04
 5.10000e-01  0.00000e+00  3.48218e-01     0.000e+00
-5.10000e-01  4.20000e-02  3.48218e-01     0.000e+00
-4.08000e-01  4.20000e-02  3.48218e-01     7.199e-04
-3.06000e-01  4.20000e-02  3.48218e-01     7.199e-04
-2.04000e-01  4.20000e-02  3.48218e-01     7.199e-04
-1.02000e-01  4.20000e-02  3.48218e-01     7.199e-04
 0.00000e+00  4.20000e-02  3.48218e-01     7.199e-04
 1.02000e-01  4.20000e-02  3.48218e-01     7.199e-04
 2.04000e-01  4.20000e-02  3.48218e-01     7.199e-04
 3.06000e-01  4.20000e-02  3.48218e-01     7.199e-04
 4.08000e-01  4.20000e-02  3.48218e-01     7.199e-04
 5.10000e-01  4.20000e-02  3.48218e-01     0.000e+00
-5.10000e-01  8.40000e-02  3.48218e-01     0.000e+00
-4.08000e-01  8.40000e-02  3.48218e-01     7.181e-04
-3.06000e-01  8.40000e-02  3.48218e-01     7.181e-04
-2.04000e-01  8.40000e-02  3.48218e-01     7.181e-04
-1.02000e-01  8.40000e-02  3.48218e-01     7.181e-04
 0.00000e+00  8.40000e-02  3.48218e-01     7.181e-04
 1.02000e-01  8.40000e-02  3.48218e-01     7.181e-04
 2.04000e-01  8.40000e-02  3.48218e-01     7.181e-04
 3.06000e-01  8.40000e-02  3.48218e-01     7.181e-04
 4.08000e-01  8.40000e-02  3.48218e-01     7.181e-04
 5.10000e-01  8.40000e-02  3.48218e-01     0.000e+00
-5.10000e-01  1.26000e-01  3.48218e-01     0.000e+00
-4.08000e-01  1.26000e-01  3.48218e-01     7.152e-04
-3.06000e-01  1.26000e-01  3.48218e-01     7.152e-04
-2.04000e-01  1.26000e-01  3.48218e-01     7.152e-04
-1.02000e-01  1.26000e-01  3.48218e-01     7.152e-04
 0.00000e+00  1.26000e-01  3.48218e-01     7.152e-04
 1.02000e-01  1.26000e-01  3.48218e-01     7.152e-04
 2.04000e-01  1.26000e-01  3.48218e-01     7.152e-04
 3.06000e-01  1.26000e-01  3.48218e-01     7.152e-04
 4.08000e-01  1.26000e-01  3.48218e-01     7.152e-04
 5.10000e-01  1.26000e-01  3.48218e-01     0.000e+00
-5.10000e-01  1.68000e-01  3.48218e-01     0.000e+00
-4.08000e-01  1.68000e-01  3.48218e-01     7.110e-04
-3.06000e-01  1.68000e-01  3.48218e-01     7.110e-04
-2.04000e-01  1.68000e-01  3.48218e-01     7.110e-04
-1.02000e-01  1.68000e-01  3.48218e-01     7.110e-04
 0.00000e+00  1.68000e-01  3.48218e-01     7.110e-04
 1.02000e-01  1.68000e-01  3.48218e-01     7.110e-04
 2.04000e-01  1.68000e-01  3.48218e-01     7.110e-04
 3.06000e-01  1.68000e-01  3.48218e-01     7.110e-04
 4.08000e-01  1.68000e-01  3.48218e-01     7.110e-04
 5.10000e-01  1.68000e-01  3.48218e-01     0.000e+00
-5.10000e-01  2.10000e-01  3.48218e-01     0.000e+00
-4.08000e-01  2.10000e-01  3.48218e-01     0.000e+00
-3.06000e-01  2.10000e-01  3.48218e-01     0.000e+00
-2.04000e-01  2.10000e-01  3.48218e-01     0.000e+00
-1.02000e-01  2.10000e-01  3.48218e-01     0.000e+00
 0.00000e+00  2.10000e-01  3.48218e-01     0.000e+00
 1.02000e-01  2.10000e-01  3.48218e-01     0.000e+00
 2.04000e-01  2.10000e-01  3.48218e-01     0.000e+00
 3.06000e-01  2.10000e-01  3.48218e-01     0.000e+00
 4.08000e-01  2.10000e-01  3.48218e-01     0.000e+00
 5.10000e-01  2.10000e-01  3.48218e-01     0.000e+00
-5.10000e-01 -2.10000e-01  3.51845e-01     0.000e+00
-4.08000e-01 -2.10000e-01  3.51845e-01     0.000e+00
-3.06000e-01 -2.10000e-01  3.51845e-01     0.000e+00
-2.04000e-01 -2.10000e-01  3.51845e-01     0.000e+00
-1.02000e-01 -2.10000e-01  3.51845e-01     0.000e+00
 0.00000e+00 -2.10000e-01  3.51845e-01     0.000e+00
 1.02000e-01 -2.10000e-01  3.51845e-01     0.000e+00
 2.04000e-01 -2.10000e-01  3.51845e-01     0.000e+00
 3.06000e-01 -2.10000e-01  3.51845e-01     0.000e+00
 4.08000e-01 -2.10000e-01  3.51845e-01     0.000e+00
 5.10000e-01 -2.10000e-01  3.51845e-01     0.000e+00
-5.10000e-01 -1.68000e-01  3.51845e-01     0.000e+00
-4.08000e-01 -1.68000e-01  3.51845e-01     7.017e-04
-3.06000e-01 -1.68000e-01  3.51845e-01     7.017e-04
-2.04000e-01 -1.68000e-01  3.51845e-01     7.017e-04
-1.02000e-01 -1.68000e-01  3.51845e-01     7.017e-04
 0.00000e+00 -1.68000e-01  3.51845e-01     7.017e-04
 1.02000e-01 -1.68000e-01  3.51845e-01     7.017e-04
 2.04000e-01 -1.68000e-01  3.51845e-01     7.017e-04
 3.06000e-01 -1.68000e-01  3.51845e-01     7.017e-04
 4.08000e-01 -1.68000e-01  3.51845e-01     7.017e-04
 5.10000e-01 -1.68000e-01  3.51845e-01     0.000e+00
-5.10000e-01 -1.26000e-01  3.51845e-01     0.000e+00
-4.08000e-01 -1.26000e-01  3.51845e-01     7.058e-04
-3.06000e-01 -1.26000e-01  3.51845e-01     7.058e-04
-2.04000e-01 -1.26000e-01  3.51845e-01     7.058e-04
-1.02000e-01 -1.26000e-01  3.51845e-01     7.058e-04
 0.00000e+00 -1.26000e-01  3.51845e-01     7.058e-04
 1.02000e-01 -1.26000e-01  3.51845e-01     7.058e-04
 2.04000e-01 -1.26000e-01  3.51845e-01     7.058e-04
 3.06000e-01 -1.26000e-01  3.51845e-01     7.058e-04
 4.08000e-01 -1.26000e-01  3.51845e-01     7.058e-04
 5.10000e-01 -1.26000e-01  3.51845e-01     0.000e+00
-5.10000e-01 -8.40000e-02  3.51845e-01     0.000e+00
-4.08000e-01 -8.40000e-02  3.51845e-01     7.087e-04
-3.06000e-01 -8.40000e-02  3.51845e-01     7.087e-04
-2.04000e-01 -8.40000e-02  3.51845e-01     7.087e-04
-1.02000e-01 -8.40000e-02  3.51845e-01     7.087e-04
 0.00000e+00 -8.40000e-02  3.51845e-01     7.087e-04
 1.02000e-01 -8.40000e-02  3.51845e-01     7.087e-04
 2.04000e-01 -8.40000e-02  3.51845e-01     7.087e-04
 3.06000e-01 -8.40000e-02  3.51845e-01     7.087e-04
 4.08000e-01 -8.40000e-02  3.51845e-01     7.087e-04
 5.10000e-01 -8.40000e-02  3.51845e-01     0.000e+00
-5.10000e-01 -4.20000e-02  3.51845e-01     0.000e+00
-4.08000e-01 -4.20000e-02  3.51845e-01     7.105e-04
-3.06000e-01 -4.20000e-02  3.51845e-01     7.105e-04
-2.04000e-01 -4.20000e-02  3.51845e-01     7.105e-04
-1.02000e-01 -4.20000e-02  3.51845e-01     7.105e-04
 0.00000e+00 -4.20000e-02  3.51845e-01     7.105e-04
 1.02000e-01 -4.20000e-02  3.51845e-01     7.105e-04
 2.04000e-01 -4.20000e-02  3.51845e-01     7.105e-04
 3.06000e-01 -4.20000e-02  3.51845e-01     7.105e-04
 4.08000e-01 -4.20000e-02  3.51845e-01     7.105e-04
 5.10000e-01 -4.20000e-02  3.51845e-01     0.000e+00
-5.10000e-01  0.00000e+00  3.51845e-01     0.000e+00
-4.08000e-01  0.00000e+00  3.51845e-01     7.111e-04
-3.06000e-01  0.00000e+00  3.51845e-01     7.111e-04
-2.04000e-01  0.00000e+00  3.51845e-01     7.111e-04
-1.02000e-01  0.00000e+00  3.51845e-01     7.111e-04
 0.00000e+00  0.00000e+00  3.51845e-01     7.111e-04
 1.02000e-01  0.00000e+00  3.51845e-01     7.111e-04
 2.04000e-01  0.00000e+00  3.51845e-01     7.111e-04
 3.06000e-01  0.00000e+00  3.51845e-01     7.111e-04
 4.08000e-01  0.00000e+00  3.51845e-01     7.111e-04
 5.10000e-01  0.00000e+00  3.51845e-01     0.000e+00
-5.10000e-01  4.20000e-02  3.51845e-01     0.000e+00
-4.08000e-01  4.20000e-02  3.51845e-01     7.105e-04
-3.06000e-01  4.20000e-02  3.51845e-01     7.105e-04
-2.04000e-01  4.20000e-02  3.51845e-01     7.105e-04
-1.02000e-01  4.20000e-02  3.51845e-01     7.105e-04
 0.00000e+00  4.20000e-02  3.51845e-01     7.105e-04
 1.02000e-01  4.20000e-02  3.51845e-01     7.105e-04
 2.04000e-01  4.20000e-02  3.51845e-01     7.105e-04
 3.06000e-01  4.20000e-02  3.51845e-01     7.105e-04
 4.08000e-01  4.20000e-02  3.51845e-01     7.105e-04
 5.10000e-01  4.20000e-02  3.51845e-01     0.000e+00
-5.10000e-01  8.40000e-02  3.51845e-01     0.000e+00
-4.08000e-01  8.40000e-02  3.51845e-01     7.087e-04
-3.06000e-01  8.40000e-02  3.51845e-01     7.087e-04
-2.04000e-01  8.40000e-02  3.51845e-01     7.087e-04
-1.02000e-01  8.40000e-02  3.51845e-01     7.087e-04
 0.00000e+00  8.40000e-02  3.51845e-01     7.087e-04
 1.02000e-01  8.40000e-02  3.51845e-01     7.087e-04
 2.04000e-01  8.40000e-02  3.51845e-01     7.087e-04
 3.06000e-01  8.40000e-02  3.51845e-01     7.087e-04
 4.08000e-01  8.40000e-02  3.51845e-01     7.087e-04
 5.10000e-01  8.40000e-02  3.51845e-01     0.000e+00
-5.10000e-01  1.26000e-01  3.51845e-01     0.000e+00
-4.08000e-01  1.26000e-01  3.51845e-01     7.058e-04
-3.06000e-01  1.26000e-01  3.51845e-01     7.058e-04
-2.04000e-01  1.26000e-01  3.51845e-01     7.058e-04
-1.02000e-01  1.26000e-01  3.51845e-01     7.058e-04
 0.00000e+00  1.26000e-01  3.51845e-01     7.058e-04
 1.02000e-01  1.26000e-01  3.51845e-01     7.058e-04
 2.04000e-01  1.26000e-01  3.51845e-01     7.058e-04
 3.06000e-01  1.26000e-01  3.51845e-01     7.058e-04
 4.08000e-01  1.26000e-01  3.51845e-01     7.058e-04
 5.10000e-01  1.26000e-01  3.51845e-01     0.000e+00
-5.10000e-01  1.68000e-01  3.51845e-01     0.000e+00
-4.08000e-01  1.68000e-01  3.51845e-01     7.017e-04
-3.06000e-01  1.68000e-01  3.51845e-01     7.017e-04
-2.04000e-01  1.68000e-01  3.51845e-01     7.017e-04
-1.02000e-01  1.68000e-01  3.51845e-01     7.017e-04
 0.00000e+00  1.68000e-01  3.51845e-01     7.017e-04
 1.02000e-01  1.68000e-01  3.51845e-01     7.017e-04
 2.04000e-01  1.68000e-01  3.51845e-01     7.017e-04
 3.06000e-01  1.68000e-01  3.51845e-01     7.017e-04
 4.08000e-01  1.68000e-01  3.51845e-01     7.017e-04
 5.10000e-01  1.68000e-01  3.51845e-01     0.000e+00
-5.10000e-01  2.10000e-01  3.51845e-01     0.000e+00
-4.08000e-01  2.10000e-01  3.51845e-01     0.000e+00
-3.06000e-01  2.10000e-01  3.51845e-01     0.000e+00
-2.04000e-01  2.10000e-01  3.51845e-01     0.000e+00
-1.02000e-01  2.10000e-01  3.51845e-01     0.000e+00
 0.00000e+00  2.10000e-01  3.51845e-01     0.000e+00
 1.02000e-01  2.10000e-01  3.51845e-01     0.000e+00
 2.04000e-01  2.10000e-01  3.51845e-01     0.000e+00
 3.06000e-01  2.10000e-01  3.51845e-01     0.000e+00
 4.08000e-01  2.10000e-01  3.51845e-01     0.000e+00
 5.10000e-01  2.10000e-01  3.51845e-01     0.000e+00
-5.10000e-01 -2.10000e-01  3.55473e-01     0.000e+00
-4.08000e-01 -2.10000e-01  3.55473e-01     0.000e+00
-3.06000e-01 -2.10000e-01  3.55473e-01     0.000e+00
-2.04000e-01 -2.10000e-01  3.55473e-01     0.000e+00
-1.02000e-01 -2.10000e-01  3.55473e-01     0.000e+00
 0.00000e+00 -2.10000e-01  3.55473e-01     0.000e+00
 1.02000e-01 -2.10000e-01  3.55473e-01     0.000e+00
 2.04000e-01 -2.10000e-01  3.55473e-01     0.000e+00
 3.06000e-01 -2.10000e-01  3.55473e-01     0.000e+00
 4.08000e-01 -2.10000e-01  3.55473e-01     0.000e+00
 5.10000e-01 -2.10000e-01  3.55473e-01     0.000e+00
-5.10000e-01 -1.68000e-01  3.55473e-01     0.000e+00
-4.08000e-01 -1.68000e-01  3.55473e-01     6.926e-04
-3.06000e-01 -1.68000e-01  3.55473e-01     6.926e-04
-2.04000e-01 -1.68000e-01  3.55473e-01     6.926e-04
-1.02000e-01 -1.68000e-01  3.55473e-01     6.926e-04
 0.00000e+00 -1.68000e-01  3.55473e-01     6.926e-04
 1.02000e-01 -1.68000e-01  3.55473e-01     6.926e-04
 2.04000e-01 -1.68000e-01  3.55473e-01     6.926e-04
 3.06000e-01 -1.68000e-01  3.55473e-01     6.926e-04
 4.08000e-01 -1.68000e-01  3.55473e-01     6.926e-04
 5.10000e-01 -1.68000e-01  3.55473e-01     0.000e+00
-5.10000e-01 -1.26000e-01  3.55473e-01     0.000e+00
-4.08000e-01 -1.26000e-01  3.55473e-01     6.966e-04
-3.06000e-01 -1.26000e-01  3.55473e-01     6.966e-04
-2.04000e-01 -1.26000e-01  3.55473e-01     6.966e-04
-1.02000e-01 -1.26000e-01  3.55473e-01     6.966e-04
 0.00000e+00 -1.26000e-01  3.55473e-01     6.966e-04
 1.02000e-01 -1.26000e-01  3.55473e-01     6.966e-04
 2.04000e-01 -1.26000e-01  3.55473e-01     6.966e-04
 3.06000e-01 -1.26000e-01  3.55473e-01     6.966e-04
 4.08000e-01 -1.26000e-01  3.55473e-01     6.966e-04
 5.10000e-01 -1.26000e-01  3.55473e-01     0.000e+00
-5.10000e-01 -8.40000e-02  3.55473e-01     0.000e+00
-4.08000e-01 -8.40000e-02  3.55473e-01     6.995e-04
-3.06000e-01 -8.40000e-02  3.55473e-01     6.995e-04
-2.04000e-01 -8.40000e-02  3.55473e-01     6.995e-04
-1.02000e-01 -8.40000e-02  3.55473e-01     6.995e-04
 0.00000e+00 -8.40000e-02  3.55473e-01     6.995e-04
 1.02000e-01 -8.40000e-02  3.55473e-01     6.995e-04
 2.04000e-01 -8.40000e-02  3.55473e-01     6.995e-04
 3.06000e-01 -8.40000e-02  3.55473e-01     6.995e-04
 4.08000e-01 -8.40000e-02  3.55473e-01     6.995e-04
 5.10000e-01 -8.40000e-02  3.55473e-01     0.000e+00
-5.10000e-01 -4.20000e-02  3.55473e-01     0.000e+00
-4.08000e-01 -4.20000e-02  3.55473e-01     7.013e-04
-3.06000e-01 -4.20000e-02  3.55473e-01     7.013e-04
-2.04000e-01 -4.20000e-02  3.55473e-01     7.013e-04
-1.02000e-01 -4.20000e-02  3.55473e-01     7.013e-04
 0.00000e+00 -4.20000e-02  3.55473e-01     7.013e-04
 1.02000e-01 -4.20000e-02  3.55473e-01     7.013e-04
 2.04000e-01 -4.20000e-02  3.55473e-01     7.013e-04
 3.06000e-01 -4.20000e-02  3.55473e-01     7.013e-04
 4.08000e-01 -4.20000e-02  3.55473e-01     7.013e-04
 5.10000e-01 -4.20000e-02  3.55473e-01     0.000e+00
-5.10000e-01  0.00000e+00  3.55473e-01     0.000e+00
-4.08000e-01  0.00000e+00  3.55473e-01     7.018e-04
-3.06000e-01  0.00000e+00  3.55473e-01     7.018e-04
-2.04000e-01  0.00000e+00  3.55473e-01     7.018e-04
-1.02000e-01  0.00000e+00  3.55473e-01     7.018e-04
 0.00000e+00  0.00000e+00  3.55473e-01     7.018e-04
 1.02000e-01  0.00000e+00  3.55473e-01     7.018e-04
 2.04000e-01  0.00000e+00  3.55473e-01     7.018e-04
 3.06000e-01  0.00000e+00  3.55473e-01     7.018e-04
 4.08000e-01  0.00000e+00  3.55473e-01     7.018e-04
 5.10000e-01  0.00000e+00  3.55473e-01     0.000e+00
-5.10000e-01  4.20000e-02  3.55473e-01     0.000e+00
-4.08000e-01  4.20000e-02  3.55473e-01     7.013e-04
-3.06000e-01  4.20000e-02  3.55473e-01     7.013e-04
-2.04000e-01  4.20000e-02  3.55473e-01     7.013e-04
-1.02000e-01  4.20000e-02  3.55473e-01     7.013e-04
 0.00000e+00  4.20000e-02  3.55473e-01     7.013e-04
 1.02000e-01  4.20000e-02  3.55473e-01     7.013e-04
 2.04000e-01  4.20000e-02  3.55473e-01     7.013e-04
 3.06000e-01  4.20000e-02  3.55473e-01     7.013e-04
 4.08000e-01  4.20000e-02  3.55473e-01     7.013e-04
 5.10000e-01  4.20000e-02  3.55473e-01     0.000e+00
-5.10000e-01  8.40000e-02  3.55473e-01     0.000e+00
-4.08000e-01  8.40000e-02  3.55473e-01     6.995e-04
-3.06000e-01  8.40000e-02  3.55473e-01     6.995e-04
-2.04000e-01  8.40000e-02  3.55473e-01     6.995e-04
-1.02000e-01  8.40000e-02  3.55473e-01     6.995e-04
 0.00000e+00  8.40000e-02  3.55473e-01     6.995e-04
 1.02000e-01  8.40000e-02  3.55473e-01     6.995e-04
 2.04000e-01  8.40000e-02  3.55473e-01     6.995e-04
 3.06000e-01  8.40000e-02  3.55473e-01     6.995e-04
 4.08000e-01  8.40000e-02  3.55473e-01     6.995e-04
 5.10000e-01  8.40000e-02  3.55473e-01     0.000e+00
-5.10000e-01  1.26000e-01  3.55473e-01     0.000e+00
-4.08000e-01  1.26000e-01  3.55473e-01     6.966e-04
-3.06000e-01  1.26000e-01  3.55473e-01     6.966e-04
-2.04000e-01  1.26000e-01  3.55473e-01     6.966e-04
-1.02000e-01  1.26000e-01  3.55473e-01     6.966e-04
 0.00000e+00  1.26000e-01  3.55473e-01     6.966e-04
 1.02000e-01  1.26000e-01  3.55473e-01     6.966e-04
 2.04000e-01  1.26000e-01  3.55473e-01     6.966e-04
 3.06000e-01  1.26000e-01  3.55473e-01     6.966e-04
 4.08000e-01  1.26000e-01  3.55473e-01     6.966e-04
 5.10000e-01  1.26000e-01  3.55473e-01     0.000e+00
-5.10000e-01  1.68000e-01  3.55473e-01     0.000e+00
-4.08000e-01  1.68000e-01  3.55473e-01     6.926e-04
-3.06000e-01  1.68000e-01  3.55473e-01     6.926e-04
-2.04000e-01  1.68000e-01  3.55473e-01     6.926e-04
-1.02000e-01  1.68000e-01  3.55473e-01     6.926e-04
 0.00000e+00  1.68000e-01  3.55473e-01     6.926e-04
 1.02000e-01  1.68000e-01  3.55473e-01     6.926e-04
 2.04000e-01  1.68000e-01  3.55473e-01     6.926e-04
 3.06000e-01  1.68000e-01  3.55473e-01     6.926e-04
 4.08000e-01  1.68000e-01  3.55473e-01     6.926e-04
 5.10000e-01  1.68000e-01  3.55473e-01     0.000e+00
-5.10000e-01  2.10000e-01  3.55473e-01     0.000e+00
-4.08000e-01  2.10000e-01  3.55473e-01     0.000e+00
-3.06000e-01  2.10000e-01  3.55473e-01     0.000e+00
-2.04000e-01  2.10000e-01  3.55473e-01     0.000e+00
-1.02000e-01  2.10000e-01  3.55473e-01     0.000e+00
 0.00000e+00  2.10000e-01  3.55473e-01     0.000e+00
 1.02000e-01  2.10000e-01  3.55473e-01     0.000e+00
 2.04000e-01  2.10000e-01  3.55473e-01     0.000e+00
 3.06000e-01  2.10000e-01  3.55473e-01     0.000e+00
 4.08000e-01  2.10000e-01  3.55473e-01     0.000e+00
 5.10000e-01  2.10000e-01  3.55473e-01     0.000e+00
-5.10000e-01 -2.10000e-01  3.59100e-01     0.000e+00
-4.08000e-01 -2.10000e-01  3.59100e-01     0.000e+00
-3.06000e-01 -2.10000e-01  3.59100e-01     0.000e+00
-2.04000e-01 -2.10000e-01  3.59100e-01     0.000e+00
-1.02000e-01 -2.10000e-01  3.59100e-01     0.000e+00
 0.00000e+00 -2.10000e-01  3.59100e-01     0.000e+00
 1.02000e-01 -2.10000e-01  3.59100e-01     0.000e+00
 2.04000e-01 -2.10000e-01  3.59100e-01     0.000e+00
 3.06000e-01 -2.10000e-01  3.59100e-01     0.000e+00
 4.08000e-01 -2.10000e-01  3.59100e-01     0.000e+00
 5.10000e-01 -2.10000e-01  3.59100e-01     0.000e+00
-5.10000e-01 -1.68000e-01  3.59100e-01     0.000e+00
-4.08000e-01 -1.68000e-01  3.59100e-01     6.836e-04
-3.06000e-01 -1.68000e-01  3.59100e-01     6.836e-04
-2.04000e-01 -1.68000e-01  3.59100e-01     6.836e-04
-1.02000e-01 -1.68000e-01  3.59100e-01     6.836e-04
 0.00000e+00 -1.68000e-01  3.59100e-01     6.836e-04
 1.02000e-01 -1.68000e-01  3.59100e-01     6.836e-04
 2.04000e-01 -1.68000e-01  3.59100e-01     6.836e-04
 3.06000e-01 -1.68000e-01  3.59100e-01     6.836e-04
 4.08000e-01 -1.68000e-01  3.59100e-01     6.836e-04
 5.10000e-01 -1.68000e-01  3.59100e-01     0.000e+00
-5.10000e-01 -1.26000e-01  3.59100e-01     0.000e+00
-4.08000e-01 -1.26000e-01  3.59100e-01     6.876e-04
-3.06000e-01 -1.26000e-01  3.59100e-01     6.876e-04
-2.04000e-01 -1.26000e-01  3.59100e-01     6.876e-04
-1.02000e-01 -1.26000e-01  3.59100e-01     6.876e-04
 0.00000e+00 -1.26000e-01  3.59100e-01     6.876e-04
 1.02000e-01 -1.26000e-01  3.59100e-01     6.876e-04
 2.04000e-01 -1.26000e-01  3.59100e-01     6.876e-04
 3.06000e-01 -1.26000e-01  3.59100e-01     6.876e-04
 4.08000e-01 -1.26000e-01  3.59100e-01     6.876e-04
 5.10000e-01 -1.26000e-01  3.59100e-01     0.000e+00
-5.10000e-01 -8.40000e-02  3.59100e-01     0.000e+00
-4.08000e-01 -8.40000e-02  3.59100e-01     6.905e-04
-3.06000e-01 -8.40000e-02  3.59100e-01     6.905e-04
-2.04000e-01 -8.40000e-02  3.59100e-01     6.905e-04
-1.02000e-01 -8.40000e-02  3.59100e-01     6.905e-04
 0.00000e+00 -8.40000e-02  3.59100e-01     6.905e-04
 1.02000e-01 -8.40000e-02  3.59100e-01     6.905e-04
 2.04000e-01 -8.40000e-02  3.59100e-01     6.905e-04
 3.06000e-01 -8.40000e-02  3.59100e-01     6.905e-04
 4.08000e-01 -8.40000e-02  3.59100e-01     6.905e-04
 5.10000e-01 -8.40000e-02  3.59100e-01     0.000e+00
-5.10000e-01 -4.20000e-02  3.59100e-01     0.000e+00
-4.08000e-01 -4.20000e-02  3.59100e-01     6.922e-04
-3.06000e-01 -4.20000e-02  3.59100e-01     6.922e-04
-2.04000e-01 -4.20000e-02  3.59100e-01     6.922e-04
-1.02000e-01 -4.20000e-02  3.59100e-01     6.922e-04
 0.00000e+00 -4.20000e-02  3.59100e-01     6.922e-04
 1.02000e-01 -4.20000e-02  3.59100e-01     6.922e-04
 2.04000e-01 -4.20000e-02  3.59100e-01     6.922e-04
 3.06000e-01 -4.20000e-02  3.59100e-01     6.922e-04
 4.08000e-01 -4.20000e-02  3.59100e-01     6.922e-04
 5.10000e-01 -4.20000e-02  3.59100e-01     0.000e+00
-5.10000e-01  0.00000e+00  3.59100e-01     0.000e+00
-4.08000e-01  0.00000e+00  3.59100e-01     6.928e-04
-3.06000e-01  0.00000e+00  3.59100e-01     6.928e-04
-2.04000e-01  0.00000e+00  3.59100e-01     6.928e-04
-1.02000e-01  0.00000e+00  3.59100e-01     6.928e-04
 0.00000e+00  0.00000e+00  3.59100e-01     6.928e-04
 1.02000e-01  0.00000e+00  3.59100e-01     6.928e-04
 2.04000e-01  0.00000e+00  3.59100e-01     6.928e-04
 3.06000e-01  0.00000e+00  3.59100e-01     6.928e-04
 4.08000e-01  0.00000e+00  3.59100e-01     6.928e-04
 5.10000e-01  0.00000e+00  3.59100e-01     0.000e+00
-5.10000e-01  4.20000e-02  3.59100e-01     0.000e+00
-4.08000e-01  4.20000e-02  3.59100e-01     6.922e-04
-3.06000e-01  4.20000e-02  3.59100e-01     6.922e-04
-2.04000e-01  4.20000e-02  3.59100e-01     6.922e-04
-1.02000e-01  4.20000e-02  3.59100e-01     6.922e-04
 0.00000e+00  4.20000e-02  3.59100e-01     6.922e-04
 1.02000e-01  4.20000e-02  3.59100e-01     6.922e-04
 2.04000e-01  4.20000e-02  3.59100e-01     6.922e-04
 3.06000e-01  4.20000e-02  3.59100e-01     6.922e-04
 4.08000e-01  4.20000e-02  3.59100e-01     6.922e-04
 5.10000e-01  4.20000e-02  3.59100e-01     0.000e+00
-5.10000e-01  8.40000e-02  3.59100e-01     0.000e+00
-4.08000e-01  8.40000e-02  3.59100e-01     6.905e-04
-3.06000e-01  8.40000e-02  3.59100e-01     6.905e-04
-2.04000e-01  8.40000e-02  3.59100e-01     6.905e-04
-1.02000e-01  8.40000e-02  3.59100e-01     6.905e-04
 0.00000e+00  8.40000e-02  3.59100e-01     6.905e-04
 1.02000e-01  8.40000e-02  3.59100e-01     6.905e-04
 2.04000e-01  8.40000e-02  3.59100e-01     6.905e-04
 3.06000e-01  8.40000e-02  3.59100e-01     6.905e-04
 4.08000e-01  8.40000e-02  3.59100e-01     6.905e-04
 5.10000e-01  8.40000e-02  3.59100e-01     0.000e+00
-5.10000e-01  1.26000e-01  3.59100e-01     0.000e+00
-4.08000e-01  1.26000e-01  3.59100e-01     6.876e-04
-3.06000e-01  1.26000e-01  3.59100e-01     6.876e-04
-2.04000e-01  1.26000e-01  3.59100e-01     6.876e-04
-1.02000e-01  1.26000e-01  3.59100e-01     6.876e-04
 0.00000e+00  1.26000e-01  3.59100e-01     6.876e-04
 1.02000e-01  1.26000e-01  3.59100e-01     6.876e-04
 2.04000e-01  1.26000e-01  3.59100e-01     6.876e-04
 3.06000e-01  1.26000e-01  3.59100e-01     6.876e-04
 4.08000e-01  1.26000e-01  3.59100e-01     6.876e-04
 5.10000e-01  1.26000e-01  3.59100e-01     0.000e+00
-5.10000e-01  1.68000e-01  3.59100e-01     0.000e+00
-4.08000e-01  1.68000e-01  3.59100e-01     6.836e-04
-3.06000e-01  1.68000e-01  3.59100e-01     6.836e-04
-2.04000e-01  1.68000e-01  3.59100e-01     6.836e-04
-1.02000e-01  1.68000e-01  3.59100e-01     6.836e-04
 0.00000e+00  1.68000e-01  3.59100e-01     6.836e-04
 1.02000e-01  1.68000e-01  3.59100e-01     6.836e-04
 2.04000e-01  1.68000e-01  3.59100e-01     6.836e-04
 3.06000e-01  1.68000e-01  3.59100e-01     6.836e-04
 4.08000e-01  1.68000e-01  3.59100e-01     6.836e-04
 5.10000e-01  1.68000e-01  3.59100e-01     0.000e+00
-5.10000e-01  2.10000e-01  3.59100e-01     0.000e+00
-4.08000e-01  2.10000e-01  3.59100e-01     0.000e+00
-3.06000e-01  2.10000e-01  3.59100e-01     0.000e+00
-2.04000e-01  2.10000e-01  3.59100e-01     0.000e+00
-1.02000e-01  2.10000e-01  3.59100e-01     0.000e+00
 0.00000e+00  2.10000e-01  3.59100e-01     0.000e+00
 1.02000e-01  2.10000e-01  3.59100e-01     0.000e+00
 2.04000e-01  2.10000e-01  3.59100e-01     0.000e+00
 3.06000e-01  2.10000e-01  3.59100e-01     0.000e+00
 4.08000e-01  2.10000e-01  3.59100e-01     0.000e+00
 5.10000e-01  2.10000e-01  3.59100e-01     0.000e+00
-5.10000e-01 -2.10000e-01  3.62727e-01     0.000e+00
-4.08000e-01 -2.10000e-01  3.62727e-01     0.000e+00
-3.06000e-01 -2.10000e-01  3.62727e-01     0.000e+00
-2.04000e-01 -2.10000e-01  3.62727e-01     0.000e+00
-1.02000e-01 -2.10000e-01  3.62727e-01     0.000e+00
 0.00000e+00 -2.10000e-01  3.62727e-01     0.000e+00
 1.02000e-01 -2.10000e-01  3.62727e-01     0.000e+00
 2.04000e-01 -2.10000e-01  3.62727e-01     0.000e+00
 3.06000e-01 -2.10000e-01  3.62727e-01     0.000e+00
 4.08000e-01 -2.10000e-01  3.62727e-01     0.000e+00
 5.10000e-01 -2.10000e-01  3.62727e-01     0.000e+00
-5.10000e-01 -1.68000e-01  3.62727e-01     0.000e+00
-4.08000e-01 -1.68000e-01  3.62727e-01     6.749e-04
-3.06000e-01 -1.68000e-01  3.62727e-01     6.749e-04
-2.04000e-01 -1.68000e-01  3.62727e-01     6.749e-04
-1.02000e-01 -1.68000e-01  3.62727e-01     6.749e-04
 0.00000e+00 -1.68000e-01  3.62727e-01     6.749e-04
 1.02000e-01 -1.68000e-01  3.62727e-01     6.749e-04
 2.04000e-01 -1.68000e-01  3.62727e-01     6.749e-04
 3.06000e-01 -1.68000e-01  3.62727e-01     6.749e-04
 4.08000e-01 -1.68000e-01  3.62727e-01     6.749e-04
 5.10000e-01 -1.68000e-01  3.62727e-01     0.000e+00
-5.10000e-01 -1.26000e-01  3.62727e-01     0.000e+00
-4.08000e-01 -1.26000e-01  3.62727e-01     6.788e-04
-3.06000e-01 -1.26000e-01  3.62727e-01     6.788e-04
-2.04000e-01 -1.26000e-01  3.62727e-01     6.788e-04
-1.02000e-01 -1.26000e-01  3.62727e-01     6.788e-04
 0.00000e+00 -1.26000e-01  3.62727e-01     6.788e-04
 1.02000e-01 -1.26000e-01  3.62727e-01     6.788e-04
 2.04000e-01 -1.26000e-01  3.62727e-01     6.788e-04
 3.06000e-01 -1.26000e-01  3.62727e-01     6.788e-04
 4.08000e-01 -1.26000e-01  3.62727e-01     6.788e-04
 5.10000e-01 -1.26000e-01  3.62727e-01     0.000e+00
-5.10000e-01 -8.40000e-02  3.62727e-01     0.000e+00
-4.08000e-01 -8.40000e-02  3.62727e-01     6.817e-04
-3.06000e-01 -8.40000e-02  3.62727e-01     6.817e-04
-2.04000e-01 -8.40000e-02  3.62727e-01     6.817e-04
-1.02000e-01 -8.40000e-02  3.62727e-01     6.817e-04
 0.00000e+00 -8.40000e-02  3.62727e-01     6.817e-04
 1.02000e-01 -8.40000e-02  3.62727e-01     6.817e-04
 2.04000e-01 -8.40000e-02  3.62727e-01     6.817e-04
 3.06000e-01 -8.40000e-02  3.62727e-01     6.817e-04
 4.08000e-01 -8.40000e-02  3.62727e-01     6.817e-04
 5.10000e-01 -8.40000e-02  3.62727e-01     0.000e+00
-5.10000e-01 -4.20000e-02  3.62727e-01     0.000e+00
-4.08000e-01 -4.20000e-02  3.62727e-01     6.834e-04
-3.06000e-01 -4.20000e-02  3.62727e-01     6.834e-04
-2.04000e-01 -4.20000e-02  3.62727e-01     6.834e-04
-1.02000e-01 -4.20000e-02  3.62727e-01     6.834e-04
 0.00000e+00 -4.20000e-02  3.62727e-01     6.834e-04
 1.02000e-01 -4.20000e-02  3.62727e-01     6.834e-04
 2.04000e-01 -4.20000e-02  3.62727e-01     6.834e-04
 3.06000e-01 -4.20000e-02  3.62727e-01     6.834e-04
 4.08000e-01 -4.20000e-02  3.62727e-01     6.834e-04
 5.10000e-01 -4.20000e-02  3.62727e-01     0.000e+00
-5.10000e-01  0.00000e+00  3.62727e-01     0.000e+00
-4.08000e-01  0.00000e+00  3.62727e-01     6.840e-04
-3.06000e-01  0.00000e+00  3.62727e-01     6.840e-04
-2.04000e-01  0.00000e+00  3.62727e-01     6.840e-04
-1.02000e-01  0.00000e+00  3.62727e-01     6.840e-04
 0.00000e+00  0.00000e+00  3.62727e-01     6.840e-04
 1.02000e-01  0.00000e+00  3.62727e-01     6.840e-04
 2.04000e-01  0.00000e+00  3.62727e-01     6.840e-04
 3.06000e-01  0.00000e+00  3.62727e-01     6.840e-04
 4.08000e-01  0.00000e+00  3.62727e-01     6.840e-04
 5.10000e-01  0.00000e+00  3.62727e-01     0.000e+00
-5.10000e-01  4.20000e-02  3.62727e-01     0.000e+00
-4.08000e-01  4.20000e-02  3.62727e-01     6.834e-04
-3.06000e-01  4.20000e-02  3.62727e-01     6.834e-04
-2.04000e-01  4.20000e-02  3.62727e-01     6.834e-04
-1.02000e-01  4.20000e-02  3.62727e-01     6.834e-04
 0.00000e+00  4.20000e-02  3.62727e-01     6.834e-04
 1.02000e-01  4.20000e-02  3.62727e-01     6.834e-04
 2.04000e-01  4.20000e-02  3.62727e-01     6.834e-04
 3.06000e-01  4.20000e-02  3.62727e-01     6.834e-04
 4.08000e-01  4.20000e-02  3.62727e-01     6.834e-04
 5.10000e-01  4.20000e-02  3.62727e-01     0.000e+00
-5.10000e-01  8.40000e-02  3.62727e-01     0.000e+00
-4.08000e-01  8.40000e-02  3.62727e-01     6.817e-04
-3.06000e-01  8.40000e-02  3.62727e-01     6.817e-04
-2.04000e-01  8.40000e-02  3.62727e-01     6.817e-04
-1.02000e-01  8.40000e-02  3.62727e-01     6.817e-04
 0.00000e+00  8.40000e-02  3.62727e-01     6.817e-04
 1.02000e-01  8.40000e-02  3.62727e-01     6.817e-04
 2.04000e-01  8.40000e-02  3.62727e-01     6.817e-04
 3.06000e-01  8.40000e-02  3.62727e-01     6.817e-04
 4.08000e-01  8.40000e-02  3.62727e-01     6.817e-04
 5.10000e-01  8.40000e-02  3.62727e-01     0.000e+00
-5.10000e-01  1.26000e-01  3.62727e-01     0.000e+00
-4.08000e-01  1.26000e-01  3.62727e-01     6.788e-04
-3.06000e-01  1.26000e-01  3.62727e-01     6.788e-04
-2.04000e-01  1.26000e-01  3.62727e-01     6.788e-04
-1.02000e-01  1.26000e-01  3.62727e-01     6.788e-04
 0.00000e+00  1.26000e-01  3.62727e-01     6.788e-04
 1.02000e-01  1.26000e-01  3.62727e-01     6.788e-04
 2.04000e-01  1.26000e-01  3.62727e-01     6.788e-04
 3.06000e-01  1.26000e-01  3.62727e-01     6.788e-04
 4.08000e-01  1.26000e-01  3.62727e-01     6.788e-04
 5.10000e-01  1.26000e-01  3.62727e-01     0.000e+00
-5.10000e-01  1.68000e-01  3.62727e-01     0.000e+00
-4.08000e-01  1.68000e-01  3.62727e-01     6.749e-04
-3.06000e-01  1.68000e-01  3.62727e-01     6.749e-04
-2.04000e-01  1.68000e-01  3.62727e-01     6.749e-04
-1.02000e-01  1.68000e-01  3.62727e-01     6.749e-04
 0.00000e+00  1.68000e-01  3.62727e-01     6.749e-04
 1.02000e-01  1.68000e-01  3.62727e-01     6.749e-04
 2.04000e-01  1.68000e-01  3.62727e-01     6.749e-04
 3.06000e-01  1.68000e-01  3.62727e-01     6.749e-04
 4.08000e-01  1.68000e-01  3.62727e-01     6.749e-04
 5.10000e-01  1.68000e-01  3.62727e-01     0.000e+00
-5.10000e-01  2.10000e-01  3.62727e-01     0.000e+00
-4.08000e-01  2.10000e-01  3.62727e-01     0.000e+00
-3.06000e-01  2.10000e-01  3.62727e-01     0.000e+00
-2.04000e-01  2.10000e-01  3.62727e-01     0.000e+00
-1.02000e-01  2.10000e-01  3.62727e-01     0.000e+00
 0.00000e+00  2.10000e-01  3.62727e-01     0.000e+00
 1.02000e-01  2.10000e-01  3.62727e-01     0.000e+00
 2.04000e-01  2.10000e-01  3.62727e-01     0.000e+00
 3.06000e-01  2.10000e-01  3.62727e-01     0.000e+00
 4.08000e-01  2.10000e-01  3.62727e-01     0.000e+00
 5.10000e-01  2.10000e-01  3.62727e-01     0.000e+00
-5.10000e-01 -2.10000e-01  3.66355e-01     0.000e+00
-4.08000e-01 -2.10000e-01  3.66355e-01     0.000e+00
-3.06000e-01 -2.10000e-01  3.66355e-01     0.000e+00
-2.04000e-01 -2.10000e-01  3.66355e-01     0.000e+00
-1.02000e-01 -2.10000e-01  3.66355e-01     0.000e+00
 0.00000e+00 -2.10000e-01  3.66355e-01     0.000e+00
 1.02000e-01 -2.10000e-01  3.66355e-01     0.000e+00
 2.04000e-01 -2.10000e-01  3.66355e-01     0.000e+00
 3.06000e-01 -2.10000e-01  3.66355e-01     0.000e+00
 4.08000e-01 -2.10000e-01  3.66355e-01     0.000e+00
 5.10000e-01 -2.10000e-01  3.66355e-01     0.000e+00
-5.10000e-01 -1.68000e-01  3.66355e-01     0.000e+00
-4.08000e-01 -1.68000e-01  3.66355e-01     6.663e-04
-3.06000e-01 -1.68000e-01  3.66355e-01     6.663e-04
-2.04000e-01 -1.68000e-01  3.66355e-01     6.663e-04
-1.02000e-01 -1.68000e-01  3.66355e-01     6.663e-04
 0.00000e+00 -1.68000e-01  3.66355e-01     6.663e-04
 1.02000e-01 -1.68000e-01  3.66355e-01     6.663e-04
 2.04000e-01 -1.68000e-01  3.66355e-01     6.663e-04
 3.06000e-01 -1.68000e-01  3.66355e-01     6.663e-04
 4.08000e-01 -1.68000e-01  3.66355e-01     6.663e-04
 5.10000e-01 -1.68000e-01  3.66355e-01     0.000e+00
-5.10000e-01 -1.26000e-01  3.66355e-01     0.000e+00
-4.08000e-01 -1.26000e-01  3.66355e-01     6.702e-04
-3.06000e-01 -1.26000e-01  3.66355e-01     6.702e-04
-2.04000e-01 -1.26000e-01  3.66355e-01     6.702e-04
-1.02000e-01 -1.26000e-01  3.66355e-01     6.702e-04
 0.00000e+00 -1.26000e-01  3.66355e-01     6.702e-04
 1.02000e-01 -1.26000e-01  3.66355e-01     6.702e-04
 2.04000e-01 -1.26000e-01  3.66355e-01     6.702e-04
 3.06000e-01 -1.26000e-01  3.66355e-01     6.702e-04
 4.08000e-01 -1.26000e-01  3.66355e-01     6.702e-04
 5.10000e-01 -1.26000e-01  3.66355e-01     0.000e+00
-5.10000e-01 -8.40000e-02  3.66355e-01     0.000e+00
-4.08000e-01 -8.40000e-02  3.66355e-01     6.730e-04
-3.06000e-01 -8.40000e-02  3.66355e-01     6.730e-04
-2.04000e-01 -8.40000e-02  3.66355e-01     6.730e-04
-1.02000e-01 -8.40000e-02  3.66355e-01     6.730e-04
 0.00000e+00 -8.40000e-02  3.66355e-01     6.730e-04
 1.02000e-01 -8.40000e-02  3.66355e-01     6.730e-04
 2.04000e-01 -8.40000e-02  3.66355e-01     6.730e-04
 3.06000e-01 -8.40000e-02  3.66355e-01     6.730e-04
 4.08000e-01 -8.40000e-02  3.66355e-01     6.730e-04
 5.10000e-01 -8.40000e-02  3.66355e-01     0.000e+00
-5.10000e-01 -4.20000e-02  3.66355e-01     0.000e+00
-4.08000e-01 -4.20000e-02  3.66355e-01     6.747e-04
-3.06000e-01 -4.20000e-02  3.66355e-01     6.747e-04
-2.04000e-01 -4.20000e-02  3.66355e-01     6.747e-04
-1.02000e-01 -4.20000e-02  3.66355e-01     6.747e-04
 0.00000e+00 -4.20000e-02  3.66355e-01     6.747e-04
 1.02000e-01 -4.20000e-02  3.66355e-01     6.747e-04
 2.04000e-01 -4.20000e-02  3.66355e-01     6.747e-04
 3.06000e-01 -4.20000e-02  3.66355e-01     6.747e-04
 4.08000e-01 -4.20000e-02  3.66355e-01     6.747e-04
 5.10000e-01 -4.20000e-02  3.66355e-01     0.000e+00
-5.10000e-01  0.00000e+00  3.66355e-01     0.000e+00
-4.08000e-01  0.00000e+00  3.66355e-01     6.753e-04
-3.06000e-01  0.00000e+00  3.66355e-01     6.753e-04
-2.04000e-01  0.00000e+00  3.66355e-01     6.753e-04
-1.02000e-01  0.00000e+00  3.66355e-01     6.753e-04
 0.00000e+00  0.00000e+00  3.66355e-01     6.753e-04
 1.02000e-01  0.00000e+00  3.66355e-01     6.753e-04
 2.04000e-01  0.00000e+00  3.66355e-01     6.753e-04
 3.06000e-01  0.00000e+00  3.66355e-01     6.753e-04
 4.08000e-01  0.00000e+00  3.66355e-01     6.753e-04
 5.10000e-01  0.00000e+00  3.66355e-01     0.000e+00
-5.10000e-01  4.20000e-02  3.66355e-01     0.000e+00
-4.08000e-01  4.20000e-02  3.66355e-01     6.747e-04
-3.06000e-01  4.20000e-02  3.66355e-01     6.747e-04
-2.04000e-01  4.20000e-02  3.66355e-01     6.747e-04
-1.02000e-01  4.20000e-02  3.66355e-01     6.747e-04
 0.00000e+00  4.20000e-02  3.66355e-01     6.747e-04
 1.02000e-01  4.20000e-02  3.66355e-01     6.747e-04
 2.04000e-01  4.20000e-02  3.66355e-01     6.747e-04
 3.06000e-01  4.20000e-02  3.66355e-01     6.747e-04
 4.08000e-01  4.20000e-02  3.66355e-01     6.747e-04
 5.10000e-01  4.20000e-02  3.66355e-01     0.000e+00
-5.10000e-01  8.40000e-02  3.66355e-01     0.000e+00
-4.08000e-01  8.40000e-02  3.66355e-01     6.730e-04
-3.06000e-01  8.40000e-02  3.66355e-01     6.730e-04
-2.04000e-01  8.40000e-02  3.66355e-01     6.730e-04
-1.02000e-01  8.40000e-02  3.66355e-01     6.730e-04
 0.00000e+00  8.40000e-02  3.66355e-01     6.730e-04
 1.02000e-01  8.40000e-02  3.66355e-01     6.730e-04
 2.04000e-01  8.40000e-02  3.66355e-01     6.730e-04
 3.06000e-01  8.40000e-02  3.66355e-01     6.730e-04
 4.08000e-01  8.40000e-02  3.66355e-01     6.730e-04
 5.10000e-01  8.40000e-02  3.66355e-01     0.000e+00
-5.10000e-01  1.26000e-01  3.66355e-01     0.000e+00
-4.08000e-01  1.26000e-01  3.66355e-01     6.702e-04
-3.06000e-01  1.26000e-01  3.66355e-01     6.702e-04
-2.04000e-01  1.26000e-01  3.66355e-01     6.702e-04
-1.02000e-01  1.26000e-01  3.66355e-01     6.702e-04
 0.00000e+00  1.26000e-01  3.66355e-01     6.702e-04
 1.02000e-01  1.26000e-01  3.66355e-01     6.702e-04
 2.04000e-01  1.26000e-01  3.66355e-01     6.702e-04
 3.06000e-01  1.26000e-01  3.66355e-01     6.702e-04
 4.08000e-01  1.26000e-01  3.66355e-01     6.702e-04
 5.10000e-01  1.26000e-01  3.66355e-01     0.000e+00
-5.10000e-01  1.68000e-01  3.66355e-01     0.000e+00
-4.08000e-01  1.68000e-01  3.66355e-01     6.663e-04
-3.06000e-01  1.68000e-01  3.66355e-01     6.663e-04
-2.04000e-01  1.68000e-01  3.66355e-01     6.663e-04
-1.02000e-01  1.68000e-01  3.66355e-01     6.663e-04
 0.00000e+00  1.68000e-01  3.66355e-01     6.663e-04
 1.02000e-01  1.68000e-01  3.66355e-01     6.663e-04
 2.04000e-01  1.68000e-01  3.66355e-01     6.663e-04
 3.06000e-01  1.68000e-01  3.66355e-01     6.663e-04
 4.08000e-01  1.68000e-01  3.66355e-01     6.663e-04
 5.10000e-01  1.68000e-01  3.66355e-01     0.000e+00
-5.10000e-01  2.10000e-01  3.66355e-01     0.000e+00
-4.08000e-01  2.10000e-01  3.66355e-01     0.000e+00
-3.06000e-01  2.10000e-01  3.66355e-01     0.000e+00
-2.04000e-01  2.10000e-01  3.66355e-01     0.000e+00
-1.02000e-01  2.10000e-01  3.66355e-01     0.000e+00
 0.00000e+00  2.10000e-01  3.66355e-01     0.000e+00
 1.02000e-01  2.10000e-01  3.66355e-01     0.000e+00
 2.04000e-01  2.10000e-01  3.66355e-01     0.000e+00
 3.06000e-01  2.10000e-01  3.66355e-01     0.000e+00
 4.08000e-01  2.10000e-01  3.66355e-01     0.000e+00
 5.10000e-01  2.10000e-01  3.66355e-01     0.000e+00
-5.10000e-01 -2.10000e-01  3.69982e-01     0.000e+00
-4.08000e-01 -2.10000e-01  3.69982e-01     0.000e+00
-3.06000e-01 -2.10000e-01  3.69982e-01     0.000e+00
-2.04000e-01 -2.10000e-01  3.69982e-01     0.000e+00
-1.02000e-01 -2.10000e-01  3.69982e-01     0.000e+00
 0.00000e+00 -2.10000e-01  3.69982e-01     0.000e+00
 1.02000e-01 -2.10000e-01  3.69982e-01     0.000e+00
 2.04000e-01 -2.10000e-01  3.69982e-01     0.000e+00
 3.06000e-01 -2.10000e-01  3.69982e-01     0.000e+00
 4.08000e-01 -2.10000e-01  3.69982e-01     0.000e+00
 5.10000e-01 -2.10000e-01  3.69982e-01     0.000e+00
-5.10000e-01 -1.68000e-01  3.69982e-01     0.000e+00
-4.08000e-01 -1.68000e-01  3.69982e-01     6.579e-04
-3.06000e-01 -1.68000e-01  3.69982e-01     6.579e-04
-2.04000e-01 -1.68000e-01  3.69982e-01     6.579e-04
-1.02000e-01 -1.68000e-01  3.69982e-01     6.579e-04
 0.00000e+00 -1.68000e-01  3.69982e-01     6.579e-04
 1.02000e-01 -1.68000e-01  3.69982e-01     6.579e-04
 2.04000e-01 -1.68000e-01  3.69982e-01     6.579e-04
 3.06000e-01 -1.68000e-01  3.69982e-01     6.579e-04
 4.08000e-01 -1.68000e-01  3.69982e-01     6.579e-04
 5.10000e-01 -1.68000e-01  3.69982e-01     0.000e+00
-5.10000e-01 -1.26000e-01  3.69982e-01     0.000e+00
-4.08000e-01 -1.26000e-01  3.69982e-01     6.618e-04
-3.06000e-01 -1.26000e-01  3.69982e-01     6.618e-04
-2.04000e-01 -1.26000e-01  3.69982e-01     6.618e-04
-1.02000e-01 -1.26000e-01  3.69982e-01     6.618e-04
 0.00000e+00 -1.26000e-01  3.69982e-01     6.618e-04
 1.02000e-01 -1.26000e-01  3.69982e-01     6.618e-04
 2.04000e-01 -1.26000e-01  3.69982e-01     6.618e-04
 3.06000e-01 -1.26000e-01  3.69982e-01     6.618e-04
 4.08000e-01 -1.26000e-01  3.69982e-01     6.618e-04
 5.10000e-01 -1.26000e-01  3.69982e-01     0.000e+00
-5.10000e-01 -8.40000e-02  3.69982e-01     0.000e+00
-4.08000e-01 -8.40000e-02  3.69982e-01     6.646e-04
-3.06000e-01 -8.40000e-02  3.69982e-01     6.646e-04
-2.04000e-01 -8.40000e-02  3.69982e-01     6.646e-04
-1.02000e-01 -8.40000e-02  3.69982e-01     6.646e-04
 0.00000e+00 -8.40000e-02  3.69982e-01     6.646e-04
 1.02000e-01 -8.40000e-02  3.69982e-01     6.646e-04
 2.04000e-01 -8.40000e-02  3.69982e-01     6.646e-04
 3.06000e-01 -8.40000e-02  3.69982e-01     6.646e-04
 4.08000e-01 -8.40000e-02  3.69982e-01     6.646e-04
 5.10000e-01 -8.40000e-02  3.69982e-01     0.000e+00
-5.10000e-01 -4.20000e-02  3.69982e-01     0.000e+00
-4.08000e-01 -4.20000e-02  3.69982e-01     6.662e-04
-3.06000e-01 -4.20000e-02  3.69982e-01     6.662e-04
-2.04000e-01 -4.20000e-02  3.69982e-01     6.662e-04
-1.02000e-01 -4.20000e-02  3.69982e-01     6.662e-04
 0.00000e+00 -4.20000e-02  3.69982e-01     6.662e-04
 1.02000e-01 -4.20000e-02  3.69982e-01     6.662e-04
 2.04000e-01 -4.20000e-02  3.69982e-01     6.662e-04
 3.06000e-01 -4.20000e-02  3.69982e-01     6.662e-04
 4.08000e-01 -4.20000e-02  3.69982e-01     6.662e-04
 5.10000e-01 -4.20000e-02  3.69982e-01     0.000e+00
-5.10000e-01  0.00000e+00  3.69982e-01     0.000e+00
-4.08000e-01  0.00000e+00  3.69982e-01     6.668e-04
-3.06000e-01  0.00000e+00  3.69982e-01     6.668e-04
-2.04000e-01  0.00000e+00  3.69982e-01     6.668e-04
-1.02000e-01  0.00000e+00  3.69982e-01     6.668e-04
 0.00000e+00  0.00000e+00  3.69982e-01     6.668e-04
 1.02000e-01  0.00000e+00  3.69982e-01     6.668e-04
 2.04000e-01  0.00000e+00  3.69982e-01     6.668e-04
 3.06000e-01  0.00000e+00  3.69982e-01     6.668e-04
 4.08000e-01  0.00000e+00  3.69982e-01     6.668e-04
 5.10000e-01  0.00000e+00  3.69982e-01     0.000e+00
-5.10000e-01  4.20000e-02  3.69982e-01     0.000e+00
-4.08000e-01  4.20000e-02  3.69982e-01     6.662e-04
-3.06000e-01  4.20000e-02  3.69982e-01     6.662e-04
-2.04000e-01  4.20000e-02  3.69982e-01     6.662e-04
-1.02000e-01  4.20000e-02  3.69982e-01     6.662e-04
 0.00000e+00  4.20000e-02  3.69982e-01     6.662e-04
 1.02000e-01  4.20000e-02  3.69982e-01     6.662e-04
 2.04000e-01  4.20000e-02  3.69982e-01     6.662e-04
 3.06000e-01  4.20000e-02  3.69982e-01     6.662e-04
 4.08000e-01  4.20000e-02  3.69982e-01     6.662e-04
 5.10000e-01  4.20000e-02  3.69982e-01     0.000e+00
-5.10000e-01  8.40000e-02  3.69982e-01     0.000e+00
-4.08000e-01  8.40000e-02  3.69982e-01     6.646e-04
-3.06000e-01  8.40000e-02  3.69982e-01     6.646e-04
-2.04000e-01  8.40000e-02  3.69982e-01     6.646e-04
-1.02000e-01  8.40000e-02  3.69982e-01     6.646e-04
 0.00000e+00  8.40000e-02  3.69982e-01     6.646e-04
 1.02000e-01  8.40000e-02  3.69982e-01     6.646e-04
 2.04000e-01  8.40000e-02  3.69982e-01     6.646e-04
 3.06000e-01  8.40000e-02  3.69982e-01     6.646e-04
 4.08000e-01  8.40000e-02  3.69982e-01     6.646e-04
 5.10000e-01  8.40000e-02  3.69982e-01     0.000e+00
-5.10000e-01  1.26000e-01  3.69982e-01     0.000e+00
-4.08000e-01  1.26000e-01  3.69982e-01     6.618e-04
-3.06000e-01  1.26000e-01  3.69982e-01     6.618e-04
-2.04000e-01  1.26000e-01  3.69982e-01     6.618e-04
-1.02000e-01  1.26000e-01  3.69982e-01     6.618e-04
 0.00000e+00  1.26000e-01  3.69982e-01     6.618e-04
 1.02000e-01  1.26000e-01  3.69982e-01     6.618e-04
 2.04000e-01  1.26000e-01  3.69982e-01     6.618e-04
 3.06000e-01  1.26000e-01  3.69982e-01     6.618e-04
 4.08000e-01  1.26000e-01  3.69982e-01     6.618e-04
 5.10000e-01  1.26000e-01  3.69982e-01     0.000e+00
-5.10000e-01  1.68000e-01  3.69982e-01     0.000e+00
-4.08000e-01  1.68000e-01  3.69982e-01     6.579e-04
-3.06000e-01  1.68000e-01  3.69982e-01     6.579e-04
-2.04000e-01  1.68000e-01  3.69982e-01     6.579e-04
-1.02000e-01  1.68000e-01  3.69982e-01     6.579e-04
 0.00000e+00  1.68000e-01  3.69982e-01     6.579e-04
 1.02000e-01  1.68000e-01  3.69982e-01     6.579e-04
 2.04000e-01  1.68000e-01  3.69982e-01     6.579e-04
 3.06000e-01  1.68000e-01  3.69982e-01     6.579e-04
 4.08000e-01  1.68000e-01  3.69982e-01     6.579e-04
 5.10000e-01  1.68000e-01  3.69982e-01     0.000e+00
-5.10000e-01  2.10000e-01  3.69982e-01     0.000e+00
-4.08000e-01  2.10000e-01  3.69982e-01     0.000e+00
-3.06000e-01  2.10000e-01  3.69982e-01     0.000e+00
-2.04000e-01  2.10000e-01  3.69982e-01     0.000e+00
-1.02000e-01  2.10000e-01  3.69982e-01     0.000e+00
 0.00000e+00  2.10000e-01  3.69982e-01     0.000e+00
 1.02000e-01  2.10000e-01  3.69982e-01     0.000e+00
 2.04000e-01  2.10000e-01  3.69982e-01     0.000e+00
 3.06000e-01  2.10000e-01  3.69982e-01     0.000e+00
 4.08000e-01  2.10000e-01  3.69982e-01     0.000e+00
 5.10000e-01  2.10000e-01  3.69982e-01     0.000e+00
-5.10000e-01 -2.10000e-01  3.73609e-01     0.000e+00
-4.08000e-01 -2.10000e-01  3.73609e-01     0.000e+00
-3.06000e-01 -2.10000e-01  3.73609e-01     0.000e+00
-2.04000e-01 -2.10000e-01  3.73609e-01     0.000e+00
-1.02000e-01 -2.10000e-01  3.73609e-01     0.000e+00
 0.00000e+00 -2.10000e-01  3.73609e-01     0.000e+00
 1.02000e-01 -2.10000e-01  3.73609e-01     0.000e+00
 2.04000e-01 -2.10000e-01  3.73609e-01     0.000e+00
 3.06000e-01 -2.10000e-01  3.73609e-01     0.000e+00
 4.08000e-01 -2.10000e-01  3.73609e-01     0.000e+00
 5.10000e-01 -2.10000e-01  3.73609e-01     0.000e+00
-5.10000e-01 -1.68000e-01  3.73609e-01     0.000e+00
-4.08000e-01 -1.68000e-01  3.73609e-01     6.497e-04
-3.06000e-01 -1.68000e-01  3.73609e-01     6.497e-04
-2.04000e-01 -1.68000e-01  3.73609e-01     6.497e-04
-1.02000e-01 -1.68000e-01  3.73609e-01     6.497e-04
 0.00000e+00 -1.68000e-01  3.73609e-01     6.497e-04
 1.02000e-01 -1.68000e-01  3.73609e-01     6.497e-04
 2.04000e-01 -1.68000e-01  3.73609e-01     6.497e-04
 3.06000e-01 -1.68000e-01  3.73609e-01     6.497e-04
 4.08000e-01 -1.68000e-01  3.73609e-01     6.497e-04
 5.10000e-01 -1.68000e-01  3.73609e-01     0.000e+00
-5.10000e-01 -1.26000e-01  3.73609e-01     0.000e+00
-4.08000e-01 -1.26000e-01  3.73609e-01     6.535e-04
-3.06000e-01 -1.26000e-01  3.73609e-01     6.535e-04
-2.04000e-01 -1.26000e-01  3.73609e-01     6.535e-04
-1.02000e-01 -1.26000e-01  3.73609e-01     6.535e-04
 0.00000e+00 -1.26000e-01  3.73609e-01     6.535e-04
 1.02000e-01 -1.26000e-01  3.73609e-01     6.535e-04
 2.04000e-01 -1.26000e-01  3.73609e-01     6.535e-04
 3.06000e-01 -1.26000e-01  3.73609e-01     6.535e-04
 4.08000e-01 -1.26000e-01  3.73609e-01     6.535e-04
 5.10000e-01 -1.26000e-01  3.73609e-01     0.000e+00
-5.10000e-01 -8.40000e-02  3.73609e-01     0.000e+00
-4.08000e-01 -8.40000e-02  3.73609e-01     6.563e-04
-3.06000e-01 -8.40000e-02  3.73609e-01     6.563e-04
-2.04000e-01 -8.40000e-02  3.73609e-01     6.563e-04
-1.02000e-01 -8.40000e-02  3.73609e-01     6.563e-04
 0.00000e+00 -8.40000e-02  3.73609e-01     6.563e-04
 1.02000e-01 -8.40000e-02  3.73609e-01     6.563e-04
 2.04000e-01 -8.40000e-02  3.73609e-01     6.563e-04
 3.06000e-01 -8.40000e-02  3.73609e-01     6.563e-04
 4.08000e-01 -8.40000e-02  3.73609e-01     6.563e-04
 5.10000e-01 -8.40000e-02  3.73609e-01     0.000e+00
-5.10000e-01 -4.20000e-02  3.73609e-01     0.000e+00
-4.08000e-01 -4.20000e-02  3.73609e-01     6.579e-04
-3.06000e-01 -4.20000e-02  3.73609e-01     6.579e-04
-2.04000e-01 -4.20000e-02  3.73609e-01     6.579e-04
-1.02000e-01 -4.20000e-02  3.73609e-01     6.579e-04
 0.00000e+00 -4.20000e-02  3.73609e-01     6.579e-04
 1.02000e-01 -4.20000e-02  3.73609e-01     6.579e-04
 2.04000e-01 -4.20000e-02  3.73609e-01     6.579e-04
 3.06000e-01 -4.20000e-02  3.73609e-01     6.579e-04
 4.08000e-01 -4.20000e-02  3.73609e-01     6.579e-04
 5.10000e-01 -4.20000e-02  3.73609e-01     0.000e+00
-5.10000e-01  0.00000e+00  3.73609e-01     0.000e+00
-4.08000e-01  0.00000e+00  3.73609e-01     6.585e-04
-3.06000e-01  0.00000e+00  3.73609e-01     6.585e-04
-2.04000e-01  0.00000e+00  3.73609e-01     6.585e-04
-1.02000e-01  0.00000e+00  3.73609e-01     6.585e-04
 0.00000e+00  0.00000e+00  3.73609e-01     6.585e-04
 1.02000e-01  0.00000e+00  3.73609e-01     6.585e-04
 2.04000e-01  0.00000e+00  3.73609e-01     6.585e-04
 3.06000e-01  0.00000e+00  3.73609e-01     6.585e-04
 4.08000e-01  0.00000e+00  3.73609e-01     6.585e-04
 5.10000e-01  0.00000e+00  3.73609e-01     0.000e+00
-5.10000e-01  4.20000e-02  3.73609e-01     0.000e+00
-4.08000e-01  4.20000e-02  3.73609e-01     6.579e-04
-3.06000e-01  4.20000e-02  3.73609e-01     6.579e-04
-2.04000e-01  4.20000e-02  3.73609e-01     6.579e-04
-1.02000e-01  4.20000e-02  3.73609e-01     6.579e-04
 0.00000e+00  4.20000e-02  3.73609e-01     6.579e-04
 1.02000e-01  4.20000e-02  3.73609e-01     6.579e-04
 2.04000e-01  4.20000e-02  3.73609e-01     6.579e-04
 3.06000e-01  4.20000e-02  3.73609e-01     6.579e-04
 4.08000e-01  4.20000e-02  3.73609e-01     6.579e-04
 5.10000e-01  4.20000e-02  3.73609e-01     0.000e+00
-5.10000e-01  8.40000e-02  3.73609e-01     0.000e+00
-4.08000e-01  8.40000e-02  3.73609e-01     6.563e-04
-3.06000e-01  8.40000e-02  3.73609e-01     6.563e-04
-2.04000e-01  8.40000e-02  3.73609e-01     6.563e-04
-1.02000e-01  8.40000e-02  3.73609e-01     6.563e-04
 0.00000e+00  8.40000e-02  3.73609e-01     6.563e-04
 1.02000e-01  8.40000e-02  3.73609e-01     6.563e-04
 2.04000e-01  8.40000e-02  3.73609e-01     6.563e-04
 3.06000e-01  8.40000e-02  3.73609e-01     6.563e-04
 4.08000e-01  8.40000e-02  3.73609e-01     6.563e-04
 5.10000e-01  8.40000e-02  3.73609e-01     0.000e+00
-5.10000e-01  1.26000e-01  3.73609e-01     0.000e+00
-4.08000e-01  1.26000e-01  3.73609e-01     6.535e-04
-3.06000e-01  1.26000e-01  3.73609e-01     6.535e-04
-2.04000e-01  1.26000e-01  3.73609e-01     6.535e-04
-1.02000e-01  1.26000e-01  3.73609e-01     6.535e-04
 0.00000e+00  1.26000e-01  3.73609e-01     6.535e-04
 1.02000e-01  1.26000e-01  3.73609e-01     6.535e-04
 2.04000e-01  1.26000e-01  3.73609e-01     6.535e-04
 3.06000e-01  1.26000e-01  3.73609e-01     6.535e-04
 4.08000e-01  1.26000e-01  3.73609e-01     6.535e-04
 5.10000e-01  1.26000e-01  3.73609e-01     0.000e+00
-5.10000e-01  1.68000e-01  3.73609e-01     0.000e+00
-4.08000e-01  1.68000e-01  3.73609e-01     6.497e-04
-3.06000e-01  1.68000e-01  3.73609e-01     6.497e-04
-2.04000e-01  1.68000e-01  3.73609e-01     6.497e-04
-1.02000e-01  1.68000e-01  3.73609e-01     6.497e-04
 0.00000e+00  1.68000e-01  3.73609e-01     6.497e-04
 1.02000e-01  1.68000e-01  3.73609e-01     6.497e-04
 2.04000e-01  1.68000e-01  3.73609e-01     6.497e-04
 3.06000e-01  1.68000e-01  3.73609e-01     6.497e-04
 4.08000e-01  1.68000e-01  3.73609e-01     6.497e-04
 5.10000e-01  1.68000e-01  3.73609e-01     0.000e+00
-5.10000e-01  2.10000e-01  3.73609e-01     0.000e+00
-4.08000e-01  2.10000e-01  3.73609e-01     0.000e+00
-3.06000e-01  2.10000e-01  3.73609e-01     0.000e+00
-2.04000e-01  2.10000e-01  3.73609e-01     0.000e+00
-1.02000e-01  2.10000e-01  3.73609e-01     0.000e+00
 0.00000e+00  2.10000e-01  3.73609e-01     0.000e+00
 1.02000e-01  2.10000e-01  3.73609e-01     0.000e+00
 2.04000e-01  2.10000e-01  3.73609e-01     0.000e+00
 3.06000e-01  2.10000e-01  3.73609e-01     0.000e+00
 4.08000e-01  2.10000e-01  3.73609e-01     0.000e+00
 5.10000e-01  2.10000e-01  3.73609e-01     0.000e+00
-5.10000e-01 -2.10000e-01  3.77236e-01     0.000e+00
-4.08000e-01 -2.10000e-01  3.77236e-01     0.000e+00
-3.06000e-01 -2.10000e-01  3.77236e-01     0.000e+00
-2.04000e-01 -2.10000e-01  3.77236e-01     0.000e+00
-1.02000e-01 -2.10000e-01  3.77236e-01     0.000e+00
 0.00000e+00 -2.10000e-01  3.77236e-01     0.000e+00
 1.02000e-01 -2.10000e-01  3.77236e-01     0.000e+00
 2.04000e-01 -2.10000e-01  3.77236e-01     0.000e+00
 3.06000e-01 -2.10000e-01  3.77236e-01     0.000e+00
 4.08000e-01 -2.10000e-01  3.77236e-01     0.000e+00
 5.10000e-01 -2.10000e-01  3.77236e-01     0.000e+00
-5.10000e-01 -1.68000e-01  3.77236e-01     0.000e+00
-4.08000e-01 -1.68000e-01  3.77236e-01     6.416e-04
-3.06000e-01 -1.68000e-01  3.77236e-01     6.416e-04
-2.04000e-01 -1.68000e-01  3.77236e-01     6.416e-04
-1.02000e-01 -1.68000e-01  3.77236e-01     6.416e-04
 0.00000e+00 -1.68000e-01  3.77236e-01     6.416e-04
 1.02000e-01 -1.68000e-01  3.77236e-01     6.416e-04
 2.04000e-01 -1.68000e-01  3.77236e-01     6.416e-04
 3.06000e-01 -1.68000e-01  3.77236e-01     6.416e-04
 4.08000e-01 -1.68000e-01  3.77236e-01     6.416e-04
 5.10000e-01 -1.68000e-01  3.77236e-01     0.000e+00
-5.10000e-01 -1.26000e-01  3.77236e-01     0.000e+00
-4.08000e-01 -1.26000e-01  3.77236e-01     6.454e-04
-3.06000e-01 -1.26000e-01  3.77236e-01     6.454e-04
-2.04000e-01 -1.26000e-01  3.77236e-01     6.454e-04
-1.02000e-01 -1.26000e-01  3.77236e-01     6.454e-04
 0.00000e+00 -1.26000e-01  3.77236e-01     6.454e-04
 1.02000e-01 -1.26000e-01  3.77236e-01     6.454e-04
 2.04000e-01 -1.26000e-01  3.77236e-01     6.454e-04
 3.06000e-01 -1.26000e-01  3.77236e-01     6.454e-04
 4.08000e-01 -1.26000e-01  3.77236e-01     6.454e-04
 5.10000e-01 -1.26000e-01  3.77236e-01     0.000e+00
-5.10000e-01 -8.40000e-02  3.77236e-01     0.000e+00
-4.08000e-01 -8.40000e-02  3.77236e-01     6.481e-04
-3.06000e-01 -8.40000e-02  3.77236e-01     6.481e-04
-2.04000e-01 -8.40000e-02  3.77236e-01     6.481e-04
-1.02000e-01 -8.40000e-02  3.77236e-01     6.481e-04
 0.00000e+00 -8.40000e-02  3.77236e-01     6.481e-04
 1.02000e-01 -8.40000e-02  3.77236e-01     6.481e-04
 2.04000e-01 -8.40000e-02  3.77236e-01     6.481e-04
 3.06000e-01 -8.40000e-02  3.77236e-01     6.481e-04
 4.08000e-01 -8.40000e-02  3.77236e-01     6.481e-04
 5.10000e-01 -8.40000e-02  3.77236e-01     0.000e+00
-5.10000e-01 -4.20000e-02  3.77236e-01     0.000e+00
-4.08000e-01 -4.20000e-02  3.77236e-01     6.498e-04
-3.06000e-01 -4.20000e-02  3.77236e-01     6.498e-04
-2.04000e-01 -4.20000e-02  3.77236e-01     6.498e-04
-1.02000e-01 -4.20000e-02  3.77236e-01     6.498e-04
 0.00000e+00 -4.20000e-02  3.77236e-01     6.498e-04
 1.02000e-01 -4.20000e-02  3.77236e-01     6.498e-04
 2.04000e-01 -4.20000e-02  3.77236e-01     6.498e-04
 3.06000e-01 -4.20000e-02  3.77236e-01     6.498e-04
 4.08000e-01 -4.20000e-02  3.77236e-01     6.498e-04
 5.10000e-01 -4.20000e-02  3.77236e-01     0.000e+00
-5.10000e-01  0.00000e+00  3.77236e-01     0.000e+00
-4.08000e-01  0.00000e+00  3.77236e-01     6.503e-04
-3.06000e-01  0.00000e+00  3.77236e-01     6.503e-04
-2.04000e-01  0.00000e+00  3.77236e-01     6.503e-04
-1.02000e-01  0.00000e+00  3.77236e-01     6.503e-04
 0.00000e+00  0.00000e+00  3.77236e-01     6.503e-04
 1.02000e-01  0.00000e+00  3.77236e-01     6.503e-04
 2.04000e-01  0.00000e+00  3.77236e-01     6.503e-04
 3.06000e-01  0.00000e+00  3.77236e-01     6.503e-04
 4.08000e-01  0.00000e+00  3.77236e-01     6.503e-04
 5.10000e-01  0.00000e+00  3.77236e-01     0.000e+00
-5.10000e-01  4.20000e-02  3.77236e-01     0.000e+00
-4.08000e-01  4.20000e-02  3.77236e-01     6.498e-04
-3.06000e-01  4.20000e-02  3.77236e-01     6.498e-04
-2.04000e-01  4.20000e-02  3.77236e-01     6.498e-04
-1.02000e-01  4.20000e-02  3.77236e-01     6.498e-04
 0.00000e+00  4.20000e-02  3.77236e-01     6.498e-04
 1.02000e-01  4.20000e-02  3.77236e-01     6.498e-04
 2.04000e-01  4.20000e-02  3.77236e-01     6.498e-04
 3.06000e-01  4.20000e-02  3.77236e-01     6.498e-04
 4.08000e-01  4.20000e-02  3.77236e-01     6.498e-04
 5.10000e-01  4.20000e-02  3.77236e-01     0.000e+00
-5.10000e-01  8.40000e-02  3.77236e-01     0.000e+00
-4.08000e-01  8.40000e-02  3.77236e-01     6.481e-04
-3.06000e-01  8.40000e-02  3.77236e-01     6.481e-04
-2.04000e-01  8.40000e-02  3.77236e-01     6.481e-04
-1.02000e-01  8.40000e-02  3.77236e-01     6.481e-04
 0.00000e+00  8.40000e-02  3.77236e-01     6.481e-04
 1.02000e-01  8.40000e-02  3.77236e-01     6.481e-04
 2.04000e-01  8.40000e-02  3.77236e-01     6.481e-04
 3.06000e-01  8.40000e-02  3.77236e-01     6.481e-04
 4.08000e-01  8.40000e-02  3.77236e-01     6.481e-04
 5.10000e-01  8.40000e-02  3.77236e-01     0.000e+00
-5.10000e-01  1.26000e-01  3.77236e-01     0.000e+00
-4.08000e-01  1.26000e-01  3.77236e-01     6.454e-04
-3.06000e-01  1.26000e-01  3.77236e-01     6.454e-04
-2.04000e-01  1.26000e-01  3.77236e-01     6.454e-04
-1.02000e-01  1.26000e-01  3.77236e-01     6.454e-04
 0.00000e+00  1.26000e-01  3.77236e-01     6.454e-04
 1.02000e-01  1.26000e-01  3.77236e-01     6.454e-04
 2.04000e-01  1.26000e-01  3.77236e-01     6.454e-04
 3.06000e-01  1.26000e-01  3.77236e-01     6.454e-04
 4.08000e-01  1.26000e-01  3.77236e-01     6.454e-04
 5.10000e-01  1.26000e-01  3.77236e-01     0.000e+00
-5.10000e-01  1.68000e-01  3.77236e-01     0.000e+00
-4.08000e-01  1.68000e-01  3.77236e-01     6.416e-04
-3.06000e-01  1.68000e-01  3.77236e-01     6.416e-04
-2.04000e-01  1.68000e-01  3.77236e-01     6.416e-04
-1.02000e-01  1.68000e-01  3.77236e-01     6.416e-04
 0.00000e+00  1.68000e-01  3.77236e-01     6.416e-04
 1.02000e-01  1.68000e-01  3.77236e-01     6.416e-04
 2.04000e-01  1.68000e-01  3.77236e-01     6.416e-04
 3.06000e-01  1.68000e-01  3.77236e-01     6.416e-04
 4.08000e-01  1.68000e-01  3.77236e-01     6.416e-04
 5.10000e-01  1.68000e-01  3.77236e-01     0.000e+00
-5.10000e-01  2.10000e-01  3.77236e-01     0.000e+00
-4.08000e-01  2.10000e-01  3.77236e-01     0.000e+00
-3.06000e-01  2.10000e-01  3.77236e-01     0.000e+00
-2.04000e-01  2.10000e-01  3.77236e-01     0.000e+00
-1.02000e-01  2.10000e-01  3.77236e-01     0.000e+00
 0.00000e+00  2.10000e-01  3.77236e-01     0.000e+00
 1.02000e-01  2.10000e-01  3.77236e-01     0.000e+00
 2.04000e-01  2.10000e-01  3.77236e-01     0.000e+00
 3.06000e-01  2.10000e-01  3.77236e-01     0.000e+00
 4.08000e-01  2.10000e-01  3.77236e-01     0.000e+00
 5.10000e-01  2.10000e-01  3.77236e-01     0.000e+00
-5.10000e-01 -2.10000e-01  3.80864e-01     0.000e+00
-4.08000e-01 -2.10000e-01  3.80864e-01     0.000e+00
-3.06000e-01 -2.10000e-01  3.80864e-01     0.000e+00
-2.04000e-01 -2.10000e-01  3.80864e-01     0.000e+00
-1.02000e-01 -2.10000e-01  3.80864e-01     0.000e+00
 0.00000e+00 -2.10000e-01  3.80864e-01     0.000e+00
 1.02000e-01 -2.10000e-01  3.80864e-01     0.000e+00
 2.04000e-01 -2.10000e-01  3.80864e-01     0.000e+00
 3.06000e-01 -2.10000e-01  3.80864e-01     0.000e+00
 4.08000e-01 -2.10000e-01  3.80864e-01     0.000e+00
 5.10000e-01 -2.10000e-01  3.80864e-01     0.000e+00
-5.10000e-01 -1.68000e-01  3.80864e-01     0.000e+00
-4.08000e-01 -1.68000e-01  3.80864e-01     6.337e-04
-3.06000e-01 -1.68000e-01  3.80864e-01     6.337e-04
-2.04000e-01 -1.68000e-01  3.80864e-01     6.337e-04
-1.02000e-01 -1.68000e-01  3.80864e-01     6.337e-04
 0.00000e+00 -1.68000e-01  3.80864e-01     6.337e-04
 1.02000e-01 -1.68000e-01  3.80864e-01     6.337e-04
 2.04000e-01 -1.68000e-01  3.80864e-01     6.337e-04
 3.06000e-01 -1.68000e-01  3.80864e-01     6.337e-04
 4.08000e-01 -1.68000e-01  3.80864e-01     6.337e-04
 5.10000e-01 -1.68000e-01  3.80864e-01     0.000e+00
-5.10000e-01 -1.26000e-01  3.80864e-01     0.000e+00
-4.08000e-01 -1.26000e-01  3.80864e-01     6.374e-04
-3.06000e-01 -1.26000e-01  3.80864e-01     6.374e-04
-2.04000e-01 -1.26000e-01  3.80864e-01     6.374e-04
-1.02000e-01 -1.26000e-01  3.80864e-01     6.374e-04
 0.00000e+00 -1.26000e-01  3.80864e-01     6.374e-04
 1.02000e-01 -1.26000e-01  3.80864e-01     6.374e-04
 2.04000e-01 -1.26000e-01  3.80864e-01     6.374e-04
 3.06000e-01 -1.26000e-01  3.80864e-01     6.374e-04
 4.08000e-01 -1.26000e-01  3.80864e-01     6.374e-04
 5.10000e-01 -1.26000e-01  3.80864e-01     0.000e+00
-5.10000e-01 -8.40000e-02  3.80864e-01     0.000e+00
-4.08000e-01 -8.40000e-02  3.80864e-01     6.402e-04
-3.06000e-01 -8.40000e-02  3.80864e-01     6.402e-04
-2.04000e-01 -8.40000e-02  3.80864e-01     6.402e-04
-1.02000e-01 -8.40000e-02  3.80864e-01     6.402e-04
 0.00000e+00 -8.40000e-02  3.80864e-01     6.402e-04
 1.02000e-01 -8.40000e-02  3.80864e-01     6.402e-04
 2.04000e-01 -8.40000e-02  3.80864e-01     6.402e-04
 3.06000e-01 -8.40000e-02  3.80864e-01     6.402e-04
 4.08000e-01 -8.40000e-02  3.80864e-01     6.402e-04
 5.10000e-01 -8.40000e-02  3.80864e-01     0.000e+00
-5.10000e-01 -4.20000e-02  3.80864e-01     0.000e+00
-4.08000e-01 -4.20000e-02  3.80864e-01     6.418e-04
-3.06000e-01 -4.20000e-02  3.80864e-01     6.418e-04
-2.04000e-01 -4.20000e-02  3.80864e-01     6.418e-04
-1.02000e-01 -4.20000e-02  3.80864e-01     6.418e-04
 0.00000e+00 -4.20000e-02  3.80864e-01     6.418e-04
 1.02000e-01 -4.20000e-02  3.80864e-01     6.418e-04
 2.04000e-01 -4.20000e-02  3.80864e-01     6.418e-04
 3.06000e-01 -4.20000e-02  3.80864e-01     6.418e-04
 4.08000e-01 -4.20000e-02  3.80864e-01     6.418e-04
 5.10000e-01 -4.20000e-02  3.80864e-01     0.000e+00
-5.10000e-01  0.00000e+00  3.80864e-01     0.000e+00
-4.08000e-01  0.00000e+00  3.80864e-01     6.423e-04
-3.06000e-01  0.00000e+00  3.80864e-01     6.423e-04
-2.04000e-01  0.00000e+00  3.80864e-01     6.423e-04
-1.02000e-01  0.00000e+00  3.80864e-01     6.423e-04
 0.00000e+00  0.00000e+00  3.80864e-01     6.423e-04
 1.02000e-01  0.00000e+00  3.80864e-01     6.423e-04
 2.04000e-01  0.00000e+00  3.80864e-01     6.423e-04
 3.06000e-01  0.00000e+00  3.80864e-01     6.423e-04
 4.08000e-01  0.00000e+00  3.80864e-01     6.423e-04
 5.10000e-01  0.00000e+00  3.80864e-01     0.000e+00
-5.10000e-01  4.20000e-02  3.80864e-01     0.000e+00
-4.08000e-01  4.20000e-02  3.80864e-01     6.418e-04
-3.06000e-01  4.20000e-02  3.80864e-01     6.418e-04
-2.04000e-01  4.20000e-02  3.80864e-01     6.418e-04
-1.02000e-01  4.20000e-02  3.80864e-01     6.418e-04
 0.00000e+00  4.20000e-02  3.80864e-01     6.418e-04
 1.02000e-01  4.20000e-02  3.80864e-01     6.418e-04
 2.04000e-01  4.20000e-02  3.80864e-01     6.418e-04
 3.06000e-01  4.20000e-02  3.80864e-01     6.418e-04
 4.08000e-01  4.20000e-02  3.80864e-01     6.418e-04
 5.10000e-01  4.20000e-02  3.80864e-01     0.000e+00
-5.10000e-01  8.40000e-02  3.80864e-01     0.000e+00
-4.08000e-01  8.40000e-02  3.80864e-01     6.402e-04
-3.06000e-01  8.40000e-02  3.80864e-01     6.402e-04
-2.04000e-01  8.40000e-02  3.80864e-01     6.402e-04
-1.02000e-01  8.40000e-02  3.80864e-01     6.402e-04
 0.00000e+00  8.40000e-02  3.80864e-01     6.402e-04
 1.02000e-01  8.40000e-02  3.80864e-01     6.402e-04
 2.04000e-01  8.40000e-02  3.80864e-01     6.402e-04
 3.06000e-01  8.40000e-02  3.80864e-01     6.402e-04
 4.08000e-01  8.40000e-02  3.80864e-01     6.402e-04
 5.10000e-01  8.40000e-02  3.80864e-01     0.000e+00
-5.10000e-01  1.26000e-01  3.80864e-01     0.000e+00
-4.08000e-01  1.26000e-01  3.80864e-01     6.374e-04
-3.06000e-01  1.26000e-01  3.80864e-01     6.374e-04
-2.04000e-01  1.26000e-01  3.80864e-01     6.374e-04
-1.02000e-01  1.26000e-01  3.80864e-01     6.374e-04
 0.00000e+00  1.26000e-01  3.80864e-01     6.374e-04
 1.02000e-01  1.26000e-01  3.80864e-01     6.374e-04
 2.04000e-01  1.26000e-01  3.80864e-01     6.374e-04
 3.06000e-01  1.26000e-01  3.80864e-01     6.374e-04
 4.08000e-01  1.26000e-01  3.80864e-01     6.374e-04
 5.10000e-01  1.26000e-01  3.80864e-01     0.000e+00
-5.10000e-01  1.68000e-01  3.80864e-01     0.000e+00
-4.08000e-01  1.68000e-01  3.80864e-01     6.337e-04
-3.06000e-01  1.68000e-01  3.80864e-01     6.337e-04
-2.04000e-01  1.68000e-01  3.80864e-01     6.337e-04
-1.02000e-01  1.68000e-01  3.80864e-01     6.337e-04
 0.00000e+00  1.68000e-01  3.80864e-01     6.337e-04
 1.02000e-01  1.68000e-01  3.80864e-01     6.337e-04
 2.04000e-01  1.68000e-01  3.80864e-01     6.337e-04
 3.06000e-01  1.68000e-01  3.80864e-01     6.337e-04
 4.08000e-01  1.68000e-01  3.80864e-01     6.337e-04
 5.10000e-01  1.68000e-01  3.80864e-01     0.000e+00
-5.10000e-01  2.10000e-01  3.80864e-01     0.000e+00
-4.08000e-01  2.10000e-01  3.80864e-01     0.000e+00
-3.06000e-01  2.10000e-01  3.80864e-01     0.000e+00
-2.04000e-01  2.10000e-01  3.80864e-01     0.000e+00
-1.02000e-01  2.10000e-01  3.80864e-01     0.000e+00
 0.00000e+00  2.10000e-01  3.80864e-01     0.000e+00
 1.02000e-01  2.10000e-01  3.80864e-01     0.000e+00
 2.04000e-01  2.10000e-01  3.80864e-01     0.000e+00
 3.06000e-01  2.10000e-01  3.80864e-01     0.000e+00
 4.08000e-01  2.10000e-01  3.80864e-01     0.000e+00
 5.10000e-01  2.10000e-01  3.80864e-01     0.000e+00
-5.10000e-01 -2.10000e-01  3.84491e-01     0.000e+00
-4.08000e-01 -2.10000e-01  3.84491e-01     0.000e+00
-3.06000e-01 -2.10000e-01  3.84491e-01     0.000e+00
-2.04000e-01 -2.10000e-01  3.84491e-01     0.000e+00
-1.02000e-01 -2.10000e-01  3.84491e-01     0.000e+00
 0.00000e+00 -2.10000e-01  3.84491e-01     0.000e+00
 1.02000e-01 -2.10000e-01  3.84491e-01     0.000e+00
 2.04000e-01 -2.10000e-01  3.84491e-01     0.000e+00
 3.06000e-01 -2.10000e-01  3.84491e-01     0.000e+00
 4.08000e-01 -2.10000e-01  3.84491e-01     0.000e+00
 5.10000e-01 -2.10000e-01  3.84491e-01     0.000e+00
-5.10000e-01 -1.68000e-01  3.84491e-01     0.000e+00
-4.08000e-01 -1.68000e-01  3.84491e-01     6.259e-04
-3.06000e-01 -1.68000e-01  3.84491e-01     6.259e-04
-2.04000e-01 -1.68000e-01  3.84491e-01     6.259e-04
-1.02000e-01 -1.68000e-01  3.84491e-01     6.259e-04
 0.00000e+00 -1.68000e-01  3.84491e-01     6.259e-04
 1.02000e-01 -1.68000e-01  3.84491e-01     6.259e-04
 2.04000e-01 -1.68000e-01  3.84491e-01     6.259e-04
 3.06000e-01 -1.68000e-01  3.84491e-01     6.259e-04
 4.08000e-01 -1.68000e-01  3.84491e-01     6.259e-04
 5.10000e-01 -1.68000e-01  3.84491e-01     0.000e+00
-5.10000e-01 -1.26000e-01  3.84491e-01     0.000e+00
-4.08000e-01 -1.26000e-01  3.84491e-01     6.297e-04
-3.06000e-01 -1.26000e-01  3.84491e-01     6.297e-04
-2.04000e-01 -1.26000e-01  3.84491e-01     6.297e-04
-1.02000e-01 -1.26000e-01  3.84491e-01     6.297e-04
 0.00000e+00 -1.26000e-01  3.84491e-01     6.297e-04
 1.02000e-01 -1.26000e-01  3.84491e-01     6.297e-04
 2.04000e-01 -1.26000e-01  3.84491e-01     6.297e-04
 3.06000e-01 -1.26000e-01  3.84491e-01     6.297e-04
 4.08000e-01 -1.26000e-01  3.84491e-01     6.297e-04
 5.10000e-01 -1.26000e-01  3.84491e-01     0.000e+00
-5.10000e-01 -8.40000e-02  3.84491e-01     0.000e+00
-4.08000e-01 -8.40000e-02  3.84491e-01     6.323e-04
-3.06000e-01 -8.40000e-02  3.84491e-01     6.323e-04
-2.04000e-01 -8.40000e-02  3.84491e-01     6.323e-04
-1.02000e-01 -8.40000e-02  3.84491e-01     6.323e-04
 0.00000e+00 -8.40000e-02  3.84491e-01     6.323e-04
 1.02000e-01 -8.40000e-02  3.84491e-01     6.323e-04
 2.04000e-01 -8.40000e-02  3.84491e-01     6.323e-04
 3.06000e-01 -8.40000e-02  3.84491e-01     6.323e-04
 4.08000e-01 -8.40000e-02  3.84491e-01     6.323e-04
 5.10000e-01 -8.40000e-02  3.84491e-01     0.000e+00
-5.10000e-01 -4.20000e-02  3.84491e-01     0.000e+00
-4.08000e-01 -4.20000e-02  3.84491e-01     6.340e-04
-3.06000e-01 -4.20000e-02  3.84491e-01     6.340e-04
-2.04000e-01 -4.20000e-02  3.84491e-01     6.340e-04
-1.02000e-01 -4.20000e-02  3.84491e-01     6.340e-04
 0.00000e+00 -4.20000e-02  3.84491e-01     6.340e-04
 1.02000e-01 -4.20000e-02  3.84491e-01     6.340e-04
 2.04000e-01 -4.20000e-02  3.84491e-01     6.340e-04
 3.06000e-01 -4.20000e-02  3.84491e-01     6.340e-04
 4.08000e-01 -4.20000e-02  3.84491e-01     6.340e-04
 5.10000e-01 -4.20000e-02  3.84491e-01     0.000e+00
-5.10000e-01  0.00000e+00  3.84491e-01     0.000e+00
-4.08000e-01  0.00000e+00  3.84491e-01     6.345e-04
-3.06000e-01  0.00000e+00  3.84491e-01     6.345e-04
-2.04000e-01  0.00000e+00  3.84491e-01     6.345e-04
-1.02000e-01  0.00000e+00  3.84491e-01     6.345e-04
 0.00000e+00  0.00000e+00  3.84491e-01     6.345e-04
 1.02000e-01  0.00000e+00  3.84491e-01     6.345e-04
 2.04000e-01  0.00000e+00  3.84491e-01     6.345e-04
 3.06000e-01  0.00000e+00  3.84491e-01     6.345e-04
 4.08000e-01  0.00000e+00  3.84491e-01     6.345e-04
 5.10000e-01  0.00000e+00  3.84491e-01     0.000e+00
-5.10000e-01  4.20000e-02  3.84491e-01     0.000e+00
-4.08000e-01  4.20000e-02  3.84491e-01     6.340e-04
-3.06000e-01  4.20000e-02  3.84491e-01     6.340e-04
-2.04000e-01  4.20000e-02  3.84491e-01     6.340e-04
-1.02000e-01  4.20000e-02  3.84491e-01     6.340e-04
 0.00000e+00  4.20000e-02  3.84491e-01     6.340e-04
 1.02000e-01  4.20000e-02  3.84491e-01     6.340e-04
 2.04000e-01  4.20000e-02  3.84491e-01     6.340e-04
 3.06000e-01  4.20000e-02  3.84491e-01     6.340e-04
 4.08000e-01  4.20000e-02  3.84491e-01     6.340e-04
 5.10000e-01  4.20000e-02  3.84491e-01     0.000e+00
-5.10000e-01  8.40000e-02  3.84491e-01     0.000e+00
-4.08000e-01  8.40000e-02  3.84491e-01     6.323e-04
-3.06000e-01  8.40000e-02  3.84491e-01     6.323e-04
-2.04000e-01  8.40000e-02  3.84491e-01     6.323e-04
-1.02000e-01  8.40000e-02  3.84491e-01     6.323e-04
 0.00000e+00  8.40000e-02  3.84491e-01     6.323e-04
 1.02000e-01  8.40000e-02  3.84491e-01     6.323e-04
 2.04000e-01  8.40000e-02  3.84491e-01     6.323e-04
 3.06000e-01  8.40000e-02  3.84491e-01     6.323e-04
 4.08000e-01  8.40000e-02  3.84491e-01     6.323e-04
 5.10000e-01  8.40000e-02  3.84491e-01     0.000e+00
-5.10000e-01  1.26000e-01  3.84491e-01     0.000e+00
-4.08000e-01  1.26000e-01  3.84491e-01     6.297e-04
-3.06000e-01  1.26000e-01  3.84491e-01     6.297e-04
-2.04000e-01  1.26000e-01  3.84491e-01     6.297e-04
-1.02000e-01  1.26000e-01  3.84491e-01     6.297e-04
 0.00000e+00  1.26000e-01  3.84491e-01     6.297e-04
 1.02000e-01  1.26000e-01  3.84491e-01     6.297e-04
 2.04000e-01  1.26000e-01  3.84491e-01     6.297e-04
 3.06000e-01  1.26000e-01  3.84491e-01     6.297e-04
 4.08000e-01  1.26000e-01  3.84491e-01     6.297e-04
 5.10000e-01  1.26000e-01  3.84491e-01     0.000e+00
-5.10000e-01  1.68000e-01  3.84491e-01     0.000e+00
-4.08000e-01  1.68000e-01  3.84491e-01     6.259e-04
-3.06000e-01  1.68000e-01  3.84491e-01     6.259e-04
-2.04000e-01  1.68000e-01  3.84491e-01     6.259e-04
-1.02000e-01  1.68000e-01  3.84491e-01     6.259e-04
 0.00000e+00  1.68000e-01  3.84491e-01     6.259e-04
 1.02000e-01  1.68000e-01  3.84491e-01     6.259e-04
 2.04000e-01  1.68000e-01  3.84491e-01     6.259e-04
 3.06000e-01  1.68000e-01  3.84491e-01     6.259e-04
 4.08000e-01  1.68000e-01  3.84491e-01     6.259e-04
 5.10000e-01  1.68000e-01  3.84491e-01     0.000e+00
-5.10000e-01  2.10000e-01  3.84491e-01     0.000e+00
-4.08000e-01  2.10000e-01  3.84491e-01     0.000e+00
-3.06000e-01  2.10000e-01  3.84491e-01     0.000e+00
-2.04000e-01  2.10000e-01  3.84491e-01     0.000e+00
-1.02000e-01  2.10000e-01  3.84491e-01     0.000e+00
 0.00000e+00  2.10000e-01  3.84491e-01     0.000e+00
 1.02000e-01  2.10000e-01  3.84491e-01     0.000e+00
 2.04000e-01  2.10000e-01  3.84491e-01     0.000e+00
 3.06000e-01  2.10000e-01  3.84491e-01     0.000e+00
 4.08000e-01  2.10000e-01  3.84491e-01     0.000e+00
 5.10000e-01  2.10000e-01  3.84491e-01     0.000e+00
-5.10000e-01 -2.10000e-01  3.88118e-01     0.000e+00
-4.08000e-01 -2.10000e-01  3.88118e-01     0.000e+00
-3.06000e-01 -2.10000e-01  3.88118e-01     0.000e+00
-2.04000e-01 -2.10000e-01  3.88118e-01     0.000e+00
-1.02000e-01 -2.10000e-01  3.88118e-01     0.000e+00
 0.00000e+00 -2.10000e-01  3.88118e-01     0.000e+00
 1.02000e-01 -2.10000e-01  3.88118e-01     0.000e+00
 2.04000e-01 -2.10000e-01  3.88118e-01     0.000e+00
 3.06000e-01 -2.10000e-01  3.88118e-01     0.000e+00
 4.08000e-01 -2.10000e-01  3.88118e-01     0.000e+00
 5.10000e-01 -2.10000e-01  3.88118e-01     0.000e+00
-5.10000e-01 -1.68000e-01  3.88118e-01     0.000e+00
-4.08000e-01 -1.68000e-01  3.88118e-01     6.183e-04
-3.06000e-01 -1.68000e-01  3.88118e-01     6.183e-04
-2.04000e-01 -1.68000e-01  3.88118e-01     6.183e-04
-1.02000e-01 -1.68000e-01  3.88118e-01     6.183e-04
 0.00000e+00 -1.68000e-01  3.88118e-01     6.183e-04
 1.02000e-01 -1.68000e-01  3.88118e-01     6.183e-04
 2.04000e-01 -1.68000e-01  3.88118e-01     6.183e-04
 3.06000e-01 -1.68000e-01  3.88118e-01     6.183e-04
 4.08000e-01 -1.68000e-01  3.88118e-01     6.183e-04
 5.10000e-01 -1.68000e-01  3.88118e-01     0.000e+00
-5.10000e-01 -1.26000e-01  3.88118e-01     0.000e+00
-4.08000e-01 -1.26000e-01  3.88118e-01     6.220e-04
-3.06000e-01 -1.26000e-01  3.88118e-01     6.220e-04
-2.04000e-01 -1.26000e-01  3.88118e-01     6.220e-04
-1.02000e-01 -1.26000e-01  3.88118e-01     6.220e-04
 0.00000e+00 -1.26000e-01  3.88118e-01     6.220e-04
 1.02000e-01 -1.26000e-01  3.88118e-01     6.220e-04
 2.04000e-01 -1.26000e-01  3.88118e-01     6.220e-04
 3.06000e-01 -1.26000e-01  3.88118e-01     6.220e-04
 4.08000e-01 -1.26000e-01  3.88118e-01     6.220e-04
 5.10000e-01 -1.26000e-01  3.88118e-01     0.000e+00
-5.10000e-01 -8.40000e-02  3.88118e-01     0.000e+00
-4.08000e-01 -8.40000e-02  3.88118e-01     6.247e-04
-3.06000e-01 -8.40000e-02  3.88118e-01     6.247e-04
-2.04000e-01 -8.40000e-02  3.88118e-01     6.247e-04
-1.02000e-01 -8.40000e-02  3.88118e-01     6.247e-04
 0.00000e+00 -8.40000e-02  3.88118e-01     6.247e-04
 1.02000e-01 -8.40000e-02  3.88118e-01     6.247e-04
 2.04000e-01 -8.40000e-02  3.88118e-01     6.247e-04
 3.06000e-01 -8.40000e-02  3.88118e-01     6.247e-04
 4.08000e-01 -8.40000e-02  3.88118e-01     6.247e-04
 5.10000e-01 -8.40000e-02  3.88118e-01     0.000e+00
-5.10000e-01 -4.20000e-02  3.88118e-01     0.000e+00
-4.08000e-01 -4.20000e-02  3.88118e-01     6.263e-04
-3.06000e-01 -4.20000e-02  3.88118e-01     6.263e-04
-2.04000e-01 -4.20000e-02  3.88118e-01     6.263e-04
-1.02000e-01 -4.20000e-02  3.88118e-01     6.263e-04
 0.00000e+00 -4.20000e-02  3.88118e-01     6.263e-04
 1.02000e-01 -4.20000e-02  3.88118e-01     6.263e-04
 2.04000e-01 -4.20000e-02  3.88118e-01     6.263e-04
 3.06000e-01 -4.20000e-02  3.88118e-01     6.263e-04
 4.08000e-01 -4.20000e-02  3.88118e-01     6.263e-04
 5.10000e-01 -4.20000e-02  3.88118e-01     0.000e+00
-5.10000e-01  0.00000e+00  3.88118e-01     0.000e+00
-4.08000e-01  0.00000e+00  3.88118e-01     6.268e-04
-3.06000e-01  0.00000e+00  3.88118e-01     6.268e-04
-2.04000e-01  0.00000e+00  3.88118e-01     6.268e-04
-1.02000e-01  0.00000e+00  3.88118e-01     6.268e-04
 0.00000e+00  0.00000e+00  3.88118e-01     6.268e-04
 1.02000e-01  0.00000e+00  3.88118e-01     6.268e-04
 2.04000e-01  0.00000e+00  3.88118e-01     6.268e-04
 3.06000e-01  0.00000e+00  3.88118e-01     6.268e-04
 4.08000e-01  0.00000e+00  3.88118e-01     6.268e-04
 5.10000e-01  0.00000e+00  3.88118e-01     0.000e+00
-5.10000e-01  4.20000e-02  3.88118e-01     0.000e+00
-4.08000e-01  4.20000e-02  3.88118e-01     6.263e-04
-3.06000e-01  4.20000e-02  3.88118e-01     6.263e-04
-2.04000e-01  4.20000e-02  3.88118e-01     6.263e-04
-1.02000e-01  4.20000e-02  3.88118e-01     6.263e-04
 0.00000e+00  4.20000e-02  3.88118e-01     6.263e-04
 1.02000e-01  4.20000e-02  3.88118e-01     6.263e-04
 2.04000e-01  4.20000e-02  3.88118e-01     6.263e-04
 3.06000e-01  4.20000e-02  3.88118e-01     6.263e-04
 4.08000e-01  4.20000e-02  3.88118e-01     6.263e-04
 5.10000e-01  4.20000e-02  3.88118e-01     0.000e+00
-5.10000e-01  8.40000e-02  3.88118e-01     0.000e+00
-4.08000e-01  8.40000e-02  3.88118e-01     6.247e-04
-3.06000e-01  8.40000e-02  3.88118e-01     6.247e-04
-2.04000e-01  8.40000e-02  3.88118e-01     6.247e-04
-1.02000e-01  8.40000e-02  3.88118e-01     6.247e-04
 0.00000e+00  8.40000e-02  3.88118e-01     6.247e-04
 1.02000e-01  8.40000e-02  3.88118e-01     6.247e-04
 2.04000e-01  8.40000e-02  3.88118e-01     6.247e-04
 3.06000e-01  8.40000e-02  3.88118e-01     6.247e-04
 4.08000e-01  8.40000e-02  3.88118e-01     6.247e-04
 5.10000e-01  8.40000e-02  3.88118e-01     0.000e+00
-5.10000e-01  1.26000e-01  3.88118e-01     0.000e+00
-4.08000e-01  1.26000e-01  3.88118e-01     6.220e-04
-3.06000e-01  1.26000e-01  3.88118e-01     6.220e-04
-2.04000e-01  1.26000e-01  3.88118e-01     6.220e-04
-1.02000e-01  1.26000e-01  3.88118e-01     6.220e-04
 0.00000e+00  1.26000e-01  3.88118e-01     6.220e-04
 1.02000e-01  1.26000e-01  3.88118e-01     6.220e-04
 2.04000e-01  1.26000e-01  3.88118e-01     6.220e-04
 3.06000e-01  1.26000e-01  3.88118e-01     6.220e-04
 4.08000e-01  1.26000e-01  3.88118e-01     6.220e-04
 5.10000e-01  1.26000e-01  3.88118e-01     0.000e+00
-5.10000e-01  1.68000e-01  3.88118e-01     0.000e+00
-4.08000e-01  1.68000e-01  3.88118e-01     6.183e-04
-3.06000e-01  1.68000e-01  3.88118e-01     6.183e-04
-2.04000e-01  1.68000e-01  3.88118e-01     6.183e-04
-1.02000e-01  1.68000e-01  3.88118e-01     6.183e-04
 0.00000e+00  1.68000e-01  3.88118e-01     6.183e-04
 1.02000e-01  1.68000e-01  3.88118e-01     6.183e-04
 2.04000e-01  1.68000e-01  3.88118e-01     6.183e-04
 3.06000e-01  1.68000e-01  3.88118e-01     6.183e-04
 4.08000e-01  1.68000e-01  3.88118e-01     6.183e-04
 5.10000e-01  1.68000e-01  3.88118e-01     0.000e+00
-5.10000e-01  2.10000e-01  3.88118e-01     0.000e+00
-4.08000e-01  2.10000e-01  3.88118e-01     0.000e+00
-3.06000e-01  2.10000e-01  3.88118e-01     0.000e+00
-2.04000e-01  2.10000e-01  3.88118e-01     0.000e+00
-1.02000e-01  2.10000e-01  3.88118e-01     0.000e+00
 0.00000e+00  2.10000e-01  3.88118e-01     0.000e+00
 1.02000e-01  2.10000e-01  3.88118e-01     0.000e+00
 2.04000e-01  2.10000e-01  3.88118e-01     0.000e+00
 3.06000e-01  2.10000e-01  3.88118e-01     0.000e+00
 4.08000e-01  2.10000e-01  3.88118e-01     0.000e+00
 5.10000e-01  2.10000e-01  3.88118e-01     0.000e+00
-5.10000e-01 -2.10000e-01  3.91745e-01     0.000e+00
-4.08000e-01 -2.10000e-01  3.91745e-01     0.000e+00
-3.06000e-01 -2.10000e-01  3.91745e-01     0.000e+00
-2.04000e-01 -2.10000e-01  3.91745e-01     0.000e+00
-1.02000e-01 -2.10000e-01  3.91745e-01     0.000e+00
 0.00000e+00 -2.10000e-01  3.91745e-01     0.000e+00
 1.02000e-01 -2.10000e-01  3.91745e-01     0.000e+00
 2.04000e-01 -2.10000e-01  3.91745e-01     0.000e+00
 3.06000e-01 -2.10000e-01  3.91745e-01     0.000e+00
 4.08000e-01 -2.10000e-01  3.91745e-01     0.000e+00
 5.10000e-01 -2.10000e-01  3.91745e-01     0.000e+00
-5.10000e-01 -1.68000e-01  3.91745e-01     0.000e+00
-4.08000e-01 -1.68000e-01  3.91745e-01     6.109e-04
-3.06000e-01 -1.68000e-01  3.91745e-01     6.109e-04
-2.04000e-01 -1.68000e-01  3.91745e-01     6.109e-04
-1.02000e-01 -1.68000e-01  3.91745e-01     6.109e-04
 0.00000e+00 -1.68000e-01  3.91745e-01     6.109e-04
 1.02000e-01 -1.68000e-01  3.91745e-01     6.109e-04
 2.04000e-01 -1.68000e-01  3.91745e-01     6.109e-04
 3.06000e-01 -1.68000e-01  3.91745e-01     6.109e-04
 4.08000e-01 -1.68000e-01  3.91745e-01     6.109e-04
 5.10000e-01 -1.68000e-01  3.91745e-01     0.000e+00
-5.10000e-01 -1.26000e-01  3.91745e-01     0.000e+00
-4.08000e-01 -1.26000e-01  3.91745e-01     6.146e-04
-3.06000e-01 -1.26000e-01  3.91745e-01     6.146e-04
-2.04000e-01 -1.26000e-01  3.91745e-01     6.146e-04
-1.02000e-01 -1.26000e-01  3.91745e-01     6.146e-04
 0.00000e+00 -1.26000e-01  3.91745e-01     6.146e-04
 1.02000e-01 -1.26000e-01  3.91745e-01     6.146e-04
 2.04000e-01 -1.26000e-01  3.91745e-01     6.146e-04
 3.06000e-01 -1.26000e-01  3.91745e-01     6.146e-04
 4.08000e-01 -1.26000e-01  3.91745e-01     6.146e-04
 5.10000e-01 -1.26000e-01  3.91745e-01     0.000e+00
-5.10000e-01 -8.40000e-02  3.91745e-01     0.000e+00
-4.08000e-01 -8.40000e-02  3.91745e-01     6.172e-04
-3.06000e-01 -8.40000e-02  3.91745e-01     6.172e-04
-2.04000e-01 -8.40000e-02  3.91745e-01     6.172e-04
-1.02000e-01 -8.40000e-02  3.91745e-01     6.172e-04
 0.00000e+00 -8.40000e-02  3.91745e-01     6.172e-04
 1.02000e-01 -8.40000e-02  3.91745e-01     6.172e-04
 2.04000e-01 -8.40000e-02  3.91745e-01     6.172e-04
 3.06000e-01 -8.40000e-02  3.91745e-01     6.172e-04
 4.08000e-01 -8.40000e-02  3.91745e-01     6.172e-04
 5.10000e-01 -8.40000e-02  3.91745e-01     0.000e+00
-5.10000e-01 -4.20000e-02  3.91745e-01     0.000e+00
-4.08000e-01 -4.20000e-02  3.91745e-01     6.188e-04
-3.06000e-01 -4.20000e-02  3.91745e-01     6.188e-04
-2.04000e-01 -4.20000e-02  3.91745e-01     6.188e-04
-1.02000e-01 -4.20000e-02  3.91745e-01     6.188e-04
 0.00000e+00 -4.20000e-02  3.91745e-01     6.188e-04
 1.02000e-01 -4.20000e-02  3.91745e-01     6.188e-04
 2.04000e-01 -4.20000e-02  3.91745e-01     6.188e-04
 3.06000e-01 -4.20000e-02  3.91745e-01     6.188e-04
 4.08000e-01 -4.20000e-02  3.91745e-01     6.188e-04
 5.10000e-01 -4.20000e-02  3.91745e-01     0.000e+00
-5.10000e-01  0.00000e+00  3.91745e-01     0.000e+00
-4.08000e-01  0.00000e+00  3.91745e-01     6.193e-04
-3.06000e-01  0.00000e+00  3.91745e-01     6.193e-04
-2.04000e-01  0.00000e+00  3.91745e-01     6.193e-04
-1.02000e-01  0.00000e+00  3.91745e-01     6.193e-04
 0.00000e+00  0.00000e+00  3.91745e-01     6.193e-04
 1.02000e-01  0.00000e+00  3.91745e-01     6.193e-04
 2.04000e-01  0.00000e+00  3.91745e-01     6.193e-04
 3.06000e-01  0.00000e+00  3.91745e-01     6.193e-04
 4.08000e-01  0.00000e+00  3.91745e-01     6.193e-04
 5.10000e-01  0.00000e+00  3.91745e-01     0.000e+00
-5.10000e-01  4.20000e-02  3.91745e-01     0.000e+00
-4.08000e-01  4.20000e-02  3.91745e-01     6.188e-04
-3.06000e-01  4.20000e-02  3.91745e-01     6.188e-04
-2.04000e-01  4.20000e-02  3.91745e-01     6.188e-04
-1.02000e-01  4.20000e-02  3.91745e-01     6.188e-04
 0.00000e+00  4.20000e-02  3.91745e-01     6.188e-04
 1.02000e-01  4.20000e-02  3.91745e-01     6.188e-04
 2.04000e-01  4.20000e-02  3.91745e-01     6.188e-04
 3.06000e-01  4.20000e-02  3.91745e-01     6.188e-04
 4.08000e-01  4.20000e-02  3.91745e-01     6.188e-04
 5.10000e-01  4.20000e-02  3.91745e-01     0.000e+00
-5.10000e-01  8.40000e-02  3.91745e-01     0.000e+00
-4.08000e-01  8.40000e-02  3.91745e-01     6.172e-04
-3.06000e-01  8.40000e-02  3.91745e-01     6.172e-04
-2.04000e-01  8.40000e-02  3.91745e-01     6.172e-04
-1.02000e-01  8.40000e-02  3.91745e-01     6.172e-04
 0.00000e+00  8.40000e-02  3.91745e-01     6.172e-04
 1.02000e-01  8.40000e-02  3.91745e-01     6.172e-04
 2.04000e-01  8.40000e-02  3.91745e-01     6.172e-04
 3.06000e-01  8.40000e-02  3.91745e-01     6.172e-04
 4.08000e-01  8.40000e-02  3.91745e-01     6.172e-04
 5.10000e-01  8.40000e-02  3.91745e-01     0.000e+00
-5.10000e-01  1.26000e-01  3.91745e-01     0.000e+00
-4.08000e-01  1.26000e-01  3.91745e-01     6.146e-04
-3.06000e-01  1.26000e-01  3.91745e-01     6.146e-04
-2.04000e-01  1.26000e-01  3.91745e-01     6.146e-04
-1.02000e-01  1.26000e-01  3.91745e-01     6.146e-04
 0.00000e+00  1.26000e-01  3.91745e-01     6.146e-04
 1.02000e-01  1.26000e-01  3.91745e-01     6.146e-04
 2.04000e-01  1.26000e-01  3.91745e-01     6.146e-04
 3.06000e-01  1.26000e-01  3.91745e-01     6.146e-04
 4.08000e-01  1.26000e-01  3.91745e-01     6.146e-04
 5.10000e-01  1.26000e-01  3.91745e-01     0.000e+00
-5.10000e-01  1.68000e-01  3.91745e-01     0.000e+00
-4.08000e-01  1.68000e-01  3.91745e-01     6.109e-04
-3.06000e-01  1.68000e-01  3.91745e-01     6.109e-04
-2.04000e-01  1.68000e-01  3.91745e-01     6.109e-04
-1.02000e-01  1.68000e-01  3.91745e-01     6.109e-04
 0.00000e+00  1.68000e-01  3.91745e-01     6.109e-04
 1.02000e-01  1.68000e-01  3.91745e-01     6.109e-04
 2.04000e-01  1.68000e-01  3.91745e-01     6.109e-04
 3.06000e-01  1.68000e-01  3.91745e-01     6.109e-04
 4.08000e-01  1.68000e-01  3.91745e-01     6.109e-04
 5.10000e-01  1.68000e-01  3.91745e-01     0.000e+00
-5.10000e-01  2.10000e-01  3.91745e-01     0.000e+00
-4.08000e-01  2.10000e-01  3.91745e-01     0.000e+00
-3.06000e-01  2.10000e-01  3.91745e-01     0.000e+00
-2.04000e-01  2.10000e-01  3.91745e-01     0.000e+00
-1.02000e-01  2.10000e-01  3.91745e-01     0.000e+00
 0.00000e+00  2.10000e-01  3.91745e-01     0.000e+00
 1.02000e-01  2.10000e-01  3.91745e-01     0.000e+00
 2.04000e-01  2.10000e-01  3.91745e-01     0.000e+00
 3.06000e-01  2.10000e-01  3.91745e-01     0.000e+00
 4.08000e-01  2.10000e-01  3.91745e-01     0.000e+00
 5.10000e-01  2.10000e-01  3.91745e-01     0.000e+00
-5.10000e-01 -2.10000e-01  3.95373e-01     0.000e+00
-4.08000e-01 -2.10000e-01  3.95373e-01     0.000e+00
-3.06000e-01 -2.10000e-01  3.95373e-01     0.000e+00
-2.04000e-01 -2.10000e-01  3.95373e-01     0.000e+00
-1.02000e-01 -2.10000e-01  3.95373e-01     0.000e+00
 0.00000e+00 -2.10000e-01  3.95373e-01     0.000e+00
 1.02000e-01 -2.10000e-01  3.95373e-01     0.000e+00
 2.04000e-01 -2.10000e-01  3.95373e-01     0.000e+00
 3.06000e-01 -2.10000e-01  3.95373e-01     0.000e+00
 4.08000e-01 -2.10000e-01  3.95373e-01     0.000e+00
 5.10000e-01 -2.10000e-01  3.95373e-01     0.000e+00
-5.10000e-01 -1.68000e-01  3.95373e-01     0.000e+00
-4.08000e-01 -1.68000e-01  3.95373e-01     6.036e-04
-3.06000e-01 -1.68000e-01  3.95373e-01     6.036e-04
-2.04000e-01 -1.68000e-01  3.95373e-01     6.036e-04
-1.02000e-01 -1.68000e-01  3.95373e-01     6.036e-04
 0.00000e+00 -1.68000e-01  3.95373e-01     6.036e-04
 1.02000e-01 -1.68000e-01  3.95373e-01     6.036e-04
 2.04000e-01 -1.68000e-01  3.95373e-01     6.036e-04
 3.06000e-01 -1.68000e-01  3.95373e-01     6.036e-04
 4.08000e-01 -1.68000e-01  3.95373e-01     6.036e-04
 5.10000e-01 -1.68000e-01  3.95373e-01     0.000e+00
-5.10000e-01 -1.26000e-01  3.95373e-01     0.000e+00
-4.08000e-01 -1.26000e-01  3.95373e-01     6.072e-04
-3.06000e-01 -1.26000e-01  3.95373e-01     6.072e-04
-2.04000e-01 -1.26000e-01  3.95373e-01     6.072e-04
-1.02000e-01 -1.26000e-01  3.95373e-01     6.072e-04
 0.00000e+00 -1.26000e-01  3.95373e-01     6.072e-04
 1.02000e-01 -1.26000e-01  3.95373e-01     6.072e-04
 2.04000e-01 -1.26000e-01  3.95373e-01     6.072e-04
 3.06000e-01 -1.26000e-01  3.95373e-01     6.072e-04
 4.08000e-01 -1.26000e-01  3.95373e-01     6.072e-04
 5.10000e-01 -1.26000e-01  3.95373e-01     0.000e+00
-5.10000e-01 -8.40000e-02  3.95373e-01     0.000e+00
-4.08000e-01 -8.40000e-02  3.95373e-01     6.098e-04
-3.06000e-01 -8.40000e-02  3.95373e-01     6.098e-04
-2.04000e-01 -8.40000e-02  3.95373e-01     6.098e-04
-1.02000e-01 -8.40000e-02  3.95373e-01     6.098e-04
 0.00000e+00 -8.40000e-02  3.95373e-01     6.098e-04
 1.02000e-01 -8.40000e-02  3.95373e-01     6.098e-04
 2.04000e-01 -8.40000e-02  3.95373e-01     6.098e-04
 3.06000e-01 -8.40000e-02  3.95373e-01     6.098e-04
 4.08000e-01 -8.40000e-02  3.95373e-01     6.098e-04
 5.10000e-01 -8.40000e-02  3.95373e-01     0.000e+00
-5.10000e-01 -4.20000e-02  3.95373e-01     0.000e+00
-4.08000e-01 -4.20000e-02  3.95373e-01     6.114e-04
-3.06000e-01 -4.20000e-02  3.95373e-01     6.114e-04
-2.04000e-01 -4.20000e-02  3.95373e-01     6.114e-04
-1.02000e-01 -4.20000e-02  3.95373e-01     6.114e-04
 0.00000e+00 -4.20000e-02  3.95373e-01     6.114e-04
 1.02000e-01 -4.20000e-02  3.95373e-01     6.114e-04
 2.04000e-01 -4.20000e-02  3.95373e-01     6.114e-04
 3.06000e-01 -4.20000e-02  3.95373e-01     6.114e-04
 4.08000e-01 -4.20000e-02  3.95373e-01     6.114e-04
 5.10000e-01 -4.20000e-02  3.95373e-01     0.000e+00
-5.10000e-01  0.00000e+00  3.95373e-01     0.000e+00
-4.08000e-01  0.00000e+00  3.95373e-01     6.119e-04
-3.06000e-01  0.00000e+00  3.95373e-01     6.119e-04
-2.04000e-01  0.00000e+00  3.95373e-01     6.119e-04
-1.02000e-01  0.00000e+00  3.95373e-01     6.119e-04
 0.00000e+00  0.00000e+00  3.95373e-01     6.119e-04
 1.02000e-01  0.00000e+00  3.95373e-01     6.119e-04
 2.04000e-01  0.00000e+00  3.95373e-01     6.119e-04
 3.06000e-01  0.00000e+00  3.95373e-01     6.119e-04
 4.08000e-01  0.00000e+00  3.95373e-01     6.119e-04
 5.10000e-01  0.00000e+00  3.95373e-01     0.000e+00
-5.10000e-01  4.20000e-02  3.95373e-01     0.000e+00
-4.08000e-01  4.20000e-02  3.95373e-01     6.114e-04
-3.06000e-01  4.20000e-02  3.95373e-01     6.114e-04
-2.04000e-01  4.20000e-02  3.95373e-01     6.114e-04
-1.02000e-01  4.20000e-02  3.95373e-01     6.114e-04
 0.00000e+00  4.20000e-02  3.95373e-01     6.114e-04
 1.02000e-01  4.20000e-02  3.95373e-01     6.114e-04
 2.04000e-01  4.20000e-02  3.95373e-01     6.114e-04
 3.06000e-01  4.20000e-02  3.95373e-01     6.114e-04
 4.08000e-01  4.20000e-02  3.95373e-01     6.114e-04
 5.10000e-01  4.20000e-02  3.95373e-01     0.000e+00
-5.10000e-01  8.40000e-02  3.95373e-01     0.000e+00
-4.08000e-01  8.40000e-02  3.95373e-01     6.098e-04
-3.06000e-01  8.40000e-02  3.95373e-01     6.098e-04
-2.04000e-01  8.40000e-02  3.95373e-01     6.098e-04
-1.02000e-01  8.40000e-02  3.95373e-01     6.098e-04
 0.00000e+00  8.40000e-02  3.95373e-01     6.098e-04
 1.02000e-01  8.40000e-02  3.95373e-01     6.098e-04
 2.04000e-01  8.40000e-02  3.95373e-01     6.098e-04
 3.06000e-01  8.40000e-02  3.95373e-01     6.098e-04
 4.08000e-01  8.40000e-02  3.95373e-01     6.098e-04
 5.10000e-01  8.40000e-02  3.95373e-01     0.000e+00
-5.10000e-01  1.26000e-01  3.95373e-01     0.000e+00
-4.08000e-01  1.26000e-01  3.95373e-01     6.072e-04
-3.06000e-01  1.26000e-01  3.95373e-01     6.072e-04
-2.04000e-01  1.26000e-01  3.95373e-01     6.072e-04
-1.02000e-01  1.26000e-01  3.95373e-01     6.072e-04
 0.00000e+00  1.26000e-01  3.95373e-01     6.072e-04
 1.02000e-01  1.26000e-01  3.95373e-01     6.072e-04
 2.04000e-01  1.26000e-01  3.95373e-01     6.072e-04
 3.06000e-01  1.26000e-01  3.95373e-01     6.072e-04
 4.08000e-01  1.26000e-01  3.95373e-01     6.072e-04
 5.10000e-01  1.26000e-01  3.95373e-01     0.000e+00
-5.10000e-01  1.68000e-01  3.95373e-01     0.000e+00
-4.08000e-01  1.68000e-01  3.95373e-01     6.036e-04
-3.06000e-01  1.68000e-01  3.95373e-01     6.036e-04
-2.04000e-01  1.68000e-01  3.95373e-01     6.036e-04
-1.02000e-01  1.68000e-01  3.95373e-01     6.036e-04
 0.00000e+00  1.68000e-01  3.95373e-01     6.036e-04
 1.02000e-01  1.68000e-01  3.95373e-01     6.036e-04
 2.04000e-01  1.68000e-01  3.95373e-01     6.036e-04
 3.06000e-01  1.68000e-01  3.95373e-01     6.036e-04
 4.08000e-01  1.68000e-01  3.95373e-01     6.036e-04
 5.10000e-01  1.68000e-01  3.95373e-01     0.000e+00
-5.10000e-01  2.10000e-01  3.95373e-01     0.000e+00
-4.08000e-01  2.10000e-01  3.95373e-01     0.000e+00
-3.06000e-01  2.10000e-01  3.95373e-01     0.000e+00
-2.04000e-01  2.10000e-01  3.95373e-01     0.000e+00
-1.02000e-01  2.10000e-01  3.95373e-01     0.000e+00
 0.00000e+00  2.10000e-01  3.95373e-01     0.000e+00
 1.02000e-01  2.10000e-01  3.95373e-01     0.000e+00
 2.04000e-01  2.10000e-01  3.95373e-01     0.000e+00
 3.06000e-01  2.10000e-01  3.95373e-01     0.000e+00
 4.08000e-01  2.10000e-01  3.95373e-01     0.000e+00
 5.10000e-01  2.10000e-01  3.95373e-01     0.000e+00
-5.10000e-01 -2.10000e-01  3.99000e-01     0.000e+00
-4.08000e-01 -2.10000e-01  3.99000e-01     0.000e+00
-3.06000e-01 -2.10000e-01  3.99000e-01     0.000e+00
-2.04000e-01 -2.10000e-01  3.99000e-01     0.000e+00
-1.02000e-01 -2.10000e-01  3.99000e-01     0.000e+00
 0.00000e+00 -2.10000e-01  3.99000e-01     0.000e+00
 1.02000e-01 -2.10000e-01  3.99000e-01     0.000e+00
 2.04000e-01 -2.10000e-01  3.99000e-01     0.000e+00
 3.06000e-01 -2.10000e-01  3.99000e-01     0.000e+00
 4.08000e-01 -2.10000e-01  3.99000e-01     0.000e+00
 5.10000e-01 -2.10000e-01  3.99000e-01     0.000e+00
-5.10000e-01 -1.68000e-01  3.99000e-01     0.000e+00
-4.08000e-01 -1.68000e-01  3.99000e-01     5.964e-04
-3.06000e-01 -1.68000e-01  3.99000e-01     5.964e-04
-2.04000e-01 -1.68000e-01  3.99000e-01     5.964e-04
-1.02000e-01 -1.68000e-01  3.99000e-01     5.964e-04
 0.00000e+00 -1.68000e-01  3.99000e-01     5.964e-04
 1.02000e-01 -1.68000e-01  3.99000e-01     5.964e-04
 2.04000e-01 -1.68000e-01  3.99000e-01     5.964e-04
 3.06000e-01 -1.68000e-01  3.99000e-01     5.964e-04
 4.08000e-01 -1.68000e-01  3.99000e-01     5.964e-04
 5.10000e-01 -1.68000e-01  3.99000e-01     0.000e+00
-5.10000e-01 -1.26000e-01  3.99000e-01     0.000e+00
-4.08000e-01 -1.26000e-01  3.99000e-01     6.000e-04
-3.06000e-01 -1.26000e-01  3.99000e-01     6.000e-04
-2.04000e-01 -1.26000e-01  3.99000e-01     6.000e-04
-1.02000e-01 -1.26000e-01  3.99000e-01     6.000e-04
 0.00000e+00 -1.26000e-01  3.99000e-01     6.000e-04
 1.02000e-01 -1.26000e-01  3.99000e-01     6.000e-04
 2.04000e-01 -1.26000e-01  3.99000e-01     6.000e-04
 3.06000e-01 -1.26000e-01  3.99000e-01     6.000e-04
 4.08000e-01 -1.26000e-01  3.99000e-01     6.000e-04
 5.10000e-01 -1.26000e-01  3.99000e-01     0.000e+00
-5.10000e-01 -8.40000e-02  3.99000e-01     0.000e+00
-4.08000e-01 -8.40000e-02  3.99000e-01     6.026e-04
-3.06000e-01 -8.40000e-02  3.99000e-01     6.026e-04
-2.04000e-01 -8.40000e-02  3.99000e-01     6.026e-04
-1.02000e-01 -8.40000e-02  3.99000e-01     6.026e-04
 0.00000e+00 -8.40000e-02  3.99000e-01     6.026e-04
 1.02000e-01 -8.40000e-02  3.99000e-01     6.026e-04
 2.04000e-01 -8.40000e-02  3.99000e-01     6.026e-04
 3.06000e-01 -8.40000e-02  3.99000e-01     6.026e-04
 4.08000e-01 -8.40000e-02  3.99000e-01     6.026e-04
 5.10000e-01 -8.40000e-02  3.99000e-01     0.000e+00
-5.10000e-01 -4.20000e-02  3.99000e-01     0.000e+00
-4.08000e-01 -4.20000e-02  3.99000e-01     6.041e-04
-3.06000e-01 -4.20000e-02  3.99000e-01     6.041e-04
-2.04000e-01 -4.20000e-02  3.99000e-01     6.041e-04
-1.02000e-01 -4.20000e-02  3.99000e-01     6.041e-04
 0.00000e+00 -4.20000e-02  3.99000e-01     6.041e-04
 1.02000e-01 -4.20000e-02  3.99000e-01     6.041e-04
 2.04000e-01 -4.20000e-02  3.99000e-01     6.041e-04
 3.06000e-01 -4.20000e-02  3.99000e-01     6.041e-04
 4.08000e-01 -4.20000e-02  3.99000e-01     6.041e-04
 5.10000e-01 -4.20000e-02  3.99000e-01     0.000e+00
-5.10000e-01  0.00000e+00  3.99000e-01     0.000e+00
-4.08000e-01  0.00000e+00  3.99000e-01     6.047e-04
-3.06000e-01  0.00000e+00  3.99000e-01     6.047e-04
-2.04000e-01  0.00000e+00  3.99000e-01     6.047e-04
-1.02000e-01  0.00000e+00  3.99000e-01     6.047e-04
 0.00000e+00  0.00000e+00  3.99000e-01     6.047e-04
 1.02000e-01  0.00000e+00  3.99000e-01     6.047e-04
 2.04000e-01  0.00000e+00  3.99000e-01     6.047e-04
 3.06000e-01  0.00000e+00  3.99000e-01     6.047e-04
 4.08000e-01  0.00000e+00  3.99000e-01     6.047e-04
 5.10000e-01  0.00000e+00  3.99000e-01     0.000e+00
-5.10000e-01  4.20000e-02  3.99000e-01     0.000e+00
-4.08000e-01  4.20000e-02  3.99000e-01     6.041e-04
-3.06000e-01  4.20000e-02  3.99000e-01     6.041e-04
-2.04000e-01  4.20000e-02  3.99000e-01     6.041e-04
-1.02000e-01  4.20000e-02  3.99000e-01     6.041e-04
 0.00000e+00  4.20000e-02  3.99000e-01     6.041e-04
 1.02000e-01  4.20000e-02  3.99000e-01     6.041e-04
 2.04000e-01  4.20000e-02  3.99000e-01     6.041e-04
 3.06000e-01  4.20000e-02  3.99000e-01     6.041e-04
 4.08000e-01  4.20000e-02  3.99000e-01     6.041e-04
 5.10000e-01  4.20000e-02  3.99000e-01     0.000e+00
-5.10000e-01  8.40000e-02  3.99000e-01     0.000e+00
-4.08000e-01  8.40000e-02  3.99000e-01     6.026e-04
-3.06000e-01  8.40000e-02  3.99000e-01     6.026e-04
-2.04000e-01  8.40000e-02  3.99000e-01     6.026e-04
-1.02000e-01  8.40000e-02  3.99000e-01     6.026e-04
 0.00000e+00  8.40000e-02  3.99000e-01     6.026e-04
 1.02000e-01  8.40000e-02  3.99000e-01     6.026e-04
 2.04000e-01  8.40000e-02  3.99000e-01     6.026e-04
 3.06000e-01  8.40000e-02  3.99000e-01     6.026e-04
 4.08000e-01  8.40000e-02  3.99000e-01     6.026e-04
 5.10000e-01  8.40000e-02  3.99000e-01     0.000e+00
-5.10000e-01  1.26000e-01  3.99000e-01     0.000e+00
-4.08000e-01  1.26000e-01  3.99000e-01     6.000e-04
-3.06000e-01  1.26000e-01  3.99000e-01     6.000e-04
-2.04000e-01  1.26000e-01  3.99000e-01     6.000e-04
-1.02000e-01  1.26000e-01  3.99000e-01     6.000e-04
 0.00000e+00  1.26000e-01  3.99000e-01     6.000e-04
 1.02000e-01  1.26000e-01  3.99000e-01     6.000e-04
 2.04000e-01  1.26000e-01  3.99000e-01     6.000e-04
 3.06000e-01  1.26000e-01  3.99000e-01     6.000e-04
 4.08000e-01  1.26000e-01  3.99000e-01     6.000e-04
 5.10000e-01  1.26000e-01  3.99000e-01     0.000e+00
-5.10000e-01  1.68000e-01  3.99000e-01     0.000e+00
-4.08000e-01  1.68000e-01  3.99000e-01     5.964e-04
-3.06000e-01  1.68000e-01  3.99000e-01     5.964e-04
-2.04000e-01  1.68000e-01  3.99000e-01     5.964e-04
-1.02000e-01  1.68000e-01  3.99000e-01     5.964e-04
 0.00000e+00  1.68000e-01  3.99000e-01     5.964e-04
 1.02000e-01  1.68000e-01  3.99000e-01     5.964e-04
 2.04000e-01  1.68000e-01  3.99000e-01     5.964e-04
 3.06000e-01  1.68000e-01  3.99000e-01     5.964e-04
 4.08000e-01  1.68000e-01  3.99000e-01     5.964e-04
 5.10000e-01  1.68000e-01  3.99000e-01     0.000e+00
-5.10000e-01  2.10000e-01  3.99000e-01     0.000e+00
-4.08000e-01  2.10000e-01  3.99000e-01     0.000e+00
-3.06000e-01  2.10000e-01  3.99000e-01     0.000e+00
-2.04000e-01  2.10000e-01  3.99000e-01     0.000e+00
-1.02000e-01  2.10000e-01  3.99000e-01     0.000e+00
 0.00000e+00  2.10000e-01  3.99000e-01     0.000e+00
 1.02000e-01  2.10000e-01  3.99000e-01     0.000e+00
 2.04000e-01  2.10000e-01  3.99000e-01     0.000e+00
 3.06000e-01  2.10000e-01  3.99000e-01     0.000e+00
 4.08000e-01  2.10000e-01  3.99000e-01     0.000e+00
 5.10000e-01  2.10000e-01  3.99000e-01     0.000e+00
